:10400000207B002095C9000019C7000091C900005D
:1040100091C9000091C9000091C9000091C9000038
:1040200000000000000000000000000091C9000036
:1040300091C900000000000091C90000CB8D000074
:1040400001A7000075A6000019B60000C5A7000072
:1040500007C50000A7B100008DA7000007B200004F
:1040600077B1000000000000D7B1000000000000A0
:10407000C9BC0000000000000000000000000000BB
:104080000000000000000000000000000000000030
:104090000000000000000000000000000000000020
:1040A0000000000000000000000000000000000010
:1040B0000000000000000000000000000000000000
:1040C000FFFFFFFFFFFFFFFFFFFFFFFFFFFFFFFF00
:1040D000FFFFFFFFFFFFFFFFFFFFFFFFFFFFFFFFF0
:1040E000FFFFFFFFFFFFFFFFFFFFFFFFFFFFFFFFE0
:1040F000FFFFFFFFFFFFFFFFFFFFFFFFFFFFFFFFD0
:10410000FFFFFFFFFFFFFFFFFFFFFFFFFFFFFFFFBF
:10411000FFFFFFFFFFFFFFFFFFFFFFFFFFFFFFFFAF
:10412000FFFFFFFFFFFFFFFFFFFFFFFFFFFFFFFF9F
:10413000FFFFFFFFFFFFFFFFFFFFFFFFFFFFFFFF8F
:10414000FFFFFFFFFFFFFFFFFFFFFFFFFFFFFFFF7F
:10415000FFFFFFFFFFFFFFFFFFFFFFFFFFFFFFFF6F
:10416000FFFFFFFFFFFFFFFFFFFFFFFFFFFFFFFF5F
:10417000FFFFFFFFFFFFFFFFFFFFFFFFFFFFFFFF4F
:10418000FFFFFFFFFFFFFFFFFFFFFFFFFFFFFFFF3F
:10419000FFFFFFFFFFFFFFFFFFFFFFFFFFFFFFFF2F
:1041A000FFFFFFFFFFFFFFFFFFFFFFFFFFFFFFFF1F
:1041B000FFFFFFFFFFFFFFFFFFFFFFFFFFFFFFFF0F
:1041C000FFFFFFFFFFFFFFFFFFFFFFFFFFFFFFFFFF
:1041D000FFFFFFFFFFFFFFFFFFFFFFFFFFFFFFFFEF
:1041E000FFFFFFFFFFFFFFFFFFFFFFFFFFFFFFFFDF
:1041F000FFFFFFFFFFFFFFFFFFFFFFFFFFFFFFFFCF
:10420000FFFFFFFFFFFFFFFFFFFFFFFFFFFFFFFFBE
:10421000FFFFFFFFFFFFFFFFFFFFFFFFFFFFFFFFAE
:10422000FFFFFFFFFFFFFFFFFFFFFFFFFFFFFFFF9E
:10423000FFFFFFFFFFFFFFFFFFFFFFFFFFFFFFFF8E
:10424000FFFFFFFFFFFFFFFFFFFFFFFFFFFFFFFF7E
:10425000FFFFFFFFFFFFFFFFFFFFFFFFFFFFFFFF6E
:10426000FFFFFFFFFFFFFFFFFFFFFFFFFFFFFFFF5E
:10427000FFFFFFFFFFFFFFFFFFFFFFFFFFFFFFFF4E
:10428000FFFFFFFFFFFFFFFFFFFFFFFFFFFFFFFF3E
:10429000FFFFFFFFFFFFFFFFFFFFFFFFFFFFFFFF2E
:1042A000FFFFFFFFFFFFFFFFFFFFFFFFFFFFFFFF1E
:1042B000FFFFFFFFFFFFFFFFFFFFFFFFFFFFFFFF0E
:1042C000FFFFFFFFFFFFFFFFFFFFFFFFFFFFFFFFFE
:1042D000FFFFFFFFFFFFFFFFFFFFFFFFFFFFFFFFEE
:1042E000FFFFFFFFFFFFFFFFFFFFFFFFFFFFFFFFDE
:1042F000FFFFFFFFFFFFFFFFFFFFFFFFFFFFFFFFCE
:10430000FFFFFFFFFFFFFFFFFFFFFFFFFFFFFFFFBD
:10431000FFFFFFFFFFFFFFFFFFFFFFFFFFFFFFFFAD
:10432000FFFFFFFFFFFFFFFFFFFFFFFFFFFFFFFF9D
:10433000FFFFFFFFFFFFFFFFFFFFFFFFFFFFFFFF8D
:10434000FFFFFFFFFFFFFFFFFFFFFFFFFFFFFFFF7D
:10435000FFFFFFFFFFFFFFFFFFFFFFFFFFFFFFFF6D
:10436000FFFFFFFFFFFFFFFFFFFFFFFFFFFFFFFF5D
:10437000FFFFFFFFFFFFFFFFFFFFFFFFFFFFFFFF4D
:10438000FFFFFFFFFFFFFFFFFFFFFFFFFFFFFFFF3D
:10439000FFFFFFFFFFFFFFFFFFFFFFFFFFFFFFFF2D
:1043A000FFFFFFFFFFFFFFFFFFFFFFFFFFFFFFFF1D
:1043B000FFFFFFFFFFFFFFFFFFFFFFFFFFFFFFFF0D
:1043C000FFFFFFFFFFFFFFFFFFFFFFFFFFFFFFFFFD
:1043D000FFFFFFFFFFFFFFFFFFFFFFFFFFFFFFFFED
:1043E000FFFFFFFFFFFFFFFFFFFFFFFFFFFFFFFFDD
:1043F000FFFFFFFFFFFFFFFFFFFFFFFFFFFFFFFFCD
:10440000FFFFFFFFDFCEFFFFFCFF0F00FFFF0F00EE
:10441000FCFF0F00FFFF0F00FCFF0F00FFFF0F006E
:10442000FCFF0F20FFFF0F20FCFF7F40FFFF7F40BE
:10443000FCFF0D40FFFF0D40FFFFFFFF44F26470E3
:1044400044F26473C2F20000C2F2000310B583426A
:1044500005D040F20003C0F2000303B1984710BD3D
:1044600044F2647044F26473C2F20000C2F20003CA
:104470001B1A9A10D90F8918491010B529B140F2AA
:104480000003C0F2000303B1984710BD10B544F219
:104490007874C2F20004237873B9FFF7CFFF40F2BB
:1044A0000003C0F200032BB14FF29C20C0F20000C9
:1044B00000E000BF0123237010BDC04640F200039E
:1044C000C0F2000310B54BB144F27C714FF29C2056
:1044D000C2F20001C0F2000000E000BFFFF7C0FF21
:1044E00010BDC04600B58BB04EF20003C4F201030C
:1044F00040F210429A5CD3B292060CD4DA061AD477
:104500005A061FD4DA0724D54DF61400C0F2000075
:1045100001F017FC05E04DF2D870C0F2000001F088
:1045200010FC4EF20003C4F2010340F210420021DD
:1045300099540BB000BD4DF2EC70C0F2000001F0D8
:1045400000FCEEE74DF60000C0F2000001F0F9FBC0
:10455000E7E74DF62802C0F20002242101A808F086
:10456000BDFB01A801F0EDFBDBE710B5FFF7BAFFDB
:104570004EF6D063C0F200031C685968200005F0B5
:10458000E6FE08B10E2803D1200005F07DFE10BD27
:104590004DF64400C0F2000001F0D3FBF7E710B580
:1045A0004EF6D063C0F20003186805F06DFE10BD32
:1045B00070B582B005000800110040F61063B5FB2D
:1045C000F3F31A01D21A1401A41A24012C1B3C2261
:1045D000B4FBF2F4B5FBF2F21601B61AB600AD1B4D
:1045E0004DF65C02C0F200020195009408F076FBE3
:1045F00002B070BD10B544F29870C2F2000001F034
:10460000D8F84EF6F061C0F2000145F2E844C2F27B
:104610000004200007F004FB200007F0E7FA10BDBB
:10462000022808D844F29873C2F2000302308000D6
:10463000C2580132C250704730B50478457880784E
:1046400044F29873C2F200035A6801325A606CB99E
:10465000002D3BD123002B4393B988B144F29873CA
:10466000C2F200039A6A01329A6209E02B00034306
:1046700033B944F29873C2F200031A6A01321A6223
:10468000002C2DD1002D37D194B13DB130B944F279
:104690009873C2F20003DA690132DA6144B13DB1C4
:1046A00030B144F29873C2F20003DA6A0132DA627E
:1046B00001292BD0022931D0002937D144F2987337
:1046C000C2F200035A6B01325A6330BD0028C1D1D7
:1046D00044F29873C2F200035A6A01325A62B9E78F
:1046E000002DD2D10028D0D044F29873C2F200033A
:1046F0005A6901325A61C8E70028C5D044F298735C
:10470000C2F200039A6901329A61BDE744F29873DC
:10471000C2F200039A6B01329A63D6E744F29873AF
:10472000C2F20003DA6B0132DA63CEE744F2987327
:10473000C2F200031A6B01321A63C6E710B59CB0CF
:104740004DF67000C0F2000001F0FBFA44F29874DC
:10475000C2F200046068182202A9FFF729FF4DF693
:104760008402C0F2000202AB502108A808F0B6FA99
:1047700008A801F0E6FAA368E16820694DF69C02FA
:10478000C0F2000201900091502108A808F0A6FA9A
:1047900008A801F0D6FA206A182202A9FFF708FF3C
:1047A0004DF6C402C0F2000202AB502108A808F086
:1047B00095FA08A801F0C5FA606A182202A9FFF765
:1047C000F7FE4DF6D802C0F2000202AB502108A855
:1047D00008F084FA08A801F0B4FAA06A182202A925
:1047E000FFF7E6FE4DF6EC02C0F2000202AB5021EC
:1047F00008A808F073FA08A801F0A3FA6069182263
:1048000002A9FFF7D5FE4DF60012C0F2000202AB7E
:10481000502108A808F062FA08A801F092FAA069ED
:10482000182202A9FFF7C4FE4DF61412C0F20002CE
:1048300002AB502108A808F051FA08A801F081FA4B
:10484000E069182202A9FFF7B3FE4DF62812C0F264
:10485000000202AB502108A808F040FA08A801F0B5
:1048600070FAE06A182202A9FFF7A2FE4DF63C1288
:10487000C0F2000202AB502108A808F02FFA08A8E5
:1048800001F05FFA206B182202A9FFF791FE4DF6A6
:104890005412C0F2000202AB502108A808F01EFA20
:1048A00008A801F04EFA606B182202A9FFF780FEFB
:1048B0004DF66C12C0F2000202AB502108A808F0BD
:1048C0000DFA08A801F03DFAA06B182202A9FFF723
:1048D0006FFE4DF68412C0F2000202AB502108A810
:1048E00008F0FCF908A801F02CFAE06B182202A9E4
:1048F000FFF75EFE4DF69C12C0F2000202AB5021A3
:1049000008A808F0EBF908A801F01BFA4DF6B4105E
:10491000C0F2000001F015FA1CB010BD44F298700E
:10492000C2F200004BF2B663CBF2B663036070478D
:1049300010B544F29874C2F2000440220021200015
:1049400008F020FA4BF2B663CBF2B663236000F0B6
:1049500052FF10BD44F29473C2F2000301221A7098
:10496000704744F29473C2F200031B78D8B203B9C3
:10497000704744F29473C2F2000300221A70F7E702
:1049800010B54EF63C43C0F20003596845F264305E
:10499000C2F2000006F06DF810BDFFFF10B506284A
:1049A00000D9C5E080006E4B1B589F4645F2643429
:1049B000C2F20004002240F20621200005F0A6FF0A
:1049C000002240F20721200005F0A0FF002240F65F
:1049D0000F11200005F09AFF10BD45F26434C2F2B9
:1049E0000004002240F20621200005F08FFF002283
:1049F00040F20721200005F089FF012240F60F1147
:104A0000200005F083FFE7E745F26434C2F20004BA
:104A1000002240F20621200005F078FF012240F23A
:104A20000721200005F072FF012240F60F1120003F
:104A300005F06CFFD0E744F2D873C2F20003197896
:104A400001224A401A70012916D045F26434C2F29C
:104A50000004002240F20621200005F057FF00224A
:104A600040F20721200005F051FF002240F60F110F
:104A7000200005F04BFFAFE745F26434C2F20004BA
:104A8000012240F20621200005F040FF012240F201
:104A90000721200005F03AFF012240F60F11200007
:104AA00005F034FF98E745F26434C2F200040122B5
:104AB00040F20621200005F029FF002240F20721E4
:104AC000200005F023FF012240F60F11200005F021
:104AD0001DFF81E745F26434C2F20004012240F276
:104AE0000621200005F012FF012240F207212000DC
:104AF00005F00CFF002240F60F11200005F006FF24
:104B00006AE745F26434C2F20004012240F2062151
:104B1000200005F0FBFE012240F20721200005F0F5
:104B2000F5FE012240F60F11200005F0EFFE53E7DD
:104B300045F26434C2F20004012240F20621200052
:104B400005F0E4FE012240F20721200005F0DEFE20
:104B5000012240F60F11200005F0D8FE3CE7C046C8
:104B6000A0E9000044F2DC72C2F2000211784B1E90
:104B700099415378581E83415B189078421E9041AA
:104B8000C01870478170C170002200238280C280EB
:104B9000037243728372704710B582B001006B4696
:104BA000DC1D45F26430C2F20000220005F081FEF7
:104BB000207802B010BD10B5002401E00134E4B249
:104BC000022C0BD844F22063C2F200032201D05A17
:104BD000FFF7E2FF0028F1D1002000E0012010BD26
:104BE00010B504000088FFF7D7FF0022A272E27818
:104BF00082421ED00022A280E07000B1A070A37893
:104C0000FBB9E3884EF65F22934201D80A33E38072
:104C1000637A13B90133A3726372E28840F2E73317
:104C20009A4212D9237A83B90233A372013B2372C9
:104C30000BE0A388312B02D80A33A380DFE7A070F2
:104C4000DDE70023E3802372637210BD10B544F6E4
:104C5000E013C2F200031B7803B3332444F2DC7385
:104C6000C2F200039B78DBB91420012105F053FA4E
:104C700044F2DC73C2F200031B789BB914200121BB
:104C800005F067FA44F2DC73C2F200035B7803B903
:104C900014240021200005F07AFA10BD3C24DDE741
:104CA0002000E2E72000EAE710B50121002005F02E
:104CB00032FA0121002005F04CFA0021002005F015
:104CC00066FA0021002005F080FA0121002005F09D
:104CD0009AFA0021002005F0B4FA10BD70B54EF626
:104CE0003C43C0F20003596845F26430C2F2000050
:104CF00005F0BFFE44F2E473C2F2000340F22C124E
:104D00001A8044F2E273C2F2000300221A8044F2D5
:104D1000E073C2F200031A70002411E044F2206331
:104D2000C2F200032501E85AFFF736FF010044F202
:104D30002063C2F20003E818FFF724FF0134E4B255
:104D4000022CEBD970BD70B544F2E473C2F20003DB
:104D50001B883BB944F2E073C2F200031B786BB3CB
:104D6000002472E00A2B1BD944F2E472C2F2000262
:104D70000A3B13800024022C19D844F22063C2F2AB
:104D800000032501E85AFFF707FF010044F2206302
:104D9000C2F20003E818FFF7F5FE0134E4B2EAE7D7
:104DA00044F2E473C2F2000300221A80E2E744F204
:104DB000E273C2F2000300221A8048E0FFF7FBFE14
:104DC0000600002411E044F22063C2F20003250132
:104DD000E85AFFF7E1FE010044F22063C2F200034B
:104DE000E818FFF7CFFE0134E4B2022CEBD9D6B1BC
:104DF00044F2E273C2F200031B88312B05D844F25F
:104E0000E272C2F200020A33138044F2E273C2F289
:104E100000031B88312B1AD944F2E073C2F200035D
:104E200001221A7013E044F2E273C2F2000300227E
:104E30001A800CE0200144F22063C2F200039C4679
:104E40006044FFF7CDFE0134E4B2022CF2D970BD0C
:104E500070B5002432E0250165440023AB722BE0DD
:104E6000FFF7F4FE44F2E673C2F2000300221A8058
:104E700044F2E873C2F2000301321A7044F2DC73A8
:104E8000C2F20003187840B25A785200104340B280
:104E90009B789B001843C0B244F2DF73C2F2000358
:104EA0001B7883425DD12D0144F22063C2F20003DE
:104EB0009C4665440023AB720134E4B2022C00D955
:104EC000EFE02500230144F22062C2F20002944682
:104ED00063449B7A012BE6D144F2E873C2F20003EB
:104EE0001B78002BB7D144F2DC73C2F200031B5DC8
:104EF000FBBBFFF737FE060044F2DC73C2F200038F
:104F000001221A552000FFF78BFB44F64413C2F22E
:104F1000000300221A6044F63C13C2F200031A7028
:104F200044F63B13C2F200031A7003F0E3F903F0F6
:104F300003F803F0B4F9002E92D0022C07D05CB134
:104F4000012C9BD100213C2005F021F996E701219D
:104F50003C2005F0E0F891E701213C2005F0F9F84C
:104F60008CE744F2DF73C2F20003187000F0F6FC25
:104F700099E7FFF7F7FD012855D9022C20D084B31B
:104F8000012C3FD044F2DC73C2F20003187840B227
:104F90005A785200104340B29B789B001843C0B22D
:104FA00044F2DF73C2F200031B78834200D17AE738
:104FB00044F2DF73C2F20003187000F0CFFC72E716
:104FC0000121142005F0A7F844F26063C2F2000347
:104FD0003C221A6044F2DC73C2F2000300221A552C
:104FE000D0E70121142005F0B4F844F25C63C2F26A
:104FF00000033C221A6044F2DC73C2F20003002278
:105000001A55BFE70021142005F0C1F844F2586397
:10501000C2F200033C221A6044F2DC73C2F20003C5
:1050200000221A55AEE745F26430C2F200000022B9
:1050300040F60D1105F06AFC022C1DD01CB3012CAA
:1050400028D044F25063C2F200031C7044F2E673AD
:10505000C2F2000300221A8044F2E873C2F2000395
:1050600002321A70002000F079FC44F2DF73C2F2C1
:10507000000300221A7016E744F26063C2F20003D4
:105080003C221A60DDE744F25C63C2F200033C227A
:105090001A60D6E744F25863C2F200033C221A6059
:1050A000CFE770BD10B544F2E873C2F2000319787F
:1050B000B1B144F2E672C2F20002138801339BB22E
:1050C0001380092B0CD9130000221A80012908D063
:1050D000022910D044F2E873C2F2000300221A70D1
:1050E00010BD45F26430C2F20000013240F60D11ED
:1050F00005F00CFCEEE744F25064C2F2000400221A
:10510000A25644F2DC73C2F2000300219954FFF767
:10511000CBFDFF232370DDE744F2DC73C2F2000312
:105120001B786BB944F2DC73C2F200035B7853B9AD
:1051300044F2DC73C2F200039B7833B1012000E03B
:105140000120C0B270470120FBE70020F9E770B5ED
:1051500004000D00022800D901E144F2E873C2F214
:1051600000031B78002B00D0FBE000296BD044F239
:10517000DC73C2F200031B5C0BB10800F0E0FFF728
:10518000F1FC060044F2DC73C2F2000301221A555E
:105190002000FFF745FA44F64413C2F20003002250
:1051A0001A6044F63C13C2F200031A7044F63B1333
:1051B000C2F200031A7003F09DF802F0BDFE03F086
:1051C0006EF84EB1022C2BD07CB3012C12D10021F1
:1051D0003C2004F0DCFF0DE0FFF738FD44F2E673FD
:1051E000C2F2000300221A8044F2E873C2F2000304
:1051F00001321A7044F2DC73C2F2000318785A7854
:105200005200104340B29B789B001843C0B244F256
:10521000DF73C2F200031B7883420BD128009FE0AA
:1052200001213C2004F077FFE4E701213C2004F059
:1052300090FFDFE744F2DF73C2F20003187000F062
:105240008DFB28008CE044F2DC73C2F200031B5C8F
:105250000BB9012084E0FFF785FC012843D9022C1B
:1052600022D064BB0121142004F073FF44F25C637C
:10527000C2F200033C221A6044F2DC73C2F2000363
:1052800000221A5518785A785200104340B29B7881
:105290009B001843C0B244F2DF73C2F200031B78D4
:1052A000834217D101205BE00121142004F033FF79
:1052B00044F26063C2F200033C221A60DCE7002182
:1052C000142004F064FF44F25863C2F200033C224D
:1052D0001A60D1E744F2DF73C2F20003187000F0E5
:1052E0003DFB01203CE045F26430C2F200000022A8
:1052F00040F60D1105F00AFB022C07D044BB44F226
:105300005C63C2F200033C221A6005E044F2606371
:10531000C2F200033C221A6044F25063C2F200035E
:105320001C7044F2E673C2F2000300221A8044F2B9
:10533000E873C2F2000302321A70002000F00EFB84
:1053400044F2DF73C2F2000300221A70012007E06A
:1053500044F25863C2F200033C221A60DCE70020EA
:1053600070BD0020FCE770B5040044F2E873C2F29F
:1053700000031B78002B00D0ACE0002855D044F28D
:10538000DC73C2F200031B7863B144F2DC73C2F237
:1053900000035B7833B144F2DC73C2F200039B7804
:1053A000002B41D1FFF7DEFB060044F2DC73C2F2B2
:1053B000000301221A705A709A70002503E0E8B2C7
:1053C000FFF72EF90135022DF9DD44F64413C2F240
:1053D000000300221A6044F63C13C2F200031A7064
:1053E00044F63B13C2F200031A7002F083FF02F08E
:1053F000A3FD02F054FFFFF729FC5EB944F2E67307
:10540000C2F2000300221A8044F2E873C2F20003E1
:1054100001321A70072000F0A1FA44F2DF73C2F2E1
:10542000000307221A70200070BDFFF79BFB08B92C
:105430000120F9E745F26430C2F20000002240F694
:105440000D1105F063FA44F2DC73C2F200039B789D
:105450002BB144F26063C2F200033C221A6044F2B2
:10546000DC73C2F200031B782BB144F25C63C2F21E
:1054700000033C221A6044F2DC73C2F200035B7842
:105480002BB144F25863C2F200033C221A6044F28A
:10549000DC72C2F20002002313705370937044F266
:1054A0005062C2F20002137044F2E672C2F20002CD
:1054B000138044F2E873C2F2000302221A70002043
:1054C00000F04CFA44F2DF73C2F2000300221A70BB
:1054D0000120A9E70020A7E710B582B06B46DC1DCC
:1054E00045F26430C2F20000220040F2074105F0AC
:1054F000E0F92378012B07D044F2D973C2F20003FC
:1055000000221A7002B010BD44F2D973C2F2000337
:105510001B78042B05D844F2D972C2F20002013381
:10552000137044F2D973C2F200031B78042BE9D93B
:105530004DF6C810C0F2000000F003FC022003F09A
:105540009BFBDFE710B500F019FA00B9013001222A
:105550001100014044F2DC73C2F2000319704110E3
:105560001140597081100A409A7048B344F2DC73BC
:10557000C2F200039B7823B33C20012104F0CBFD51
:1055800044F2DC73C2F200031B78E3B13C2001213A
:1055900004F0DFFD44F2DC73C2F200035B78A3B1D8
:1055A0003C20002104F0F3FD44F2E673C2F2000354
:1055B00000221A8044F2E873C2F2000301321A702A
:1055C00010BD1420D9E71420E1E71420E9E710B555
:1055D00044F2EC70C2F200000021C4F21001C022BB
:1055E00007F01CFC10BD10B50021C4F2100145F2FB
:1055F000A040C2F20000032206F068FA040088B955
:105600000022C4F2100244F2EC71C2F2000145F231
:10561000A040C2F20000C02306F07AFA040040B9AC
:10562000200010BD4DF6F010C0F2000000F089FB24
:10563000F6E74DF60C20C0F2000000F082FBEFE729
:1056400010B54EF6BC61C0F2000145F2A040C2F2B6
:10565000000006F052F910BD70B584B006000D00D0
:105660001400FFF7B4FF01AB4AF2A552CAF2A552EB
:1056700001929E80DD801C8100225A8144F2EC72EE
:10568000C2F2000231CB31C2FFF7ADFF04B070BDF2
:1056900030B50023C4F210031C684AF2A553CAF2C5
:1056A000A5539C420DD10023C4F2100304255C5F76
:1056B00004800624185F088008215B5E13800020A8
:1056C00030BD2120FCE7F0B585B007000E001500C5
:1056D000FFF77DFF6C4645F65A23C5F65A23009323
:1056E0006760A660E56044F2EC73C2F20003103319
:1056F00007CC07C322681A60FFF775FF05B0F0BD3D
:1057000010B51023C4F210031C6845F65A23C5F6E1
:105710005A239C420AD11023C4F210035C6804602F
:1057200098680860DB681360002010BD2120FCE74A
:1057300010B50400E0B12023C4F210031A684CF243
:10574000C333CCF2C3339A4207D12021C4F21001F3
:10575000242207F063FB002010BD2422002107F063
:1057600011FB4CF2C333CCF2C33323602120F3E7A7
:105770000320F1E710B58AB0FFF729FF01AC24221E
:105780000021200007F0FEFA4CF2C333CCF2C33301
:10579000019344F2EC73C2F200032033200016C8D8
:1057A00016C316C816C316C816C3FFF71CFF0AB0E7
:1057B00010BD10B50400E0B14023C4F210031A6814
:1057C0004BF2B663CBF2B6639A4207D14021C4F2E2
:1057D0001001402207F022FB002010BD40220021D2
:1057E00007F0D0FA4BF2B663CBF2B6632360212008
:1057F000F3E70320F1E700B591B0FFF7E8FE4022A0
:105800000021684607F0BEFA4BF2B663CBF2B663EE
:10581000009344F2EC70C2F200004030402269462E
:1058200007F0FCFAFFF7DFFE11B000BDF0B58BB05A
:1058300004000D00FFF7CBFE01A91B4B0A00C1CBF2
:10584000C1C243CB43C243CB43C2019A4CF2C333E0
:10585000CCF2C3339A421CD1029B01330293052C34
:1058600005D801AA0234A400A3580133A35001AA09
:105870000D4B13CA13C313CA13C313CA13C325B1E1
:105880000A484022290007F0C9FAFFF7ACFE0BB026
:10589000F0BD2422002101A807F074FA4CF2C333B2
:1058A000CCF2C3330193D7E70C4800202C480020EA
:1058B00010B50400E0B18023C4F210031A684DF261
:1058C000D443CDF2D4439A4207D18021C4F21001CF
:1058D000402207F0A3FA002010BD4022002107F06B
:1058E00051FA4DF2D443CDF2D44323602120F3E7A3
:1058F0000320F1E710B5040048B1FFF768FE054842
:105900004022210007F08AFAFFF76DFE10BD032048
:10591000FCE7C0466C48002000B591B04022002151
:10592000684607F02FFA4DF2D443CDF2D4430093EA
:1059300001236A46D371D3724DF62821C0F20001CB
:105940001F2205A807F044FA0C2200210DA807F039
:1059500019FA6846FFF7CEFF11B000BD10B590B040
:1059600004006846FFF7A4FF08B1212804D16B4664
:105970001C736846FFF7BEFF10B010BD00B591B0B4
:105980006846FFF795FF18B96B46187B11B000BD4C
:105990000020FBE710B544F2EC70C2F20000C02218
:1059A000FF2107F0EFF9FFF71EFE10BDBFF34F8F89
:1059B0004EF60053CEF200030422C0F2FA52DA602F
:1059C000BFF34F8FC046FDE710B504004DF6302100
:1059D000C0F200010D2207F0EAF9002800D124E10D
:1059E0004DF64021C0F20001200007F00DFA00281A
:1059F00000D11CE14DF65021C0F200010A22200026
:105A000007F0D5F9002800D113E14DF65C21C0F272
:105A100000010922200007F0CAF9002800D10AE19C
:105A20004DF66821C0F200010A22200007F0BFF9FC
:105A3000002800D101E14DF67421C0F200012000E0
:105A400007F0E2F9002800D1F9E04DF68021C0F21C
:105A50000001200007F0D8F9002800D1F1E04DF650
:105A60008C21C0F20001200007F0CEF9002800D1FF
:105A7000E9E04DF69821C0F20001200007F0C4F9DA
:105A8000002800D1E1E04DF6A421C0F20001200081
:105A900007F0BAF9002800D1D9E04DF6AC21C0F2E8
:105AA0000001200007F0B0F9002800D1D1E04DF648
:105AB000B821C0F20001200007F0A6F9002800D1AB
:105AC000C9E04DF6C821C0F20001200007F09CF9A2
:105AD000002800D1C1E04DF6DC21C0F20001200019
:105AE00007F092F9002800D1B9E04DF6E021C0F2AC
:105AF0000001200007F088F9002800D1B1E04DF640
:105B0000E421C0F20001200007F07EF9002800D156
:105B1000A9E04DF6E821C0F20001200007F074F979
:105B2000002800D1A1E04DF6EC21C0F200010D22C9
:105B3000200007F03CF9002800D198E04DF6FC2148
:105B4000C0F200010922200007F031F9002800D13D
:105B50008FE04DF60831C0F20001200007F054F943
:105B6000002800D187E04DF61831C0F20001200076
:105B700007F04AF9002800D17FE04DF62C31C0F241
:105B80000001200007F040F9002800D177E04DF631
:105B90003C31C0F20001200007F036F9002800D1A6
:105BA0006FE04DF64C31C0F20001200007F02CF9F7
:105BB000002868D04DF65C31C0F20001200007F0EB
:105BC00023F9002861D04DF66831C0F200012000B1
:105BD00007F01AF900285AD04DF67C31C0F20001C6
:105BE0000A22200007F0E3F8002852D04DF6883151
:105BF000C0F200010922200007F0D9F800284AD09D
:105C00004DF69431C0F200010A22200007F0CFF8CF
:105C1000002842D04DF6A031C0F20001200007F06C
:105C2000F3F800283BD0002000E0012010BD022046
:105C3000FCE70320FAE70420F8E70520F6E7062052
:105C4000F4E70720F2E70820F0E70920EEE70A2052
:105C5000ECE71120EAE70B20E8E70C20E6E70D204F
:105C6000E4E70E20E2E70F20E0E71020DEE7132054
:105C7000DCE71220DAE71420D8E71520D6E7162053
:105C8000D4E71720D2E71820D0E71920CEE71A2052
:105C9000CCE71B20CAE71C20C8E71D20C6E71E2052
:105CA000C4E710B54EF64841C0F2000145F26C3031
:105CB000C2F2000004F05DFC60B944F6B801C2F223
:105CC000000145F26C30C2F20000202204F071FBAA
:105CD00078B910BD4DF6A433C0F200034EF6682229
:105CE000C0F200024DF6B830C0F20000912106F07B
:105CF000D8FC4DF6A433C0F200034EF66822C0F281
:105D000000024DF6B830C0F20000932106F0C9FC45
:105D10000379022B0ED0042B0BD144F6B403C2F24C
:105D2000000301221A7044F6B003C2F200031F32CE
:105D30001A60704744F25163C2F2000301221A70E4
:105D4000F7E710B5040010B10023C35603B910BD26
:105D500044F25163C2F2000300221A7007F067F8A0
:105D6000020045F26C30C2F20000210004F026FB74
:105D700048F28042C0F21E0201E0013AC04644F2FD
:105D80005163C2F200031B780BB9002AF5D1FEF76C
:105D900006FCDCE7F0B5C64600B5BCB044F6E4014D
:105DA000C2F2000144F6B803C2F200030A0031CB8C
:105DB00031C213CB13C203CB03C200231F2B12D853
:105DC000190044F6E402C2F20002D2560D2A04D0B1
:105DD0000A2A02D001339BB2F0E744F6E403C2F290
:105DE000000300225A5444F6E400C2F2000007F017
:105DF0001EF8013806E044F6E403C2F20003002274
:105E00001A540138002808DB44F6E403C2F2000308
:105E10001B56202BEFD0092BEDD044F6E400C2F244
:105E20000000FFF7D1FD1E2800D9CCE08000D34B45
:105E30001B589F464DF61C41C0F20001D04806F0A9
:105E4000E3FF78B944F6AC03C2F2000300221A70F3
:105E50005A709A70DA704DF62440C0F20000FFF7D5
:105E600070FFB0E04DF63840C0F20000FFF769FF68
:105E7000A9E044F6AC03C2F200031B7833B14DF63F
:105E80006040C0F20000FFF75CFF9CE04DF624404C
:105E9000C0F20000FFF755FF95E044F6AC03C2F2F4
:105EA00000031B7833B14DF67040C0F20000FFF7DD
:105EB00048FF88E0B34806F06BFE40F6E4439842A2
:105EC00011D844F6E003C2F20003186044F6AC03B4
:105ED000C2F2000301225A704DF68C40C0F200005D
:105EE000FFF72FFF6FE04DF69840C0F20000FFF77C
:105EF00028FF68E044F6AC03C2F200031B7833B11C
:105F00004DF67040C0F20000FFF71BFF5BE09E48BB
:105F100006F03EFE40F6E443984211D844F6DC0316
:105F2000C2F20003186044F6AC03C2F2000301227F
:105F30009A704DF68C40C0F20000FFF702FF42E07D
:105F40004DF69840C0F20000FFF7FBFE3BE044F640
:105F5000AC03C2F200031B7833B14DF67040C0F2BF
:105F60000000FFF7EEFE2EE0864806F011FE40F638
:105F7000E443984211D844F6D803C2F200031860F3
:105F800044F6AC03C2F200030122DA704DF68C40F5
:105F9000C0F20000FFF7D5FE15E04DF69840C0F2C4
:105FA0000000FFF7CEFE0EE044F6E003C2F200036D
:105FB0001A684DF6A441C0F200011CA806F0C2FE0A
:105FC0001CA8FFF7BEFE44F6AC03C2F200031B7828
:105FD000A3B944F6AC03C2F200035B7873B144F694
:105FE000AC03C2F200039B7843B144F6AC03C2F2A7
:105FF0000003DB78002B01D000F0FDFF44F6B8046D
:10600000C2F2000420220021200006F0BBFE45F26F
:106010006C30C2F200002022210004F0CAF93CB02A
:1060200080BCB846F0BD44F6DC03C2F200031A6837
:106030004DF6B441C0F200011CA806F083FE1CA876
:10604000FFF77FFEBFE744F6D803C2F200031A68E9
:106050004DF6C441C0F200011CA806F073FE1CA856
:10606000FFF76FFEAFE744F6E003C2F200031A68E1
:106070004DF6D441C0F200011CA806F063FE1CA836
:10608000FFF75FFE44F6DC03C2F200031A684DF628
:10609000E441C0F200011CA806F054FE1CA8FFF762
:1060A00050FE44F6D803C2F200031A684DF6F441DC
:1060B000C0F200011CA806F045FE1CA8FFF741FE37
:1060C00081E744F6AC03C2F200031B7833B94DF606
:1060D0000450C0F20000FFF734FE74E744F6E0031A
:1060E000C2F20003186844F6DC03C2F20003196828
:1060F00044F6D803C2F200031A68FFF7E4FA30B995
:106100004DF63050C0F20000FFF71BFE5BE74DF686
:106110004050C0F20000FFF714FE54E744F6AC0311
:10612000C2F200031B788BBB44F6E002C2F200020D
:10613000136044F6DC02C2F20002136044F6D80297
:10614000C2F20002136044F6AC02C2F200025370C5
:106150009370D370002200210020FFF7B4FA30B909
:106160004DF65450C0F20000FFF7EBFD2BE74DF663
:106170007850C0F20000FFF7E4FD24E7BCE900001E
:10618000F1480020EE480020ED4800204DF6704018
:10619000C0F20000FFF7D5FD15E745F24A33C2F221
:1061A000000301221A7045F24833C2F200030022B4
:1061B0001A8045F23C33C2F200031A605A609A60BA
:1061C0004DF69050C0F20000FFF7BBFDFBE60CAAB5
:1061D00006A905A8FFF75CFAA0B906AB00229B5EF2
:1061E00005AA0021525E4DF6AC51C0F200010CA888
:1061F0000024005F00901CA806F0A4FD1CA8FFF777
:10620000A0FDE0E64DF6CC50C0F20000FFF799FD8E
:10621000D9E645F23733C2F2000300221A704DF678
:10622000E450C0F20000FFF78CFDCCE645F23733B6
:10623000C2F2000301221A704DF60460C0F20000A1
:10624000FFF77FFDBFE645F23733C2F200030222BB
:106250001A704DF62460C0F20000FFF772FDB2E63E
:1062600045F23733C2F2000303221A704DF6446040
:10627000C0F20000FFF765FDA5E6814806F088FC46
:10628000020040F2F41398420FD844F25C63C2F269
:10629000000318604DF66461C0F200011CA806F00E
:1062A00051FD1CA8FFF74DFD8DE64DF67860C0F25C
:1062B0000000FFF746FD86E6724806F069FC0128FB
:1062C0000DD0C8B944F6B503C2F2000300221A701B
:1062D0004DF6A860C0F20000FFF733FD73E644F608
:1062E000B503C2F2000301221A704DF69460C0F2A9
:1062F0000000FFF726FD66E64DF69840C0F200006C
:10630000FFF71FFD5FE6604806F042FC01280DD054
:10631000C8B945F23A33C2F2000300221A704DF6B2
:10632000D060C0F20000FFF70CFD4CE645F23A33B6
:10633000C2F2000301221A704DF6BC60C0F20000E8
:10634000FFF7FFFC3FE64DF69840C0F20000FFF774
:10635000F8FC38E60CA8FFF7EBF921280DD00D9BCF
:106360004DF60072C0F2000280211CA806F0B6FCB7
:106370001CA8FFF7E6FC00241EE04DF6E460C0F226
:106380000000FFF7DEFC1EE64EF67C23C0F20003A1
:10639000A200D358A21C92000CA951584DF61C72B1
:1063A000C0F20002009180211CA806F097FC1CA8F6
:1063B000FFF7C7FC0134E4B2052CE5D903E644F647
:1063C000AC03C2F200031B7833B14DF67040C0F24B
:1063D0000000FFF7B6FCF6E5FFF7CCF930B94DF653
:1063E0003470C0F20000FFF7ACFCECE54DF65070E5
:1063F000C0F20000FFF7A5FCE5E5FEF79FF9E2E536
:1064000044F6AC03C2F200031B7833B14DF6704082
:10641000C0F20000FFF795FCD5E5FEF789FA4DF6CE
:106420006C70C0F20000FFF78CFCCCE54DF6847078
:10643000C0F20000FFF785FC02F0B8F8C3E544F6AF
:10644000AC03C2F200031B7833B14DF67040C0F2CA
:106450000000FFF776FCB6E5FEF7A1F8FFF79AFA21
:1064600030B94DF69C70C0F20000FFF76AFCAAE557
:106470004DF6B870C0F20000FFF763FCA3E5C0461C
:10648000F1480020ED480020EE4800204DF6CC7089
:10649000C0F20000FFF755FCFEF781F84DF6F470EE
:1064A000C0F20000FFF74DFC0CA8FFF701FA21280D
:1064B00000D1B4E00CAC4EF22802C0F2000211ABE5
:1064C00050211CA806F00AFC1CA8FFF73AFC23790F
:1064D0006179A079E5794EF23C02C0F200020295A2
:1064E0000190009150211CA806F0F8FB1CA8FFF7B2
:1064F00028FC237A617AA07AE57A4EF25802C0F23B
:10650000000202950190009150211CA806F0E6FBC4
:106510001CA8FFF716FC3423E356002B00D185E0BE
:1065200019AB4EF27402C0F2000250211CA806F012
:10653000D5FB1CA8FFF705FCFEF731F84EF28C00E6
:10654000C0F20000FFF7FDFB0CAA06A905A8FFF7A3
:106550009FF821286FD005AB00229B5E4EF2C4024B
:10656000C0F200020CA90020095E019106A90020DA
:10657000095E009150211CA806F0B0FB1CA8FFF793
:10658000E0FBFEF70CF84EF2E400C0F20000FFF76B
:10659000D8FB0CAA06A905A8FFF7B2F8212851D00C
:1065A0000C9B4EF21C12C0F2000250211CA806F0F7
:1065B00095FB1CA8FFF7C5FB069B4EF23012C0F2FC
:1065C000000250211CA806F089FB1CA8FFF7B9FBAC
:1065D000059B4EF24412C0F2000250211CA806F0A6
:1065E0007DFB1CA8FFF7ADFBFDF7D9FF4EF258105D
:1065F000C0F20000FFF7A5FB0CA8FFF799F82128CF
:1066000027D00D9B4EF28C12C0F2000250211CA824
:1066100006F064FB1CA8FFF794FB002438E04EF260
:106620001000C0F20000FFF78CFB85E74DF6DC336D
:10663000C0F2000375E74EF2AC00C0F20000FFF7B5
:1066400080FB9EE74EF20410C0F20000FFF779FBDA
:10665000CAE74EF27410C0F20000FFF772FB19E0B7
:106660004EF65023C0F20003A200D358A21C9200A1
:106670000CA951584EF2A012C0F200020091502114
:106680001CA806F02BFB1CA8FFF75BFB0134E4B24F
:10669000052CE5D9FDF783FF4EF2B010C0F20000E3
:1066A000FFF74FFB0CA8FFF784F8212800D1D0E1B9
:1066B0000D9940F61065B1FBF5F31801C01A0201FF
:1066C000121A12018A1A3C24B2FBF4F2B1FBF4F65E
:1066D0003001801B8000091A4EF2EC16C0F2000651
:1066E000019100923200182106A806F0F7FA4EF246
:1066F0000022C0F2000206AB50211CA806F0EEFA00
:106700001CA8FFF71EFB0E9B0F9910984EF21C223F
:10671000C0F200020190009150211CA806F0DEFAA0
:106720001CA8FFF70EFB1499B1FBF5F31801C01A72
:106730000201121A12018A1AB2FBF4F2B1FBF4F749
:106740003801C01B8000091A019100923200182103
:1067500006A806F0C3FA4EF24422C0F2000206ABCD
:1067600050211CA806F0BAFA1CA8FFF7EAFA1599FE
:10677000B1FBF5F31801C01A0201121A12018A1AAC
:10678000B2FBF4F2B1FBF4F73801C01B8000091A28
:10679000019100923200182106A806F09FFA4EF2ED
:1067A0006422C0F2000206AB50211CA806F096FA43
:1067B0001CA8FFF7C6FA1699B1FBF5F31801C01A29
:1067C0000201121A12018A1AB2FBF4F2B1FBF4F7B9
:1067D0003801C01B8000091A019100923200182173
:1067E00006A806F07BFA4EF28422C0F2000206AB45
:1067F00050211CA806F072FA1CA8FFF7A2FA119902
:10680000B1FBF5F31801C01A0201121A12018A1A1B
:10681000B2FBF4F2B1FBF4F73801C01B8000091A97
:10682000019100923200182106A806F057FA4EF2A4
:10683000A422C0F2000206AB50211CA806F04EFABA
:106840001CA8FFF77EFA1299B1FBF5F31801C01AE4
:106850000201121A12018A1AB2FBF4F2B1FBF4F728
:106860003801C01B8000091A0191009232001821E2
:1068700006A806F033FA4EF2C822C0F2000206ABB8
:1068800050211CA806F02AFA1CA8FFF75AFA1399FF
:10689000B1FBF5F31801C01A0201121A12018A1A8B
:1068A000B2FBF4F2B1FBF4F73801C01B8000091A07
:1068B000019100923200182106A806F00FFA4EF25C
:1068C000EC22C0F2000206AB50211CA806F006FA2A
:1068D0001CA8FFF736FA1799B1FBF5F31801C01A97
:1068E0000201121A12018A1AB2FBF4F2B1FBF4F798
:1068F0003801C01B8000091A019100923200182152
:1069000006A806F0EBF94EF21032C0F2000206AB18
:1069100050211CA806F0E2F91CA8FFF712FA1899FA
:10692000B1FBF5F31801C01A0201121A12018A1AFA
:10693000B2FBF4F2B1FBF4F73801C01B8000091A76
:10694000019100923200182106A806F0C7F94EF214
:106950003432C0F2000206AB50211CA806F0BEF98A
:106960001CA8FFF7EEF91999B1FBF5F31801C01A4D
:106970000201121A12018A1AB2FBF4F2B1FBF4F707
:106980003801C01B8000091A0191009232001821C1
:1069900006A806F0A3F94EF25432C0F2000206AB8C
:1069A00050211CA806F09AF91CA8FFF7CAF91A99F9
:1069B000B1FBF5F31801C01A0201121A12018A1A6A
:1069C000B2FBF4F2B1FBF4F73801C01B8000091AE6
:1069D000019100923200182106A806F07FF94EF2CC
:1069E0007432C0F2000206AB50211CA806F076F902
:1069F0001CA8FFF7A6F91B99B1FBF5F31801C01A03
:106A00000201121A12018A1AB2FBF4F2B1FBF4F479
:106A10002001001B8000091A019100923200182108
:106A200006A806F05BF94EF29432C0F2000206AB03
:106A300050211CA806F052F91CA8FFF782F9FDF7B7
:106A4000AEFD4EF2B430C0F20000FFF77AF9FFF766
:106A5000BAFA4EF2D410C0F20000FFF772F9EEE776
:106A60004EF2DC31C0F20001D74806F0CDF9040047
:106A7000002800D187E04EF20C41C0F20001D2485C
:106A800006F0C2F9002800D18FE04EF23C41C0F27E
:106A90000001CD48042206F08AF90400002800D045
:106AA000D8E044F6E403C2F200039B7B5BB22C2BDC
:106AB00000D0C3E044F6E403C2F20003DB7B5BB228
:106AC000002B00D1BAE04EF24441C0F20001BF48B1
:106AD00006F09AF90400002800D195E04EF24841F2
:106AE000C0F20001B94806F08FF9002800D18AE011
:106AF0004EF24C41C0F20001B44806F085F900287E
:106B000079D1022480E04DF60845C0F200051CE072
:106B10004DF6E435C0F2000517E04DF6F035C0F251
:106B2000000512E04DF6F835C0F200050DE04DF617
:106B3000FC35C0F2000508E04DF61045C0F2000536
:106B400003E04DF6E835C0F20005FDF728FD4EF6EE
:106B5000A023C0F20003A100CB584EF69422C0F24D
:106B6000000289584EF2E432C0F20002029101960E
:106B7000009550211CA806F0B1F81CA8FFF7E1F819
:106B8000FDF70DFD0134022C01DDFFF71CFAE5B223
:106B9000280000F03BFB0600280000F03FFB052822
:106BA000B1D880008A4B1B589F4600F019FBD0B12A
:106BB000FDF7F5FC4EF21440C0F20000FFF7C1F8FB
:106BC00044F6AC03C2F2000301221A705A709A70A4
:106BD000DA70FDF7E4FC4DF66040C0F20000FFF70C
:106BE000B0F8FFF7F0F94EF22840C0F20000FFF7CE
:106BF000A8F8FFF7E8F94EF25040C0F20000FFF7A6
:106C0000A0F8FFF7E0F90124E0B200F011FB4EF626
:106C1000A023C0F20003A400E3584EF27042C0F279
:106C2000000228211CA806F059F81CA8FFF789F8D3
:106C3000FFF7C9F9E0B200F0FBFA0134022CF9DDEC
:106C4000FDF7ADFC4EF28440C0F20000FFF779F88A
:106C5000FFF7B9F944F6E403C2F200039B7A5BB292
:106C6000482B13D0562B1DD0562B07D144F6E403E6
:106C7000C2F20003DB7A5BB2322B27D04EF298408F
:106C8000C0F20000FFF75DF8FFF79DF944F6E4025B
:106C9000C2F20002D27A52B22C2A23D0002AE1D1C9
:106CA000002420E044F6E402C2F20002D27A52B29A
:106CB000312AD9D144F6E402C2F20002127B52B268
:106CC0002C2A20D0002ACFD101240CE044F6E40382
:106CD000C2F200031B7B5BB22C2B16D0002BCDD154
:106CE000022400E0002438482C2106F053F810B1AB
:106CF0000123C3565BB94EF2D040C0F20000FFF74B
:106D000020F8FFF760F90124EDE70224EBE70130FA
:106D100005F03EFF0500FDF742FCE6B22900300019
:106D200000F091F90500300000F070FA0600FDF760
:106D300036FC012D0AD9022D28D0042D3FD0052D77
:106D40001FD04DF60841C0F2000123E0A5B94DF671
:106D5000E431C0F200014EF6A023C0F20003A4000B
:106D6000E3584EF2F442C0F20002019600913C2139
:106D70001CA805F0B3FF1DE04DF6F031C0F2000194
:106D8000E9E74DF61041C0F2000103E04DF6F8319D
:106D9000C0F200014EF6A023C0F20003A400E358A5
:106DA0004EF20C52C0F20002019600913C211CA848
:106DB00005F094FF1CA8FEF7C4FFFFF704F94DF699
:106DC000FC31C0F20001E5E7EE480020F348002066
:106DD00038EA00008F482C2105F0DCFF040010B1D8
:106DE0000123C3563BB94EF22850C0F20000FEF713
:106DF000A8FFFFF7E8F8082200210CA805F0C2FF61
:106E0000844AA21A072A00D9072282490CA806F050
:106E100005F801344DF6C421C0F20001200005F050
:106E2000F3FF88B14DF61841C0F20001200005F0D3
:106E3000EBFF08B9002408E04EF26050C0F20000F9
:106E4000FEF77FFFFFF7BFF801244EF28451C0F236
:106E500000010CA805F0D8FFC8B14EF24441C0F2C1
:106E600000010CA805F0D0FFE8B34EF24841C0F293
:106E700000010CA805F0C8FFA0B34EF24C41C0F2CF
:106E800000010CA805F0C0FF20BB02202BE0200071
:106E9000FEF769FAB0B184B14DF6C423C0F2000325
:106EA0004EF28852C0F2000220211CA805F016FF05
:106EB0001CA8FEF746FFFFF786F84DF61843C0F210
:106EC0000003EDE74EF29850C0F20000FEF739FFE4
:106ED000FFF779F84EF2AC50C0F20000FEF731FF38
:106EE000FFF771F80120C0B22100FEF730F9C0B100
:106EF00094B14DF6C423C0F200034EF2E452C0F246
:106F0000000200930CAB20211CA805F0E7FE1CA892
:106F1000FEF717FFFFF757F84DF61843C0F20003CE
:106F2000EBE74EF29850C0F20000FEF70AFFFFF7C1
:106F30004AF84AF6AA23C5F255530C934EF2F45080
:106F4000C0F20000FEF7FDFE4EF6B063C0F2000393
:106F50009E6832681D68596828009047EFF31087D3
:106F60004EF21003CEF200031A68904600221A6017
:106F700072B6B368F0210132490228009847040034
:106F800048B974684FF6FC72C0F2010204230CA9E0
:106F90002800A04704004EF21003CEF20003424640
:106FA0001A6087F310884EF6B063C0F200039A6847
:106FB000526918689047FDF7F2FA44B94EF214602E
:106FC000C0F20000FEF7BDFE00231C930AE04EF263
:106FD0003060C0F20000FEF7B4FEF5E7C0461C9B2F
:106FE00001331C931C9A4AF21F13C0F207039A4202
:106FF000F4D9FEF7DBFC44F6AC03C2F20003012235
:107000001A704DF66040C0F20000FEF79AFEFEF7DF
:10701000F5FFC046ED4800207047012807D0022840
:107020000AD070B944F6DC00C2F2000008E044F671
:10703000D800C2F2000003E044F6E000C2F2000013
:1070400070470020FCE7F8B504000D00022800D9C5
:10705000C2E04EF69423C0F200038200D758FFF737
:10706000DCFF0600002800D1B8E02000FFF7D4FFC5
:10707000022805D844F2DC73C2F200031B5CE3B1C2
:1070800044F63013C2F200036200D35A9BB2312B94
:107090001BDD44F25462C2F20002125D032A1CD0CE
:1070A0007F1B7B1D052B26D9FA17BB185340322BAB
:1070B00029DC142B34DD322226E044F25463C2F280
:1070C000000304221A55042073E044F25463C2F210
:1070D000000305221A5505206BE0336044F61412B4
:1070E000C2F20002A1008B5044F25463C2F20003CA
:1070F00000221A55D4E744F25463C2F2000301227D
:107100001A55012055E0C8223368002F0ADDD31834
:1071100040F6E442934207DC002B07DA002305E047
:107120000A22F1E79B1AF3E740F6E44344F614120F
:10713000C2F20002A1008A589A4218DA44F62012DC
:10714000C2F200028A58AA4211DB44F60811C2F2C8
:107150000001A000425801324250022A0EDD44F2E2
:107160005463C2F2000306221A55062021E044F6B9
:107170000812C2F20002A10000208850336044F6D9
:107180001412C2F20002A1008B5044F62012C2F287
:1071900000028D5040F6E342934201DD052F09DCE9
:1071A000002B0FDD44F25463C2F2000300221A5593
:1071B0000020F8BD44F25463C2F2000302221A55C3
:1071C0000220F6E70537EDDA44F25463C2F2000319
:1071D00002221A550220ECE70320EAE70320E8E741
:1071E00010B544F6E003C2F20003186844F6DC036D
:1071F000C2F20003196844F6D803C2F200031A6809
:10720000FEF761FA43425841C0B210BD10B5FFF716
:1072100004FF08B1006810BD0020FCE7022805D873
:1072200044F25463C2F20003185C70470320FCE789
:10723000022816D844F25463C2F2000303221A54FF
:1072400044F62013C2F2000380000022C25044F62C
:107250001413C2F20003C25044F60813C2F2000332
:10726000C250704744F6E013C2F200031B7833B1FA
:1072700083001B181A019B186420B3FBF0F07047C1
:1072800010B54EF65461C0F2000145F28040C2F2E2
:10729000000004F0ADF910BDF0B583B001930029F2
:1072A00000DCA5E144F6E014C2F20004247834B115
:1072B0008C0064182101091B642491FBF4F1272838
:1072C00000DC95E1411ACC170E19664040F6804467
:1072D000A64200DD8CE10B9C647864B2313C022C48
:1072E00000D900241568AC4644F6C015C2F200056A
:1072F000A70063467B5144F6B415C2F200057851ED
:107300000C9B0D98834220DD44F6CC10C2F20000A5
:10731000005DD0B944F6CC10C2F20000012505553D
:1073200060000519ED0044F26863C2F200039C4658
:1073300065440027EF602F610019C00044F2B0637C
:10734000C2F200039C466044C76044F6CC10C2F20F
:107350000000005D002800D1A5E00C9B0D99591A92
:10736000CD174819684014282DDD44F26866C2F232
:10737000000660000519ED00B44665440027EF6083
:1073800029610019C00080594143322904DC32319F
:1073900000DB2DE1012001E001204042002803DA5A
:1073A0001168002900D123E1116809181160019BBF
:1073B000994200D913601068FFF754FF0A9BD9B2B5
:1073C000099B984714E160000019C00044F268630B
:1073D000C2F200039C466044C5686D18C5604669EA
:1073E000B54204DD60000019C0006044C660600062
:1073F0000019C00044F26863C2F200039C46604476
:10740000C5687642B54200DAC66044F26866C2F2E8
:10741000000660000519ED00B44665442F69CF1BD6
:1074200029610319DB009E594E436B68ED685D438B
:1074300040F2E83C95FBFCF50019C00044F268639B
:10744000C2F200039C466044806847437619F619EF
:10745000002909DDC80F40184010444248B11529E1
:1074600009DD0A24644209E00A3600DBC0E0012499
:1074700004E001246442002C00D1B9E0002C03DABE
:107480001168002900D1B3E0116809191160019B4E
:10749000994200D913601068FFF7E4FE0A9BD9B245
:1074A000099B9847A4E0089B9E4244DD44F2B066E5
:1074B000C2F2000660000519ED00B44665440027DD
:1074C000EF6029610019C00080594843030032333E
:1074D00008DA4A4891FBF0F098B1494CA14211DA20
:1074E000052011E0322800DC82E06420404291FB5C
:1074F000F0F0E8B140F25724A14203DD05204042FC
:1075000002E00120002873D0002802DA1168002967
:107510006ED0116809181160019B994200D913605F
:107520001068FFF79FFE0A9BD9B2099B98475FE05E
:1075300001204042E6E760000019C00044F2B06359
:10754000C2F200039C466044C5686D18C560466978
:10755000B54204DD60000019C0006044C6606000F0
:107560000019C00044F2B063C2F200039C466044BC
:10757000C5687642B54200DAC66044F2B067C2F22E
:10758000000760000519ED00BC4665442E698E1B9E
:1075900029610319DB00DF5979436F68ED687D438A
:1075A00040F2E83795FBF7F5180044F2B063C2F2F9
:1075B00000039C46604480684643491989190B00C2
:1075C000643304DB642913DD0120404200E0012024
:1075D00000280FDB116809181160019B994200D93E
:1075E00013601068FFF73EFE0A9BD9B2099B9847CB
:1075F00003B0F0BD11680029ECD1F9E770FEFFFF80
:10760000A1F6FFFFF0B5CE46474680B59FB045F2E4
:107610003733C2F200031B78042B00D16DE244F62D
:10762000EE13C2F200031B782BB144F63B13C2F2F7
:1076300000031B7893B144F63713C2F200031B78A2
:10764000002B00D157E244F63713C2F200030022A8
:107650001A700023002500200024B4E044F63B13F8
:10766000C2F2000301221A7044F6EE13C2F20003C4
:1076700000221A7001F03EF9050008AE1E236B448B
:1076800098463100180001F056F940F6E44428000D
:10769000604340F6FF75B0FBF5F044F63817C2F2D0
:1076A00000073B7844F6A812C2F200025B00D052F9
:1076B000424612886243B2FBF5F244F69C11C2F2D4
:1076C0000001CA5232886243B2FBF5F244F69011CF
:1076D000C2F20001CA5201F018F9060009AB98463F
:1076E00022236B4499464146180001F03CF9664359
:1076F000B6FBF5F63B7844F68412C2F200025B005A
:10770000D6524A4612886243B2FBF5F244F678112B
:10771000C2F20001CA52424612886243B2FBF5F23D
:1077200044F66C11C2F20001CA5201F0F9F80600E9
:107730000AAB984626236B4499464146180001F04F
:107740002AF96643B6FBF5F63A7844F66013C2F2BE
:10775000000351005E524B461B886343B3FBF5F3B5
:1077600044F65410C2F20000435243461B88634360
:10777000B3FBF5F344F64810C2F200004352013265
:10778000D3B23B70042B00D855E700223A7044F680
:107790003713C2F2000301321A704CE744F6A81105
:1077A000C2F200015A00515A641844F69C11C2F208
:1077B0000001515A401844F69011C2F20001525A89
:1077C000AD1801339BB2042BE8D90523B4FBF3F4C5
:1077D000B0FBF3F0B5FBF3F3A1B244F63012C2F202
:1077E00000029180C01AC317C018584045002D18D8
:1077F00044F2DC73C2F200039B7823B344F6B50372
:10780000C2F200031B781BBB44F6E003C2F2000384
:10781000196844F26062C2F2000240F25E130593FE
:1078200004954EF2FC63C0F200030393012302931C
:107830004AF21713C0F20003019328230093B433D4
:107840002000FFF729FD002300250020002461E02F
:107850004EF2B461C0F2000122000AA805F072FAEB
:107860000AA8FEF76EFA4EF2C061C0F200012A00CB
:107870000AA805F067FA0AA8FEF763FA44F2606600
:10788000C2F2000632684EF2CC61C0F200010AA8D2
:1078900005F058FA0AA8FEF754FA3068FFF7E2FC40
:1078A00002004EF2DC61C0F200010AA805F04AFABB
:1078B0000AA8FEF746FA44F6E013C2F200031B786A
:1078C00073B14EF2A462C0F200024EF2EC61C0F25B
:1078D00000010AA805F036FA0AA8FEF732FA93E783
:1078E0004EF2AC62C0F20002EFE744F68411C2F23D
:1078F00000015A00515A641844F67811C2F200018E
:10790000515A401844F66C11C2F20001525AAD1897
:1079100001339BB2042BE8D90523B4FBF3F4B0FB8D
:10792000F3F0B5FBF3F3A1B244F63012C2F2000259
:107930001180C01AC317C018584045002D1844F2D2
:10794000DC73C2F200031B783BB344F6B503C2F20A
:1079500000031B7833BB44F6DC03C2F20003196852
:1079600044F25C62C2F2000240F29A13059304955D
:107970004EF24473C0F200030393012302934AF2D0
:107980005313C0F200030193282300930533FF3300
:107990002000FFF781FCFCF702FE002300250020F9
:1079A000002461E04EF20071C0F2000122000AA83A
:1079B00005F0C8F90AA8FEF7C4F94EF20C71C0F23E
:1079C00000012A000AA805F0BDF90AA8FEF7B9F9D6
:1079D00044F25C66C2F2000632684EF21871C0F2E0
:1079E00000010AA805F0AEF90AA8FEF7AAF9306866
:1079F000FFF738FC02004EF22871C0F200010AA81D
:107A000005F0A0F90AA8FEF79CF944F6E013C2F2CB
:107A100000031B7873B14EF2A462C0F200024EF272
:107A20003871C0F200010AA805F08CF90AA8FEF727
:107A300088F990E74EF2AC62C0F20002EFE744F63C
:107A40006011C2F200015A00515A641844F65411F0
:107A5000C2F20001515A401844F64811C2F2000126
:107A6000525AAD1801339BB2042BE8D90523B4FB5D
:107A7000F3F4B0FBF3F0B5FBF3F3A1B244F630122C
:107A8000C2F200025180C01AC317C018584040F615
:107A9000B933434340F2E83293FBF2F544F2DC732E
:107AA000C2F200035B7833B344F6B503C2F20003BD
:107AB0001B783BBB44F6D803C2F20003196844F2BA
:107AC0005862C2F2000240F25E13059304954EF232
:107AD0009073C0F200030393002302934AF28F13C2
:107AE000C0F20003019328230093B4332000FFF772
:107AF000D3FBFCF754FDFCF752FD1FB0C0BCB946E8
:107B0000B046F0BD4EF24871C0F2000122000AA852
:107B100005F018F90AA8FEF714F94EF25471C0F2F4
:107B200000012A000AA805F00DF90AA8FEF709F9D4
:107B300044F25866C2F2000632684EF26071C0F23A
:107B400000010AA805F0FEF80AA8FEF7FAF8306866
:107B5000FFF788FB02004EF27071C0F200010AA824
:107B600005F0F0F80AA8FEF7ECF844F6E013C2F2CC
:107B700000031B7873B14EF2A462C0F200024EF211
:107B80008071C0F200010AA805F0DCF80AA8FEF72F
:107B9000D8F88FE74EF2AC62C0F20002EFE770B5A2
:107BA00044F64413C2F200031A6801321A6044F624
:107BB0003913C2F200031B780BB344F63A12C2F237
:107BC000000213780133DBB21370022B17D944F68D
:107BD0003913C2F2000300221A7044F63C13C2F2B9
:107BE00000031B785BB144F63B13C2F200031B7821
:107BF0002BB944F63613C2F2000301321A7044F670
:107C00004413C2F200031B68012B1FD044F6441337
:107C1000C2F200031B68052B00D171E044F6441347
:107C2000C2F200031B682F2B0FD944F64413C2F293
:107C3000000300221A6044F63C13C2F200031A70DB
:107C400044F63613C2F200031A7070BD002140F6EC
:107C5000123002F0BAFA012140F6123002F0D3FAE3
:107C6000002140F6123002F0ECFA44F2DC73C2F26A
:107C700000039B78F3B344F26063C2F200031A6816
:107C800053019B1858006423B0FBF3F044F2DC73FB
:107C9000C2F200031B787BB344F25C63C2F20003C0
:107CA0001A6853019B185D006423B5FBF3F544F299
:107CB000DC73C2F200035B7803B344F25863C2F290
:107CC00000031A6853019B185C006423B4FBF3F4AF
:107CD000012102F020FA0121280002F03AFA0021E5
:107CE000200002F054FA44F63C13C2F200030022D2
:107CF0001A70AAE71420C9E71425D8E71424E7E787
:107D0000002141F6641002F060FA012141F664108E
:107D100002F079FA002141F6641002F092FA44F27E
:107D2000DC73C2F200039B78FBB344F26063C2F2DF
:107D300000031868012102F0EEF944F2DC73C2F28C
:107D400000031B78B3B344F25C63C2F2000318680B
:107D5000012102F0FEF944F2DC73C2F200035B7809
:107D60006BB344F25863C2F200031868002102F0BA
:107D70000EFA44F63C13C2F200030121197044F6D6
:107D80003B13C2F2000300221A7044F63A13C2F207
:107D900000031A7044F63913C2F20003197044F656
:107DA0003613C2F200031A704FE70121142002F0CB
:107DB000B2F9C2E70121142002F0CBF9CBE7002190
:107DC000142002F0E4F9D4E710B544F63913C2F2F6
:107DD00000031B780BB344F63A12C2F20002137888
:107DE0000133DBB21370022B17D944F63913C2F2F8
:107DF000000300221A7044F63C13C2F200031B7801
:107E00005BB144F63B13C2F200031B782BB944F676
:107E10003613C2F2000301321A7044F64012C2F265
:107E20000002138801339BB2138040F2F312934295
:107E30000DD944F64013C2F2000300221A8044F226
:107E40006563C2F200031A7801214A401A700021CA
:107E500041F6641002F0B9F9012141F6641002F014
:107E6000D2F9002141F6641002F0EBF944F26563A7
:107E7000C2F200031B78002B4BD044F2DC73C2F239
:107E800000039B7853BB44F2DC73C2F200031B78FF
:107E9000002B2CD144F2DC73C2F200035B78002B80
:107EA0002ED144F63C13C2F200031B78ABB944F662
:107EB0003C13C2F2000301221A7044F63B13C2F2D3
:107EC00000030021197044F63A13C2F2000319703E
:107ED00044F63913C2F200031A7010BD44F2606315
:107EE000C2F200031868012102F015F9CBE744F251
:107EF0005C63C2F200031868012102F02AF9C9E7A5
:107F000044F25863C2F200031868002102F03FF9FE
:107F1000C7E70121142002F0FEF80121142002F02D
:107F200018F90021142002F032F944F63C13C2F291
:107F3000000300221A70D0E744F64013C2F2000397
:107F400000221A8044F26563C2F2000301321A7003
:107F5000704770B544F63913C2F200031B780BB3B7
:107F600044F63A12C2F2000213780133DBB2137006
:107F7000022B17D944F63913C2F2000300221A70FB
:107F800044F63C13C2F200031B785BB144F63B138A
:107F9000C2F200031B782BB944F63613C2F2000379
:107FA00001321A7044F63E12C2F200021388013305
:107FB0009BB2138041F28732934211D944F63E13AB
:107FC000C2F2000300221A8044F26463C2F200038A
:107FD00001321A7044F63D13C2F2000300221A70F7
:107FE00044F63E13C2F200031B8840F2DB52934278
:107FF0005AD944F2DC73C2F200039B78002B00D004
:10800000D6E044F2DC73C2F200031B78002B00D0F0
:10801000D7E044F2DC73C2F200035B78002B00D09F
:10802000D8E044F63D12C2F2000213780133DBB20D
:1080300013702F2B02D9130000221A7044F63D133F
:10804000C2F200031B782B2B00D9CCE0002141F6B3
:10805000641002F0BAF8012141F6641002F0D3F87E
:10806000002141F6641002F0ECF844F63C13C2F231
:1080700000031B78002B00D00AE144F63C13C2F247
:10808000000301221A7044F63B13C2F200030021E0
:10809000197044F63A13C2F20003197044F639130A
:1080A000C2F200031A70F3E0FA22B3FBF2F14A4382
:1080B0009B1A9BB23BB944F26463C2F200031A7884
:1080C00001214A401A70002141F6641002F07DF847
:1080D000012141F6641002F096F8002141F6641087
:1080E00002F0AFF844F26463C2F200031B78002B85
:1080F0004BD044F2DC73C2F200039B7853BB44F2D2
:10810000DC73C2F200031B786BBB44F2DC73C2F277
:1081100000035B7883BB44F63C13C2F200031B7878
:10812000002B00D0B4E044F63C13C2F2000301225D
:108130001A7044F63B13C2F200030021197044F692
:108140003A13C2F20003197044F63913C2F2000365
:108150001A709DE044F26063C2F2000318680121C6
:1081600001F0D9FFCBE744F25C63C2F20003186868
:10817000012101F0EEFFC8E744F25863C2F20003A8
:108180001868002102F003F8C5E70121142001F06E
:10819000C2FF0121142001F0DCFF0021142001F0B6
:1081A000F6FF44F63C13C2F2000300221A706FE09F
:1081B00044F26063C2F200031868012101F0ABFFD2
:1081C0001FE744F25C63C2F200031868012101F06A
:1081D000C0FF1EE744F25863C2F200031868002192
:1081E00001F0D5FF1DE7002140F6123001F0EDFF50
:1081F000012140F6123002F006F8002140F612305C
:1082000002F01FF844F2DC73C2F200039B78002BEB
:108210003FD044F26063C2F200031A6853019B1816
:1082200058006423B0FBF3F044F2DC73C2F20003A5
:108230001B78002B2FD044F25C63C2F200031A6853
:1082400053019B185D006423B5FBF3F544F2DC7326
:10825000C2F200035B7803B344F25863C2F2000336
:108260001A6853019B185C006423B4FBF3F40121EA
:1082700001F051FF0121280001F06BFF00212000D7
:1082800001F085FF44F63C13C2F2000300221A708D
:1082900070BD1420C8E71425D8E71424E7E744F696
:1082A0003E13C2F2000300221A8044F26463C2F259
:1082B000000301321A7044F63D13C2F2000300229B
:1082C0001A70704710B545F23733C2F200031B78BD
:1082D000DAB2012B05D0022A06D042B9FFF75FFCC3
:1082E00010BDFFF771FDFBE7FFF733FEF8E7FFF77F
:1082F00056FCF5E744F64412C2F200020023136074
:1083000044F63C12C2F20002137044F63B12C2F271
:108310000002137044F63912C2F20002137044F6E0
:108320003A12C2F200021370704770B544F6D212CE
:10833000C2F20002138801339BB21380013BFA2181
:10834000B3FBF1F251435B1A9CB292B200237C2141
:10835000A1425B41DDB2042A4AD8002141F66410F3
:1083600001F033FF012141F6641001F04CFF0021C0
:1083700041F6641001F065FF44F62C13C2F20003CD
:108380001B78AB4233D044F62C13C2F200031D70AD
:108390007C2C52D844F2DC73C2F200039B78002B91
:1083A00045D044F26063C2F200031868012101F075
:1083B000B2FE44F2DC73C2F200031B78002B38D00B
:1083C00044F25C63C2F200031868012101F0C1FEAF
:1083D00044F2DC73C2F200035B78002B2BD044F232
:1083E0005863C2F200031868002101F0D0FE70BD8E
:1083F000002141F6641001F0E8FE012141F664100D
:1084000001F001FF002141F6641001F01AFF012183
:10841000002001F080FE0121002001F09AFE0021E1
:10842000002001F0B4FE042000F026FCDFE7142059
:10843000BCE71420C9E71420D6E70121142001F07D
:108440006AFE0121142001F084FE0021142001F0B5
:108450009EFECCE7F8B5CE46474680B544F6B2134B
:10846000C2F2000301221A7045F23733C2F2000350
:108470001B78042B3AD045F23933C2F200031B7843
:10848000002B55D044F62E12C2F20002138801339D
:108490009BB21380312B2BD9130000221A8045F296
:1084A0003833C2F200031A7801214A40D2B21A705E
:1084B0001B780BB3002141F6641001F086FE012108
:1084C00041F6641001F09FFE002141F6641001F0B6
:1084D000B8FE01213C2001F01EFE01213C2001F0EC
:1084E00038FE00213C2001F052FE01E0FFF71DFFA5
:1084F000C0BCB946B046F8BD002141F6641001F099
:1085000064FE012141F6641001F07DFE002141F678
:10851000641001F096FE0121142001F0FCFD012100
:10852000142001F016FE0021142001F030FEDFE7D8
:10853000FCF7F2FD0028DBD044F6E013C2F20003A2
:108540001B7883B344F26066C2F200063368994632
:1085500044F25C65C2F200052B68984644F2586408
:10856000C2F2000427684B469B004B441A019B183B
:108570006422B3FBF2F3336043469B00434419018A
:108580005B18B3FBF2F32B60BB00DB1919015B181E
:10859000B3FBF2F32360FFF795FE4B46336043468F
:1085A0002B602760A4E7FFF78DFEA1E744F6D21306
:1085B000C2F2000300221A8044F6D013C2F2000374
:1085C0001A7044F6CF13C2F200031A7045F2373323
:1085D000C2F2000304221A707047F0B5DE46574617
:1085E0004E464546E0B5A3B001929C4672B60023C4
:1085F00006E05A008418248802ADAC5201339BB2C5
:108600008B42F6D362B601398BB29B466346019A20
:10861000D718BBB2984640F2000927E0B8421DD9EE
:10862000560002AD755BAA4602AD70534C0028009F
:1086300055462552013A92B28A4212D3480002AE00
:10864000805BB842EAD25C00A65B02AD6053480092
:10865000465301339BB2013189B2EDE7013189B252
:10866000EAE743450ED3013B9BB29B46D94512D264
:108670004B465B445B105B0002AA9F5A49465A4630
:108680004B46D9E7019B9A4203D2013293B29946F5
:10869000ECE7D946EAE7002307E00198420002A987
:1086A000525A9B18013082B20192019A4245F4D38A
:1086B000B3FBFCF398B223B0F0BCBB46B246A9466C
:1086C000A046F0BD052817D88000104B1B589F46C8
:1086D0004EF25860C0F2000070474EF26C60C0F27B
:1086E0000000F9E74EF27860C0F20000F4E74EF2C5
:1086F0008460C0F20000EFE74EF25060C0F200006C
:10870000EAE74EF29460C0F20000E5E7ACEA000050
:1087100070B544F6EC12C2F2000245F29C34C2F28B
:1087200000040921200003F042FB44F6E812C2F2E3
:1087300000021621200003F03AFB44F6E613C2F2D1
:10874000000301221A7044F63C13C2F200031B78A6
:108750002BB344F63913C2F200031B78FBB944F67D
:10876000EE13C2F200031B78CBB944F6EA13C2F24F
:1087700000031A783F2A13D944F6EA13C2F2000321
:108780001B783F2B0BD944F6EA13C2F200030022F8
:108790001A7044F6EE13C2F2000301321A7070BD73
:1087A000520044F6F053C2F200039C466244250096
:1087B0000221200003F0FBFA44F6EA14C2F200049E
:1087C0002278520044F67053C2F200039C46624481
:1087D0000021280003F0EBFA2278520044F6F0431F
:1087E000C2F200039C4662440121280003F0DFFA34
:1087F0002278520044F67043C2F200039C46624461
:108800001421280003F0D3FA2278520044F6F03302
:10881000C2F200039C4662440521280003F0C7FA17
:108820002278520044F67033C2F200039C46624440
:108830000621280003F0BBFA2278520044F6F02308
:10884000C2F200039C4662440821280003F0AFFAFC
:108850002278520044F67023C2F200039C46624420
:108860001321280003F0A3FA2278520044F6F013F3
:10887000C2F200039C4662440721280003F097FAE5
:1088800023780133237077E710B54EF69041C0F29C
:10889000000145F29C34C2F20004200003F0C0FC49
:1088A0004EF67C41C0F20001200003F0E5FD00B966
:1088B00010BD4DF6A433C0F200034EF6C422C0F240
:1088C00000024EF29470C0F20000742103F0E9FE41
:1088D00010B545F29C30C2F2000003F042FA4CF2AF
:1088E0000003C4F205031988014A0A431A8010BD27
:1088F0000080FFFF10B544F6F050C2F200002023C4
:1089000010224021FFF769FE10BD10B544F67040FB
:10891000C2F20000202310224021FFF75EFE10BDAE
:1089200010B544F6F020C2F20000202310224021AE
:10893000FFF753FE10BD70B505000C0044F67050F3
:10894000C2F20000202310224021FFF746FE2880BB
:1089500044F6F040C2F20000202310224021FFF72D
:108960003CFE208070BD70B505000C0044F6F03070
:10897000C2F20000202310224021FFF72EFE2880A3
:1089800044F67030C2F20000202310224021FFF78D
:1089900024FE208070BD70B505000C0044F67020E8
:1089A000C2F20000202310224021FFF716FE28808B
:1089B00044F6F010C2F20000202310224021FFF7FD
:1089C0000CFE208070BD44F6EC13C2F20003188840
:1089D00080B2704700B583B000236A46D38045F269
:1089E0009C30C2F2000006320A2103F0E0F96B4627
:1089F000D88803B000BDFFFF10B544F6EC13C2F2F7
:108A000000031B8844F6E812C2F20002108844F604
:108A1000DC12C2F2000211685B18136044F6D8122F
:108A2000C2F2000211684018106044F6D611C2F27A
:108A300000010A780132D2B20A70032A24D99B08B5
:108A4000800884B244F6DC12C2F2000200211160F8
:108A500044F6D812C2F20002116044F6D612C2F2F5
:108A60000002117084B14FF6FF710B405A00D2180A
:108A7000D40112199200D318014093FBF1F3044A78
:108A800094466344992B00D910BDFFF78FFDFBE797
:108A90007BFCFFFF10B5FFF796FF44F2DC73C2F2D8
:108AA00000031A785A789B7840F6FF73984201D9F0
:108AB00040F6FF7080B244F6E513C2F200031B7863
:108AC000022B3CD00ED8BBB1012B09D140F6ED12E0
:108AD000904240D80D3AFF3A904211D802230FE05D
:108AE00003230DE0032B05D140F25B72904207D9BE
:108AF000022305E0032303E040F68912904228D9BF
:108B000044F6E512C2F200021370032B27D044F69C
:108B1000E413C2F2000300221A7044F6E313C2F217
:108B200000031A7044F6E413C2F200031B782BB161
:108B300044F6E313C2F2000301221A7010BD40F69E
:108B40004512904209D840F229729042D8D80323A6
:108B5000D6E70123D4E70023D2E70123D0E744F688
:108B6000E413C2F200031B78002BDBD144F6E412BD
:108B7000C2F2000201331370D4E710B590B00400C4
:108B8000FFF7A0FD03004EF2AC72C0F200024021DC
:108B9000684604F0A3F86846FDF7D3F8FBF7FFFC3E
:108BA000FBF7BCFE01002000FCF740FEFBF7F7FCE2
:108BB00045F26434C2F20004002240F20941200070
:108BC00001F0A4FE002240F20841200001F09EFEC8
:108BD000FBF7E5FC40F2E8310A2003F068FDFBF703
:108BE000DEFC0121002001F096FA0121002001F0B5
:108BF000B0FA0021002001F0CAFA0021002001F0A3
:108C0000E4FA0121002001F0FEFA0021002001F029
:108C100018FB012240F20621200001F077FE01221C
:108C200040F20721200001F071FE012240F60F11F1
:108C3000200001F06BFE40F2E8310A2003F037FD1E
:108C4000FBF7ADFC002240F60D11200001F05EFEA6
:108C500045F26434C2F20004002240F208412000D0
:108C600001F054FE002240F20941200001F04EFEC6
:108C7000FBF795FC30BFEBE744F6E213C2F20003CA
:108C80001B7853B944F6E213C2F2000301221A70B2
:108C900044F6E113C2F200031870704710B544F6B1
:108CA000D513C2F200031A7844F6E513C2F20003AA
:108CB0001B789A4205D044F6D412C2F20002002179
:108CC000117044F6D512C2F200021370022B17D0B5
:108CD00006D88BB1012B17D10120FBF75FFE0EE008
:108CE000032B11D144F6E313C2F200031B7833B116
:108CF0000120FFF7C1FF02E00020FBF74FFE10BD8F
:108D00000220FBF74BFEFAE70620FBF747FEF6E7EB
:108D100010B544F6E213C2F200031B7803B910BD8C
:108D200044F6E113C2F200031878FFF726FF10B5EE
:108D300045F26434C2F20004012240F208412000EE
:108D400001F0E4FD012240F20941200001F0DEFDC6
:108D500010BD40F6BB13984212D944F6E513C2F297
:108D6000000300221A7044F6E413C2F2000300224A
:108D70001A7044F6E313C2F2000300221A7070471F
:108D800040F61313984206D944F6E513C2F20003E5
:108D900001221A70E7E740F22973984206D944F697
:108DA000E513C2F2000302221A70DCE744F6E51371
:108DB000C2F2000303221A7044F6E413C2F2000365
:108DC000023A1A70D5E70020704744F67063C2F289
:108DD00000031B6833B144F67063C2F200031A68E3
:108DE000013A1A6070470369C268934204D88168E7
:108DF0008A1AD01801387047981A0138FBE7F8B57D
:108E0000CE46474680B504000E001700C56883684B
:108E100099465B1B984693420BD94068401903F072
:108E2000FDFFBFF35F8FED19E560C0BCB946B046EA
:108E3000F8BD406840191A0003F0F0FF4B46ED1AE8
:108E4000ED196068310041442A0003F0E7FFBFF3E9
:108E50005F8FE560E9E7F8B5CE46474680B5060086
:108E600088461700C46840F2000915E0B2681B1B71
:108E7000D218013A15E0706800192A00414603F043
:108E8000CDFFA944A8447F1B6419B368A34212D044
:108E9000BFF35F8FF46087B133699C42E6D21A1B3F
:108EA000013AB3681B1B934200D913003D009F4257
:108EB000E1D91D00DFE70024EAE74846C0BCB94617
:108EC000B046F8BD10B545F28424C2F20004A822D1
:108ED0000021200003F056FF0323236163614EF25B
:108EE000C072C0F20002A26144F68463C2F20003C1
:108EF000E36140F2004323620023A3626362E36202
:108F0000226644F67462C2F2000262661022A26611
:108F10002367E3666367BFF35F8F0CE00F22D21A0B
:108F20004EF6D021C0F20001895645F28422C2F2E9
:108F30000002D15401330F2BF0D9BFF35F8F10BD66
:108F4000F8B50E001500431C5C00E418E40045F27F
:108F50008423C2F200039C46644443001B18DB00D8
:108F60006344DF6A012F0ED0022F1AD0F7B9200018
:108F7000FFF739FF854212D82A0031002000FFF7A1
:108F80003EFF2F000BE02000FFF72DFF2F00854252
:108F900000D907003A0031002000FFF730FF380009
:108FA000F8BD2000FFF757FF0700F8E70027F6E7B6
:108FB000F8B504000D00160045F28423C2F2000348
:108FC0001B78532B0CD1EFF31087012181F310880C
:108FD000320029002000FFF7B3FF87F31088F8BDA7
:108FE000FFF770FFEFE710B504008268531C40687C
:108FF000834205D820688154A360E3680133E360AD
:10900000A26863689A4200D010BD21682069FFF70A
:10901000CFFFA368984203D001235B42E360F3E7EC
:109020000023A360F0E7F8B5DE4657464E464546B6
:10903000E0B581460F0015001E000A9B9A460B9A68
:109040000B0040F2010804E0B3FBF5F340F2010C21
:10905000E044AB42F8D2B04500D2B046012319003B
:1090600011408B46134217D15346ABB1920702D53C
:10907000C6B1202400E0202453466BB1C2450BD971
:1090800001235B429C46E24421004846FFF7ABFFC8
:109090004B46DB68002BEFDA4B46DB68002B26DB08
:1090A000012403E03024E7E7013E6C43012EFBD8A6
:1090B000B7FBF4F39D42F8D900E01C00B7FBF4F2D3
:1090C00023005343FF1A4EF66833C0F2000399564B
:1090D0004846FFF788FF4B46DB68002B03DBB4FBF9
:1090E000F5F3AC42E9D25B460BB153462BB9F0BC69
:1090F000BB46B246A946A046F8BD5346002BF6D063
:10910000C245F4D901235B429C46E24420214846F3
:10911000FFF769FF4B46DB68002BEEDAE7E7F0B5B7
:10912000DE4657464646C0B582B007008A4616005E
:109130009B460A9B9846CB17CC185C40012502E061
:1091400094FBF6F40135A642FADD5D4500D25D469A
:1091500043464BB15346002B02DB0B9B5B0703D509
:1091600001235B429C46E0440B9B9B0701D55B4679
:1091700023B10B9BDB0701D44346CBB9FB68002B23
:1091800010DB5346002B24DB0B9B5B0728D4FB68CA
:10919000002B07DB03230B9A1340022B25D0FB681F
:1091A000002B39DA02B0E0BCBB46B246A846F0BD9F
:1091B0004346002BE2D0A845E0D901235B429C4600
:1091C000E04420213800FFF70EFFFB68002BEFDAA8
:1091D000D4E75B429A462D213800FFF704FFD6E71B
:1091E0002B213800FFF7FFFED1E75B46002BD6D1DD
:1091F0004346002BD3D04346002BD0D0A845CED930
:1092000001235B429C46E04430213800FFF7EBFE2F
:10921000FB68002BEFDAC2E70B9B019343460093F8
:109220005B46320051463800FFF7FDFEBAE7FFFF0C
:10923000F0B599B006000C00150003AB1393402362
:109240001493002315931790169369E00022243994
:109250000DE000210AE0302B03D102231A43013430
:1092600004E0002102E001231A43013481B100230C
:10927000E3562D2BF7D0EEDC232B05D02B2BE8D19A
:1092800004231A430134F1E708231A430134EDE7BC
:109290000020002161560B00303BDBB2092B06D8C1
:1092A000013483001B185B0058183038F1E72E2971
:1092B00003D000230021615613E00134002305E0B0
:1092C00001349900CB185B00DB19303B0027E757CE
:1092D00039003039C9B20929F2D9EBE7013400214C
:1092E00061566C29FAD06829F8D0252967D013DB9C
:1092F000782911DC58290FDB5839CFB2202F0BD831
:10930000B9003A4F79588F462B681A1D2A60002100
:10931000595613A8FFF767FE0134169B002B53DB49
:1093200000216156013400294ED025298ED013A882
:10933000FFF759FEF1E729680F1D2F6009680192B8
:1093400000900A2213A8FFF7EAFEE5E729680F1D3F
:109350002F600968019200900A2213A8FFF763FEAC
:10936000DAE729680F1D2F6009680192009010222A
:1093700013A8FFF758FECFE72B681A1D2A601F6855
:109380005FB10021795601370029C5D013A8FFF736
:109390002AFE169B002BF4DABEE74EF2CC77C0F221
:1093A0000007EEE72B681A1D2A6019680023019355
:1093B00008330093102213A8FFF735FEACE72521F0
:1093C00013A8FFF710FEA7E7169B002B05DD159AE3
:1093D00032B9169B159A9B181693169819B0F0BDC2
:1093E00003A93000FFF7E4FDF3E7C046E4EA00001C
:1093F0000EB400B582B003AB02CB019301AAFFF714
:1094000017FF02B008BC03B018470379013BDBB279
:10941000022B05D845F23633C2F2000301221A703E
:10942000704710B54EF62461C0F2000145F240408D
:10943000C2F2000001F092FC10BD10B582B00C0029
:109440006B46D91D087045F23633C2F20003002284
:109450001A7045F24040C2F200000123013201F0CF
:10946000F8FBE8B945F23633C2F200031B78002B53
:10947000F8D045F23633C2F2000300221A7045F2EA
:109480004040C2F2000000230132210001F0DAFB6B
:1094900030B945F23633C2F200031B78002BF8D006
:1094A00002B010BD00B583B06B461871597145F21A
:1094B0003633C2F2000300221A7045F24040C2F275
:1094C00000000023023201A901F0C3FB30B945F2CC
:1094D0003633C2F200031B78002BF8D003B000BD76
:1094E00030B583B005000C006B46D91D00230B700E
:1094F0007520FFF7A2FF30BB6B4607331B78A342F2
:1095000024D165B168215020FFF7CCFF48B9032171
:109510004E20FFF7C7FF68B9002003B030BD6B21B4
:10952000F1E74EF2D470C0F20000FCF70AFC012013
:109530004042F2E74EF2F470C0F20000FCF701FC8A
:1095400001204042E9E701204042E6E70120404295
:10955000E3E730B583B00C0015006B46D91D0870E9
:1095600045F23633C2F2000300221A7045F2404041
:10957000C2F200000123013201F06BFBE8B945F2B1
:109580003633C2F200031B78002BF8D045F2363395
:10959000C2F2000300221A7045F24040C2F20000FD
:1095A00000232A00210001F04DFB30B945F236338B
:1095B000C2F200031B78002BF8D003B030BD30B5E9
:1095C00083B00500062269461F20FFF7C2FF08B9D5
:1095D000002311E000232B806B80AB8001204042F0
:1095E0000DE05A0069468C5C511C6846415C2402BF
:1095F0002143A9520133DBB2022BF2D9002003B080
:1096000030BD70B505006C21FFF76AFF040098B10A
:1096100039212800FFF764FF0400D0B945F22E334A
:10962000C2F2000302221A704EF62800C0F20000B7
:10963000FCF787FB200070BD45F22E33C2F2000319
:1096400001221A704EF61000C0F20000FCF779FB00
:10965000F0E745F22E33C2F2000300221A704EF6F4
:109660004000C0F20000FCF76CFB01246442E1E71B
:1096700010B545F22E33C2F200031B7813B1FFF789
:109680009EFF10BD03804380838001204042F8E7A5
:1096900045F23733C2F200031B78042B7BD045F22E
:1096A0003033C2F2000300229B5E6BB945F23033C7
:1096B000C2F2000302229B5E33B945F23033C2F29C
:1096C000000304229B5E5BB30023C15E0222835E23
:1096D000DA179B1853409BB20422825ED0171218EF
:1096E000424092B2002922DD0120934200DA1300A9
:1096F00045F23732C2F2000211781278D1B2012A53
:1097000017D0022921D059BB002845D040F276421B
:10971000934226DD40F61D3293423FDC013120E0CA
:1097200045F23733C2F2000303221A7033E00020FF
:10973000DBE7002834D040F23C42934232DD40F671
:109740001D3293420DDD02210BE050B140F23C424C
:10975000934229DD40F65A02934202DC012100E0E7
:10976000012145F23733C2F200031B78DBB28B4292
:109770002FD044F2F863C2F200031B788B4215D05D
:1097800044F2F863C2F20003197045F22C33C2F2BE
:10979000000301221A8070470221E2E70221E0E77C
:1097A0000221DEE70021DCE70021DAE745F22C3276
:1097B000C2F20002138801339BB21380012BEAD955
:1097C00045F23733C2F200031970130000221A80E9
:1097D000E1E745F22C33C2F2000300221A8045F281
:1097E0003733C2F200031A7844F2F863C2F200037E
:1097F0001A70D0E7EFF31081012383F3108845F24C
:109800004453C2F200031B683BB940F60053C4F254
:1098100004030022DA704032DA7045F24453C2F297
:1098200000031A6801321A6081F31088704710B57E
:1098300045F23733C2F200031B78042B13D040F2F9
:10984000C11398421CD845F25033C2F200030022E3
:109850001A8045F24E32C2F20002138801339BB2E5
:109860001380042B00D810BD130000221A804EF67E
:109870005800C0F20000FCF764FAFEF797FEF2E72A
:1098800040F64E43984219D945F24E33C2F20003D6
:1098900000221A8045F25032C2F2000213880133CE
:1098A0009BB21380042BDED9130000221A8044F6E9
:1098B000E013C2F2000301321A70D4E745F24E33CE
:1098C000C2F2000300221A8045F25033C2F20003B4
:1098D0001A8044F6E013C2F200031B78002BC2D0BA
:1098E00040F6E933984212D845F24C32C2F20002F7
:1098F000138801339BB21380042BB4D913000022C8
:109900001A8044F6E013C2F200031A70ABE745F286
:109910004C33C2F2000300221A80A4E700B597B0CE
:10992000FBF78EFE002843D10A226A4402A96B4647
:10993000981DFBF7ADFE70B945F23033C2F200035B
:109940006A46063212881A8002AA12885A800A22AF
:109950006A4412889A8005AA04A903A8FBF7D0FEDE
:1099600088B9039A44F6E003C2F200031A60049A2D
:1099700044F6DC03C2F200031A60059A44F6D803E9
:10998000C2F200031A6006A8FBF792FF212809D053
:1099900020B9089A80235B049A4206D1FAF72AFE7E
:1099A00017B000BDFBF7B8FFF8E7FBF7B5FFF5E729
:1099B000FAF720FEF4E7F0B59FB045F24A33C2F261
:1099C00000031B78002B00D1BBE045F23933C2F213
:1099D00000031B78002B3DD045F24833C2F2000350
:1099E0001B882BB945F25E33C2F2000300221A80B5
:1099F00045F25830C2F20000FFF73AFE002800D0CE
:109A00007FE045F25E33C2F2000300221A8045F285
:109A10003C33C2F20003196845F25832C2F2000228
:109A20000024105F0918196059680224105F091892
:109A3000596099680420125E8A189A6045F248328B
:109A4000C2F20002138801339BB213801F2B18D877
:109A50001FB0F0BD0120FBF786FC0028C8D045F2FE
:109A60003933C2F2000301221A7045F23833C2F2D0
:109A700000031A7045F25E33C2F2000300221A801E
:109A8000B6E745F24A33C2F2000300221A7045F2EB
:109A90003933C2F200031A700020FBF764FC45F270
:109AA0003C30C2F200000368DA171F210A40D218C6
:109AB000521112B245F23034C2F2000422804568DD
:109AC000EB170B405B195B111BB263808068C517F5
:109AD00029400818401100B2A0804EF67001C0F273
:109AE0000001009006A803F02DF906A8FCF729F95B
:109AF0000423E25E0223E15E0023E05EFBF7ACFD9F
:109B0000A6E745F25E32C2F20002138801339BB22F
:109B10001380092B9CD9130000221A8045F2483388
:109B2000C2F200031A8045F23C33C2F200031A600D
:109B30005A609A604EF69400C0F20000FCF701F9FA
:109B400086E745F25830C2F20000FFF791FD002889
:109B500000D07DE745F25830C2F200000023C45E19
:109B60000223C55E0423C65E428845F23033C2F24A
:109B700000035988521A428082889B88D31A8380B6
:109B8000FFF786FD45F23A33C2F200031B78002B43
:109B900000D15DE745F25833C2F2000300215A5E5E
:109BA0000221585E0427DF5F45F23733C2F200031B
:109BB0001B784EF6B001C0F20001049303970290A7
:109BC000019200962B00220006A803F0BBF806A81D
:109BD000FCF7B7F83CE730B589B0FFF70BFEFAF7B2
:109BE000CFFEFFF7A4F8FEF74FFEFEF771FE00254B
:109BF000002420E044F6E613C2F2000300221A70AB
:109C000044F6E613C2F200031B78002BF8D044F6AA
:109C1000E613C2F2000300221A706B461A8045F266
:109C20009C30C2F200006A46092102F0C0F86B467F
:109C30001B88E4180135032DDCDDA00880B240F25A
:109C40003973984224D845F26434C2F200040122E8
:109C500040F20621200000F059FE012240F20721C7
:109C6000200000F053FE012240F60F11200000F00A
:109C70004DFE002240F20941200000F047FE002284
:109C800040F20841200000F041FEFAF788FCFCE7B2
:109C9000FFF75FF8FCF705F848F20002C0F2014256
:109CA00045F26430C2F2000040F2001100F0F2FE12
:109CB000FDF7E6FAFBF712F8FAF757FCFFF7B1FBEE
:109CC0000120FFF79EFC00F053F90200E8B900F014
:109CD000C1F9020010BB45F28040C2F2000001F061
:109CE000AAFAFFF71BFEFEF775FE40F2C113984279
:109CF0001DD940F64E43984200D879E044F6E0136F
:109D0000C2F2000301221A7072E04EF6DC01C0F2CA
:109D100000010020FFF76CFB00BED8E74EF6DC0127
:109D2000C0F200010020FFF763FB00BED3E7FEF79F
:109D30003DFC5DE0FAF733FC44F2FC63C2F2000341
:109D400000221A80FEF7E4FFFAF7FDFFFBF780F828
:109D5000FBF7C2FB45F25433C2F200031B78002B21
:109D600063D145F25232C2F20002138801339BB232
:109D70001380092B59D9FBF7E5FB45F25433C2F2A6
:109D8000000301221A7050E0FAF709FC44F2FC6368
:109D9000C2F2000300225A80FEF71CFEFFF747FDC7
:109DA0004DE0FAF7FCFB44F2FC63C2F20003002230
:109DB0009A80FBF7EFFFFEF76DFE4AE0FAF7EFFB44
:109DC00044F2FC63C2F200030022DA80FFF7F3FDE5
:109DD00049E0FAF7E4FB44F2FC63C2F2000300221C
:109DE0001A81FEF75BFF4AE0FAF7BBFD00286BD152
:109DF00044F6B213C2F200031B78002BF8D044F6ED
:109E0000B213C2F2000300221A70FAF7C8FBFBF784
:109E100049F9FDF7F7FB44F2FC62C2F20002138835
:109E200001339BB21380092B84D844F2FC62C2F246
:109E30000002538801339BB25380132BA4D844F201
:109E4000FC62C2F20002938801339BB29380312BF3
:109E5000A7D844F2FC62C2F20002D38801339BB25D
:109E6000D380632BAAD844F2FC62C2F200021389A9
:109E700001339BB2138140F2F3129342A9D844F20A
:109E8000FC62C2F20002538901339BB2538140F25B
:109E9000E7329342A8D9FAF782FB44F2FC63C2F29C
:109EA000000300225A81FEF7A7FDFEF78CFD030098
:109EB0004EF6FC02C0F200022021684602F00EFFBE
:109EC0006846FBF73EFF8FE745F23734C2F20004E5
:109ED0002578EDB2FEF777FF020044F2DC70C2F2A3
:109EE00000002900FAF7A8FB2378042B00D17FE7B4
:109EF00044F2DC73C2F200031B78DBB944F2DC737A
:109F0000C2F200035B78ABB944F2DC73C2F2000327
:109F10009B787BB945F26032C2F2000213680133CC
:109F2000136040F28332934200D861E70520FEF7C8
:109F3000A3FE5DE745F26033C2F2000300221A601F
:109F400056E710B538B94CF20003C4F27E039022F4
:109F50000121995410BD0228FCD14EF61871C0F2AF
:109F6000000145F26430C2F2000000F082FDF1E72A
:109F700010B54EF66C51C0F2000145F20040C2F23D
:109F8000000001F035FB28BB4EF61051C0F2000175
:109F900045F2E030C2F2000001F02AFB50BB4EF661
:109FA000C851C0F2000145F22040C2F2000001F0A9
:109FB0001FFB00282ED14EF6B441C0F2000145F23D
:109FC000C030C2F2000001F013FB0400002831D1C0
:109FD000200010BD4EF60C13C0F200034EF62C42CA
:109FE000C0F200024EF63411C0F200010020FFF76B
:109FF000FFF9C9E74EF60C13C0F200034EF62C42EF
:10A00000C0F200024EF63411C0F200010020FFF74A
:10A01000EFF9C4E74EF60C13C0F200034EF62C42E3
:10A02000C0F200024EF63411C0F200010020FFF72A
:10A03000DFF9C0E74EF60C13C0F200034EF62C42D7
:10A04000C0F200024EF63411C0F200010020FFF70A
:10A05000CFF9BDE710B545F20040C2F2000001F0B3
:10A06000EAF8C0B945F2E030C2F2000001F0E3F8CE
:10A0700008BB45F22040C2F2000001F0DCF850BB02
:10A0800045F2C030C2F2000001F0D5F8040000280B
:10A0900031D1200010BD4EF65013C0F200034EF631
:10A0A0002042C0F200024EF63411C0F2000100203E
:10A0B000FFF79EF9D6E74EF65013C0F200034EF6B6
:10A0C0002042C0F200024EF63411C0F2000100201E
:10A0D000FFF78EF9CDE74EF65013C0F200034EF6AF
:10A0E0002042C0F200024EF63411C0F200010020FE
:10A0F000FFF77EF9C4E74EF65013C0F200034EF6A8
:10A100002042C0F200024EF63411C0F200010020DD
:10A11000FFF76EF9BDE710B503000A0045F2E03025
:10A12000C2F20000190001F0E3F8040008B92000B1
:10A1300010BD4EF67413C0F200034EF60442C0F296
:10A1400000024EF63411C0F200010020FFF750F972
:10A15000EDE710B503000A0045F20040C2F200002E
:10A16000190001F0C5F8040008B9200010BD4EF632
:10A170007413C0F200034EF6E832C0F200024EF64D
:10A180003411C0F200010020FFF732F9EDE710B5FD
:10A1900003000A0045F20040C2F20000190001F07D
:10A1A000A7F8040008B9200010BD4EF67413C0F2E1
:10A1B00000034EF6CC32C0F200024EF63411C0F26B
:10A1C00000010020FFF714F9EDE710B503000A00C5
:10A1D00045F2C030C2F20000190001F089F8040015
:10A1E00008B9200010BD4EF67413C0F200034EF6FD
:10A1F000B032C0F200024EF63411C0F2000100206D
:10A20000FFF7F6F8EDE710B503000A0045F2C0309D
:10A21000C2F20000190001F06BF8040008B9200038
:10A2200010BD4EF67413C0F200034EF69432C0F225
:10A2300000024EF63411C0F200010020FFF7D8F8FA
:10A24000EDE710B503000A0045F22040C2F200001D
:10A25000190001F04DF8040008B9200010BD4EF6B9
:10A260007413C0F200034EF67832C0F200024EF6CC
:10A270003411C0F200010020FFF7BAF8EDE710B585
:10A28000FFF7A9FC002010BD44F20023C4F2040330
:10A2900000221A70FF321A700020704706207047A3
:10A2A0000620704744F20023C4F204039B889BB24B
:10A2B0000B6043F6FF7213400B6000207047816013
:10A2C0004260C360002070470F2805D04FF2900312
:10A2D000C0F20003185C70470720FCE770B50D0062
:10A2E00044F20023C4F204035C8820090F231840C1
:10A2F0000C3B1C40002300E00133062B0ED84FF22C
:10A30000B802C0F20002D25CA242F5D14FF29C0228
:10A31000C0F2000299008A586A60EDE74EF200032D
:10A32000C4F201031A6A110A07231940120E1340DE
:10A3300045F2D452C2F2000214689C40CC40FFF7B0
:10A34000C3FFC4402C60002070BD0020704770B572
:10A3500005000C00FFF7F9FF50BB2379DB01DBB2EE
:10A3600044F20021C4F204018B7122784FF2B80349
:10A37000C0F200039B5C03221A4066783601FF237B
:10A3800033401343A678360343F2000232401A43A7
:10A39000E678360240F20033334013434B80637952
:10A3A000DB01DBB20B7244F25443C0F257032B6063
:10A3B00070BD4161826100207047FFFF30B5046AC3
:10A3C000A3787B252B40A37083789B079B0FD21A21
:10A3D0000261CB18C360026A9378802464422343ED
:10A3E000DBB29370827803231340022B04D0036AFC
:10A3F0000A78DA70002030BD0988026A024B0B43EC
:10A400009BB2D381F6E7C04600FEFFFF10B58B7804
:10A4100043704A7892070378920F0324A3431343AF
:10A420000370CB788374C3795C22934309780A4024
:10A430001343C37110BDFFFF10B50B7813B9036A46
:10A44000224A9A828B781B01CA78D20013434A7839
:10A45000032A03D0002A2CD0F22202E03D3213431B
:10A46000B232046ADBB22370046AD2B2A271C96943
:10A470000B7B5B00026A0224234053734A78D201AB
:10A48000FF2313408C786401202222401343026A88
:10A49000002414720A78023AD2B2012A0ED8026A53
:10A4A000FF3454700A78022A05D0026ADBB2D371F5
:10A4B00010BDE222D5E70E321343F6E7026ADBB2A3
:10A4C000D3714968006AFFF7A1FFF1E700F8FFFFC9
:10A4D000F0B5C64600B584B004009446806AD8B191
:10A4E0006B460600A4CEA4C31D0033682B60E3694D
:10A4F0001B780360816063460371E36AC360636A2B
:10A500009847A26A22B16B4631CB31C21B681360F7
:10A5100004B080BCB846F0BD6846E8E770B50600F8
:10A520000D001400100002F070F9200002F016F97E
:10A5300032002900200002F032F970BD70B505002C
:10A540000C00897A0B22A256FFF7E8FF2179052239
:10A55000A2562800FFF7E2FFA1790722A2562800A1
:10A56000FFF7DCFF217A0922A2562800FFF7D6FF69
:10A5700070BDF8B504000D000B7843F6000CC0F276
:10A58000002C63445B01036200230370C1614A69CC
:10A5900042628A69C2628362837803229343012202
:10A5A000134383704B782BB98378032293430222A1
:10A5B0001343837029002000FFF7C0FFEFF31086DC
:10A5C000012080F3108846F6FC73C4F204035A6835
:10A5D0002F7880210906F9408A435A605B6886F328
:10A5E0001088226A00239370226A1371226A5372C0
:10A5F000226A9372226AD372226A53832A7840F2C3
:10A600000723D340184202D0236A4022DA74236A17
:10A6100006221A7729002000FFF70EFF0023E360CF
:10A6200023616361A361ED692E78E3690520185603
:10A6300002F0E3F8E3690B20185602F0DEF8E36954
:10A640000720185602F0D9F8E3690920185602F0DD
:10A65000D4F80323334070221343DBB2226A937091
:10A660006B89238144F65513C5F2433363600020A0
:10A67000F8BDFFFF10B5EFF30384E405E40D103CD3
:10A6800064B2200002F06AF845F24853C2F20003B7
:10A69000A400E058C3691B6993B103697BB9026ADE
:10A6A00093787F210B4004210B43DBB2937000238E
:10A6B000C360436A1BB180220021FFF709FF10BD70
:10A6C0000369002BE9D0827803231340022B0DD0BD
:10A6D000C268036A1278DA70026983789B079B0F5D
:10A6E000D21A0261C268D318C360D6E7C36819885A
:10A6F000026A024B0B439BB2D381EDE700FEFFFFE2
:10A7000010B582B0EFF30384E405E40D103C64B2AD
:10A71000200002F023F845F24853C2F20003A400DF
:10A72000E458A27803231340022B0DD0236A5B79EF
:10A730000193A3697BB9636A23B1019904222000C4
:10A74000FFF7C6FE02B010BD236A1B8A40F2FF125B
:10A7500013400193EDE76069A2789207920F01A977
:10A7600002F05CFB6269A3789B079B0FD2186261C1
:10A77000A269D31AA361002BE4D1636A002BE1D054
:10A78000012200212000FFF7A3FEDBE710B5EFF365
:10A790000384E405E40D103C64B245F24853C2F270
:10A7A0000003A200D058026A93787B210B4093707B
:10A7B000436A1BB102220021FFF78AFE200001F04C
:10A7C000CDFF10BD70B5EFF30384E405E40D103C3C
:10A7D00064B245F24853C2F20003A200D058827816
:10A7E00003231340022B1AD0036A5979C9B2036AB2
:10A7F0001D7938222A40ED0605D51D7FED0702D4CC
:10A8000040252A43D2B21D793826B5431D71436ACB
:10A810000BB1FFF75DFE200001F0A0FF70BD036AE1
:10A82000198A40F2FF131940E1E7EFF31081012389
:10A8300083F3108845F24453C2F200031B683BB90E
:10A8400040F60053C4F204030022DA704032DA709A
:10A8500045F24453C2F200031A6801321A6081F3D0
:10A8600010887047EFF31082012383F3108845F2BC
:10A870004453C2F200031B6833B145F24453C2F2A1
:10A88000000319680139196045F24453C2F200030C
:10A890001B683BB940F60053C4F204030021D97091
:10A8A0008031D97082F31088704700230360002044
:10A8B000704710B50B0AFF20084040F60004C4F2B0
:10A8C00004041901091889000B599B07DB0F137049
:10A8D000002010BD090A490140F2000CC4F2040C2A
:10A8E00061444B6813800020704718001040D24329
:10A8F00012B21A40090A490140F2000CC4F2040CD9
:10A90000614412041043886000207047FF20084013
:10A91000012383409BB26AB91A000023090A490146
:10A9200040F2000CC4F2040C6144120413438B6027
:10A93000002070470022F1E710B51000090A490114
:10A9400040F2000CC4F2040C61440A681C0004408C
:10A95000834322439A430A60002010BD090A49013B
:10A9600040F2000CC4F2040C61444B681B0C1380D1
:10A97000002070470B0A5B0140F2000CC4F2040C8B
:10A9800063445868000CFF231940FE3B8B4099B28A
:10A9900003408B4203D00023137000207047012333
:10A9A0001370FAE718001040D24312B21A40090A95
:10A9B000490140F2000CC4F2040C6144120410433B
:10A9C000C86000207047000A400140F2000CC4F249
:10A9D000040C604401238B40C168012A04D09943D0
:10A9E0001B040B43C36070471A0491430B43F9E700
:10A9F00010B5FF23080098431940FFF7E4FF00203B
:10AA000010BDFFFF30B50300CA030FD5020AFF24B3
:10AA1000044040F60000C4F2040012011219920032
:10AA20001558084C254015500C401450180AFF22A8
:10AA3000134040F60002C4F204020001C018800076
:10AA4000815030BDFFFFFEFF70B50500FFF7EDFE42
:10AA5000002408E06B68E2009B1898881968FFF7EB
:10AA6000D1FF0134A4B22B88A342F3D8FFF7FAFE3A
:10AA700070BD10B545F25423C5F24F0303600800C2
:10AA8000FFF7E2FF002010BD10B50800FFF7DCFF64
:10AA9000002010BD70B50C001500FFF7C6FE2900A0
:10AAA0002000FFF7AFFFFFF7DDFE002070BD00289C
:10AAB0000ADB1F2202404009012393404EF200129C
:10AAC000CEF20002800083507047F0B583B00400DE
:10AAD000806B90B16B460200C0CAC0C3E36B0360D9
:10AAE0000171636B9847A36B13B16A4621CA21C3F6
:10AAF0002B230022E25403B0F0BD6846EEE710B508
:10AB000082B004004EF20003C4F201031B6A0193F9
:10AB1000019B40F60072C0F6007213400193019B46
:10AB20001B0A0F221A400198000E21690B7CDBB230
:10AB3000121A93409B082C22A25C002A55D00023B5
:10AB40002822A3542362A269E2612622A15C013279
:10AB5000A1540432A3540232A3540132A35401324B
:10AB6000A3540132A35423685A6A1378012B45D0A9
:10AB7000042153785B00DBB20B4351790901C9B260
:10AB80000B439179C901C9B220690B43C370216994
:10AB90000B79102003430B7121690B790820834343
:10ABA0000B7121690B79083083430B712169D279CC
:10ABB0000879D2017F23034013430B712269537933
:10ABC00001210B43537123680F201856FFF76FFFC5
:10ABD0002369BF22DA712C23E35C8BB92369BD3A68
:10ABE0005A70002002B010BD013B1BB14A78D20957
:10ABF000002AF9D14BB1B323CB71A0E70521B8E707
:10AC00002C230022E2540020ECE70820EAE710B5EC
:10AC100041618261027A012A07D05A1E9341DBB258
:10AC200029228354FFF76BFF10BD24320021815489
:10AC300042685200D2B21A432431425426222339A8
:10AC40008154EAE710B52A2403550123FFF7DFFFFB
:10AC500010BD10B52A2403550023FFF7D8FF10BDFF
:10AC60002623C35C032B0CD02423C25C03699A7493
:10AC70002822835C01338354013A835C013B835473
:10AC800070472533C35C022BEED12E33C35C002BFF
:10AC9000F6D0E9E770B504000D0003691F221A70B1
:10ACA000036940321A70036980321A7003685B6A64
:10ACB0001A79016920235B421A43D2B20A740268EE
:10ACC000526AD17802690B43DBB2537403685B6A42
:10ACD0009B781B0170221340026908210B43DBB2F1
:10ACE000937003685B6A1A78012A33D004215B7879
:10ACF0005B00DBB222690B43D37023685A6844F2CD
:10AD00004023C0F20F039A4226D0772223695A715A
:10AD1000236900229A712369B332DA71112028560F
:10AD2000697B220001F082FD0F202856697B2200FA
:10AD300001F07CFD10202856697B220001F076FD91
:10AD40000E202856697B220001F070FD23699F22A6
:10AD50001A7070BD0521CAE7F722D7E7F8B50400DD
:10AD60000B7840F2305CC0F2400C63441B0203617C
:10AD700001608B6843600B7B0372CB6943630B6A92
:10AD8000C36300258563EFF3108C012282F31088E2
:10AD900046F6FC73C4F2040358680F780926F61BC4
:10ADA000B240904358605B688CF310882000FFF736
:10ADB00071FF6561A561E56125622923E5540133D1
:10ADC000E5540133E5540133E55444F64313C5F229
:10ADD0004923E3600020F8BD10B5040079B90023D1
:10ADE000E3612622A15C0232A154A26922622C22D4
:10ADF000A354023AA35423698932DA7110BD03695E
:10AE00000022DA710168FFF745FFE8E770B504003A
:10AE100003695A7AD0B2597A1F25A943597203237C
:10AE20001340102115000D400A4205D022695278C6
:10AE3000520624D5002200E0002213430BBB1DB1B3
:10AE4000226953785B0628D408231A000240034283
:10AE500005D12433E35C002B45D040070ED52B23CE
:10AE6000E35C002B36D12933E35C002B30D0022188
:10AE70002369B322DA712000FFF727FE70BD01229B
:10AE8000DBE72B230122E25401212000FFF7A4FF7E
:10AE900001212000FFF719FEF0E72B230121E154E7
:10AEA000233B537023685B6A19785A791201D2B236
:10AEB0009B79DB01DBB220690A431343022213436F
:10AEC000DBB2C3702269537901210B435371D5E77B
:10AED0000321CDE70AB90121CDE700212000FFF7CA
:10AEE0007BFF0121C7E74007C8D523685B6ADB7990
:10AEF000002BC3D004212000FFF7E7FDBEE710B50B
:10AF00000400C369032B0FD0022B24D0012B10D1D6
:10AF10002933C35C002B2ED101694B7A082293435D
:10AF20004B7203695A7004E00269137940210B43A4
:10AF3000137121696269236AC97CD154236A013380
:10AF40002362E369013BE36123B92269137940215C
:10AF50008B43137110BD0269137910210B431371D8
:10AF60000269137908210B431371026913791021C7
:10AF70008B431371DDE703680F20185601F045FC81
:10AF80002269D17980235B420B43D3712269137903
:10AF900010210B4313712269137908218B4313711C
:10AFA0002269137908318B431371236904225A7083
:10AFB00021694B79033A93434B712C23E254B8E750
:10AFC00010B582B004002D23C35C002B2ED1836901
:10AFD000022B04D80269137940210B431371E369F2
:10AFE000012B0ED023685B6ADB79D3B92369DB7C44
:10AFF000DBB26A46D371D3792D230122E25402B029
:10B0000010BD2269137910210B4313712269137942
:10B0100008210B4313712269137910218B4313719B
:10B02000E0E705212000FFF750FDDFE7C369002BB3
:10B03000E5D003685B6ADB791BB92000FFF75FFF8F
:10B04000DDE70521FFF741FDF7E710B504000368D0
:10B050005B6ADB79FBB92923E35C1BB12723E35C43
:10B06000012B1CD0E3694BB92A33E35CE3B92169B6
:10B070004B7A082293434B7223695A702269D37921
:10B0800040218B43D371C02222B32369DB795B0655
:10B0900020D5013AF8E70521FFF717FDDBE72F334D
:10B0A000E35C002BEAD0DDE723680F20185601F09F
:10B0B000ACFB2269D17980235B420B43D3712369B6
:10B0C00004225A7021694B79033A93434B712C2324
:10B0D000E254D3E710BD10B504002723C35C3BBB8B
:10B0E0002923C35C33BB03685B6ADB7923B12B2361
:10B0F000C35C0BB9036AF3B9E36953B16169226AAE
:10B1000023698A5C9A74236A01332362E369013BF1
:10B11000E361E36973B92269D1797F330B40D3715D
:10B12000C02262B12369DB79DB0943B1013AF8E758
:10B13000FFF796FD10BD0521FFF7C7FCDCE723688C
:10B140001020185601F00AFB23681B7C5BB2002B11
:10B150000BDB1F2119405B0901228A404EF20011CE
:10B16000CEF2000160339B005A502269D37940210E
:10B170000B43D371DEE710B5EFF30380C005C00DBC
:10B18000103840B201F0EAFAEFF30383DB05DB0D80
:10B19000103B5BB245F24852C2F200029B00985845
:10B1A000FFF70EFF10BD10B5EFF30380C005C00D13
:10B1B000103840B201F0D2FAEFF30383DB05DB0D68
:10B1C000103B5BB245F24852C2F200029B00985815
:10B1D000FFF781FF10BD10B5EFF30383DB05DB0D37
:10B1E000103B5BB245F24852C2F200029B009858F5
:10B1F000FFF72BFFEFF30380C005C00D103840B2FE
:10B2000001F0ACFA10BD10B5EFF30383DB05DB0DE5
:10B21000103B5BB245F24852C2F200029B009858C4
:10B22000FFF7F4FDEFF30380C005C00D103840B206
:10B2300001F094FA10BD8368C2685A60002070471C
:10B24000416001230374C268134201D000230374D8
:10B250000B7C40F2807CC0F2400C63441B02836094
:10B260004B6943618B69C3610023836170478268C6
:10B2700080231B0613618268536182689361826830
:10B2800000235362826893627047F0B58668B56E9A
:10B2900001354F424F410024A94264413C431CB355
:10B2A000DB0713D4746BE406E40E43681B78032BAE
:10B2B00010D91023234058424341DBB201B913B1E6
:10B2C0008D420ED86BB1022353600FE0746BE40221
:10B2D000E40EEAE70C232340043B58424341DBB22F
:10B2E000ECE70323536001E001391160F0BDFFFF7B
:10B2F000F0B5C64600B582B00600884614000327A4
:10B30000174001235B4200930023019313006A4618
:10B31000FFF7BBFFB068056B019989B923072CD4EF
:10B320000223A2072BD5009A94461A0012329200EB
:10B33000821860465060B26813339B00D31858607F
:10B34000630605D5B268106C8023DB0303431364E6
:10B35000012F03D0134B2B400D041D43022C17D09B
:10B3600027B1114B2B40019D2D061D43B3681D6372
:10B37000002002B080BCB846F0BD0423D1E7DB1941
:10B38000009A944612339A00821863465360D7E7B6
:10B390000029E5D001236A4641463000FFF775FFDA
:10B3A000DEE7C046FFFFFCFFFFFFFFFC8B010A0149
:10B3B000134340F2001213430278022A04D0032AF6
:10B3C00005D031B1092000E009201843704703205F
:10B3D000FBE70620F9E74368DB6930229A5CD20775
:10B3E00003D59A6A8168013ACA6430229A5C92074E
:10B3F00003D5DB6A8268013B13657047F0B5C6462A
:10B4000000B584B004009446806998B101AB050092
:10B41000C4CDC4C3017163468360E369036063699B
:10B420009847A36913B101AA31CA31C304B080BCE3
:10B43000B846F0BD01A8EDE710B5002800DA10BD50
:10B4400001F0F4F9FBE7F0B5C64600B582B00400A0
:10B450000D00CE69EFF31081012383F3108846F6C7
:10B46000FC73C4F20403DB682A7C002A00D0A8E045
:10B47000213A1A4046F6FC73C4F20403DA60DB6832
:10B4800081F31088A3684AF200521A60A268002370
:10B49000D362A268D363A26893642B7A5B081B060D
:10B4A0006F68013F2A78032A00D18DE0A268D36239
:10B4B0002000FFF7DCFEA368B269DA61A368F269D5
:10B4C0001A62A3689F66A3685F66B36B9846012300
:10B4D0005B420093002301932B781BB96B685B08D8
:10B4E000013B00932B78012B00D971E0A268009BEF
:10B4F0005365A26893652A78032A03D9A268D365A5
:10B50000A2681366019B1F041B061F43B36B93B90C
:10B51000337833B171782800FFF748FF434603437F
:10B520009846B3783BB1F1782800FFF73FFF00045D
:10B530004346034398462000FFF74DFFA2680023CF
:10B540009363A16888228B50B36B4BB92033F35CB3
:10B550005B03424613432122B25C52071A439046D2
:10B560003023F35C002B3AD1AA22D203A3681A64D9
:10B570002B78012B36D0A36842465A63A268032376
:10B580003B431363A368012217431F63A368E26868
:10B59000DA6012202856697C2200FFF74DFF222333
:10B5A000F15C0233F0562200FFF746FF2323F15CE3
:10B5B0000233F0562200FFF73FFF02B080BCB846CE
:10B5C000F0BD4122524254E78022520213436DE7FC
:10B5D000E96800236A462000FFF757FE86E7A022AD
:10B5E000D203C3E7A2680023D364A2681365C2E74D
:10B5F00070B504000D000A7C01239340C360FFF77F
:10B600001FFE29002000FFF71EFF45F25403C0F281
:10B6100047032360002070BD70B5EFF30384E40599
:10B62000E40D103C64B2200001F098F845F2485354
:10B63000C2F20003A200D5586B681B78012B07D01B
:10B640006B6923B1002200212800FFF7D7FE70BDEF
:10B65000AB68EA689A60AA6800239364AA68D36416
:10B66000AA681365200001F087F8E9E74CF20003AF
:10B67000C4F27E0343F6B0729A5A81231A4203D170
:10B6800000230B700020704701230B70FAE706209F
:10B69000704710B54FF20C13C0F200030A0011CB33
:10B6A00011C24FF2F403C0F2000311CB11C200200B
:10B6B00010BD06207047C26844F23F2CC0F20F0C48
:10B6C000624444F24023C0F20F03B2FBF3F3C360C1
:10B6D00048F63F21C0F2F7118A4203D9DA0701D5B3
:10B6E0000133C360836844F23F2CC0F20F0C634403
:10B6F00044F24022C0F20F02B3FBF2F3836040F247
:10B7000083525A4340F2060CB2FBFCF2026140F253
:10B7100076325A43B2FBFCF2426158225A43B2FBE2
:10B72000FCF2826146F6B822C0F205025A43B2FB2F
:10B73000FCF2C2615A01D21A9200D21891018A1AFF
:10B740009201B2FBFCF202624EF66852C0F2220293
:10B750005A43B2FBFCF242624CF20003C4F27E0395
:10B7600043F6C07200219954704710B540F2000CA6
:10B77000CBF6F05C61440C0C4CF20003C4F27E0387
:10B7800040F210129C5289B2083A9952017828323C
:10B7900099501C3A8121995410BD10B500230360C3
:10B7A0004368112018560300213301D1002010BD39
:10B7B00001F02BF8FAE710B504004EF20003C4F2D2
:10B7C00001031B6A1B0E0721194045F2D453C2F234
:10B7D00000031B681A008A40CA40C26040F6FF019D
:10B7E000C0F23D018A4211D844F24021C0F20F015B
:10B7F0008A420BD048F28041C0F21E018A4205D035
:10B800004CF2C061C0F22D018A4223D14EF20002F7
:10B81000C4F20102116A090E07220A409340D34084
:10B82000A3602000FFF747FF4CF20003C4F27E0341
:10B8300090229B5C012B01D1002010BD4CF2000333
:10B84000C4F27E0301219954A168062001F074FF1F
:10B850000020F2E740F2F610EFE7FFFF10B504001A
:10B860004CF20003C4F27E0343F6B0720A499952C7
:10B870008168062001F060FF102001F075FFA168CB
:10B88000032001F059FF63681A7802B910BD112036
:10B89000185600F0B2FFF9E780AAFFFF10B501F0DB
:10B8A0008BFF002010BD70B50400FFF7D7FFE368E1
:10B8B0001F2B13D9203B5B081F333F2213404CF250
:10B8C0000002C4F27E0240F2D81011583F25A9436D
:10B8D0000B431350200001F027FF70BD013B1F22D6
:10B8E00013404CF20002C4F27E0240F2D81011580C
:10B8F0003F25A9430B431350ECE710B5040041600A
:10B900000B783BB934230022E2542000FFF753FFA9
:10B9100038B110BD11200856097C220000F086FFC6
:10B92000F0E72000FFF7BFFF0028F2D144F24E53AA
:10B93000C4F650732360ECE710B50400FFF73BFF3B
:10B9400000B110BD2000FFF7AEFFFAE710B504000C
:10B9500041691823122201F01FFF48B9A36A01337D
:10B96000A362E16A0131E162206B0138206300B912
:10B9700010BD1800FFF7F9FE0820F9E770B50500C3
:10B98000C2628162036343681B7813B134230122CE
:10B99000C2542800FFF762FF4CF20003C4F27E039A
:10B9A00040F2041200219954E96AA86AFFF7DDFE0B
:10B9B0006B681B7853B92800FFF7C8FF04000828FC
:10B9C000F9D020B9280001F0AFFE00E000242000EB
:10B9D00070BDF8B504000D0017001E00FFF73EFF14
:10B9E0000023CBF6F053E818A062276331007943B7
:10B9F000842201F0D9FE63681B7813B1002528006A
:10BA0000F8BD216A794319331122200001F0C4FEE8
:10BA100005000028F3D1200001F086FEEFE7F8B51D
:10BA200004000D0016001F00FFF718FF0023CBF6DF
:10BA3000F053E8188322310001F0B6FE63681B78EA
:10BA400023B102233B7000252800F8BDA169714392
:10BA500040F2F8131022200001F09EFE050000289D
:10BA6000F2D14CF20003C4F27E0340F228129B583C
:10BA70001B0705D501233B70200001F055FEE3E7CD
:10BA800000233B70F8E770B50400342000252554EE
:10BA90004FF6FF70C0F2010081420ED96068007855
:10BAA00010B13420032525542000FFF7B8FF05000E
:10BAB0000DB1082D06D1280070BD200001F084FED4
:10BAC0000500F5E7200001F077FEF4E710B5342318
:10BAD0000024C4544FF6FF73C0F2010399420CD9FD
:10BAE000890A890243681B7813B134230224C454A1
:10BAF00040F20043FFF76DFF10BDC90AC90240F6CE
:10BB0000000301F009FEF7E710B501F025FE10BDB6
:10BB100070B53424002505554FF6FF74C0F20104BA
:10BB2000A24202D801F028FE70BDFFF727FFFBE715
:10BB300010B501B912B101F027FE10BD0120FCE7DC
:10BB400010B501F001FE10BD10B50022002101F07A
:10BB5000FBFD10BD037B5BB181680C310A78D20715
:10BB6000D20F0B789B07DB0F9A42FAD10020704767
:10BB700081680831F2E770B5037B8BB183680C33C1
:10BB8000C869047822000579C6780720304054B986
:10BB9000097AA1B102225140C9B20A01002105E08F
:10BBA00083680833ECE7502C0BD0097A02431D71EF
:10BBB00000209871D2B25A70C9B2997070BD00213C
:10BBC000F4E70021F2E7016143681A7C45F208536B
:10BBD000C2F200039200D1500139037B13B1836894
:10BBE00019607047836889B21980FAE770B504005C
:10BBF000FFF7B0FF050048B9237B4BB1A6680C36B0
:10BC000063681B78012B06D0F1233370280070BDC8
:10BC1000A6680836F4E721692000FFF7D4FFF3E7B0
:10BC2000F8B5CE46474680B504000D0041600027B8
:10BC300007730A7C120244F20003C4F20803D3180B
:10BC4000836044F2080CC4F2080C6244EFF3108CD9
:10BC500040F2010989F3108846F6FC73C4F204032C
:10BC6000D8680E7CB04603264146761A4946B14054
:10BC70008843D860DB688CF31088177013789B07B3
:10BC8000FCD40023937029002000FFF774FF69683B
:10BC90002000FFF798FF1220285600280FDA6B6962
:10BCA0006361AB69E3610023A36144F25473C0F2A2
:10BCB000410323600020C0BCB946B046F8BD697C92
:10BCC000220000F0B3FDEAE7F0B5C64600B584B047
:10BCD000EFF30384E405E40D103C64B2200000F0AF
:10BCE0003DFD45F24853C2F20003A400E458237B13
:10BCF00053B3A5680C352A78D2B21300616809786D
:10BD0000012924D06269C2B1A269944632B301AA62
:10BD10006146C1C9C1C29B0602D5002362461371A8
:10BD2000E36962461360636960469847A36913B18B
:10BD300001AA51CA51C32B78DBB20F2213402B70DA
:10BD400004B080BCB846F0BDA5680835D3E7F4233D
:10BD50002B70E53B9A4313002A70D3E701AA94465F
:10BD6000D9E7E0B1826844F24343C5F241239A42E5
:10BD700017D1C26844F24343C5F241239A4212D11B
:10BD800002688023D35A9BB248F201018B4202D051
:10BD90001388DB0B4BB9838A138000207047012086
:10BDA000FCE70720FAE72120F8E70820F6E710B5BE
:10BDB00098B3A2B3846844F24343C5F241239C4242
:10BDC0002FD1C46844F24343C5F241239C422AD197
:10BDD000CBB21F2B15D801238B4040F2FF74C0F269
:10BDE0007E0423420BD043685B699B79012B1CD0F6
:10BDF000036810314900CB5A1380002012E0012063
:10BE000010E00333DBB2012BEDD90B1DEBD032294F
:10BE1000E9D03329E7D0012004E0012002E001202D
:10BE200000E0072010BD2120FCE70120FAE7D0B395
:10BE30000388002B39D14EF20003C4F201031A6AC1
:10BE4000072319001140120E1A4045F2D453C2F2D2
:10BE500000031B689340CB4044F23F22C0F20F0224
:10BE6000934225D9426913780BB1832B22D8052B35
:10BE70000CD08378012B01D01179E9B191783F2959
:10BE80001CD0E9B1012B06D000200DE0C378002BB7
:10BE9000EFD0012008E0D3783F2B13D00BB1002066
:10BEA00002E0012000E00120704740F27A50FBE7F9
:10BEB0001B20F9E70120F7E70020F5E70120F3E771
:10BEC0000120F1E70120EFE7C3780BB900207047AC
:10BED0000120FCE78B7C0BB9002070470120FCE7B8
:10BEE00010B5030028B3028910001AB340F60020F1
:10BEF00040F60021114081420BD052041BD55989D4
:10BF00009A89914219D8DA891B8A9A420FD800205F
:10BF100010E0997C1F2908D90420091A1C68012007
:10BF200088402042E9D0012004E00020F5E701200C
:10BF300000E0002010BD0020FCE70120FAE7FFFF31
:10BF400010B504004A68C023DB05100018401A42EF
:10BF500015D10B68C022D20519001140134207D039
:10BF600091420ED00B4A13420DD163689B7863B99E
:10BF700063685B691B791BB149B9080000E00120C7
:10BF800010BD0120FCE70120FAE70120F8E70120BD
:10BF9000F6E7C046FFFFFF9F4EF20003C4F2010325
:10BFA0001A6A072319001140120E134045F2D452A9
:10BFB000C2F2000212689A40CA4040F2E833B2FB73
:10BFC000F3F241F28833534344F24022C0F20F02AD
:10BFD000B3FBF2F30133062B00D80723036070474D
:10BFE00030B583B005000C000023019301A8FFF7D2
:10BFF000D3FF236862681343802189051A000A4031
:10C000000B4209D02868019AD2B2DE214254A268BC
:10C01000920012D440F200125B0012D52868019BF6
:10C02000DBB2DF21435440F200231343A1684900EF
:10C0300006D540F202231A4303E040F20112EBE777
:10C040001A002B6892B25A8203B030BDF8B50600D0
:10C050000C0047680D689DB34FF60003C9F6817365
:10C060001D422FD1BB78012B13D04B68002B2FD151
:10C0700021003000FFF764FF18BB7B691B78A3B178
:10C0800063681D43A3681A00AA431ABB7BB9013039
:10C0900017E04B68C3B14FF60002C9F68172134234
:10C0A00014D12B42E4D001200BE0A368A3B92100F6
:10C0B0003000FFF70FFF20B9E068FFF711FF00E045
:10C0C0000120F8BD0120FCE70120FAE70120F8E794
:10C0D0000120F6E70120F4E70120F2E770B588B00F
:10C0E00004000E00C569A5B120222900684600F0B1
:10C0F00095FE20223100280000F090FEA369280060
:10C100009847E06918B12022694600F087FE08B020
:10C1100070BD0D00F2E7F8B5DE4657464E4645467F
:10C12000E0B505004C698B785B0340F24022134375
:10C13000A078002858D1413AFF3A1A433F2855D0F9
:10C1400040F2002313436279920702D540F2004285
:10C1500013432279002A4BD0802213439BB2AB8237
:10C16000A278120243F600771740E0783F2202409F
:10C1700017430E79F60362785201164322789446EB
:10C18000EFF3108940F2010B8BF3108846F6FC7236
:10C19000C4F20402D068804609888A4610215046BD
:10C1A000091A5846884041468143D160D26889F3D4
:10C1B0001088296847F6FF5213400B802A68BFB2E7
:10C1C00017822A68B6B2D6812B6862461A736379E1
:10C1D0009A0713D42A6861798A23D154F0BCBB46EC
:10C1E000B246A946A046F8BD0022A6E70023A9E76B
:10C1F0003F28B3D148F200021343AFE72968032276
:10C200001343DBB28A228B540121012000F04FFA44
:10C21000E0E710B5002800DA10BD00F007FBFBE7EF
:10C22000F0B5C64600B504000D00002858D008003F
:10C23000FFF7FDFD0600002853D12800FFF744FE5C
:10C24000060000284DD1A26844F24343C5F24123C1
:10C250009A424AD06F69EB681BB10623EB56002B5C
:10C2600034DB6560EB68A3612B69236240F2000850
:10C270004346E3612B885B024CF2000CC4F2050CD0
:10C280006344236029002000FFF745FF062028565D
:10C29000697A2200FFF7BDFF07202856A97A2200FD
:10C2A000FFF7B7FF07203856797A2200FFF7B1FF72
:10C2B00008203856B97A2200FFF7ABFF43462361C6
:10C2C00044F24343C5F24123A3600AE00723FB562F
:10C2D000002BC6DA0823FB56002BC2DA0B2600E03F
:10C2E0000126300080BCB846F0BD0E26F9E7FFFFFE
:10C2F000F0B5DE4657464E464546E0B583B00400ED
:10C300000D000E685A490E4043685B699B466A6897
:10C310000A40AB680B400168B0B28880216890B2D7
:10C320008882216898B208812168300CC880216811
:10C33000120CCA8222681B0C538129002000FFF7CF
:10C340004FFEEB68002B00D18EE01A89110552D503
:10C35000206890214252206859898C469C2167466A
:10C360004752206899898C469E2167464752196832
:10C370008A462068844688B28046942067464146B3
:10C3800039525146080C216889463A498846084086
:10C3900040F2960C49466746C8535146490F2068FB
:10C3A00081460320014040F2920C4F4660463954CA
:10C3B000596820688146019169468888824640F222
:10C3C000980C484667465146C1530199090C8C4662
:10C3D00021688946474661460F4040F29A0849461F
:10C3E00040460F520199490F2068844603200840B7
:10C3F000932167467854198989050FD5997CD87C93
:10C4000027680143A62039542068D9898C46A82181
:10C41000674647522168188AAA23C8522168902388
:10C42000CA522268298A103BD1525B461B797BB1E4
:10C4300027683D881F239D43C6B1300000F05CFB98
:10C44000C0B22D1A1F35ABB23B80A28A1343A38220
:10C4500044F24343C5F24123E36003B0F0BCBB4662
:10C46000B246A946A046F0BD0022D7E72020E8E763
:10C47000FFFFFF9FFF9FFFFF70B504000D0090B10D
:10C4800099B1826844F24343C5F241239A420ED1E6
:10C49000FFF7DCFD060058B929002000FFF728FF50
:10C4A0002B68236104E0012602E0012600E0072654
:10C4B000300070BD30B589B00400EFF30383DB05B5
:10C4C000DB0D103B5BB245F24852C2F200029B000A
:10C4D0009D58EFF30380C005C00D103840B200F046
:10C4E0003DF96B469C706B681B886A46138000237D
:10C4F00013722B6A0193AB691BB169462800FFF7E1
:10C50000EDFD09B030BD10B50020FFF7D3FF10BD21
:10C510004EF20003C4F20103A0229B5CDBB2834213
:10C5200023D04EF20003C4F201036A3A9B5C3BB98C
:10C530004EF20003C4F201033C229B5CDB07F7D5FB
:10C540004EF20003C4F20103A0229B5CDB06F7D489
:10C550004EF20003C4F2010398544EF20003C4F2F9
:10C560000103A0229B5CDB06F7D470474EF2000368
:10C57000C4F2010340F280420121995470474EF207
:10C580000003C4F201032622995C1A6A120E0723E3
:10C59000134044F26472C2F2000289008A58DA4001
:10C5A00045F2D453C2F200031A60704710B544F24A
:10C5B0006473C2F2000346F60042C0F2DC221A6045
:10C5C00041F20022C0F27A025A6048F200029A60F8
:10C5D00042F20042C0F2F402DA6000221A61FFF770
:10C5E000CEFF10BD10B54EF20003C4F201030121CD
:10C5F000312299544FF6C472C4F27E02117040F297
:10C6000000121A62DA3A00219954FFF7B8FF10BD00
:10C6100070B54EF20004C4F2010440F2FE331A4A2F
:10C62000E2524CF20003C4F27E03002543F6C872C6
:10C630009D54FFF7BBFF40F21343E554A2230922A8
:10C64000E254FFF793FF0020FFF762FF3623E55423
:10C650004EF20003C4F201033C229B5CDB07F7D5DA
:10C66000FFF7C0FF4EF20003C4F2010340F2FE32B6
:10C67000064999524CF20003C4F27E0343F6C87295
:10C680000121995470BDC04603A5FFFF00A5FFFF1F
:10C6900044F20003C4F20403282200219954704795
:10C6A000704700BEFEE701380028FCD1704770B526
:10C6B00041430D0045F2D453C2F200031C684CF60E
:10C6C0000023C3F69A33B3FBF4F440F2E8320023BC
:10C6D0000800002100F02EFA31B9B0FBF4F0800818
:10C6E00008B1FFF7E0FF70BDA000B5FBF0F040F22D
:10C6F000E8320023002100F01DFA0029F0D00120CB
:10C700004042EEE710B545F21053C2F2000382003A
:10C71000D35803B1984710BD70B546F20003C4F278
:10C72000000340F220129A5A40F240115D5A15401F
:10C73000002401E00134E4B20C2C07D82B00E340C4
:10C74000DB07F7D52000FFF7DDFFF3E746F2000334
:10C75000C4F2000340F230129D5270BD46F2000355
:10C76000C4F20003C0308000C25802490A40C250DF
:10C77000C3587047FFFFFEFF10B50400FFF7EEFF40
:10C78000BFF35F8F1F2222406409012393404EF2C2
:10C790000012CEF200026034A400A35010BDF0B528
:10C7A000C64600B5904683084EF20017CEF2000749
:10C7B000C0339B00DE5903250540ED00FF24220015
:10C7C000AA40964389010C40AC402643DE5145F215
:10C7D0004853C2F20003800042461A5080BCB8465B
:10C7E000F0BD1F2202404009012393404EF2001287
:10C7F000CEF2000280008350704710B50400FFF7AE
:10C80000BBFF2000FFF7EDFF10BD1F2202404009D3
:10C81000012393404EF20012CEF20002203080003D
:10C820008350BFF34F8FBFF36F8F704710B5040075
:10C83000FFF7B5FF2000FFF7E0FF10BD002300E089
:10C8400001331F2B0FD84FF25402C0F20002D25C0A
:10C85000002AF5D046F20001C4F200011800C030F1
:10C8600080004250ECE7704730B5EFF310810123B0
:10C8700083F3108845F2C853C2F200034200D35A32
:10C880009BB243B145F2C852C2F200024400A35A1F
:10C89000013B9BB2A35245F2C853C2F200034200CF
:10C8A000D35A9BB293B94EF20004C4F2010440F291
:10C8B000FE35635B4FF26012C0F200024000825A04
:10C8C000D24392B2034803431340635381F3108869
:10C8D00030BDC04600A5FFFF70B5EFF31081012306
:10C8E00083F3108845F2C853C2F200034200D35AC2
:10C8F0009BB28BB94EF20002C4F2010240F2FE3547
:10C90000545B4FF26013C0F200034600F35A1C431D
:10C91000074B23439BB2535345F2C852C2F2000265
:10C920004000835A01339BB2835281F3108870BD5B
:10C9300000A5FFFF10B5030045F2D052C2F200027D
:10C940001268A2B145F2D052C2F20002106803335D
:10C9500003229343C31847F22072C2F200029342AB
:10C960000FD845F2D052C2F20002136010BD45F25A
:10C97000D052C2F2000245F22071C2F200011160F1
:10C98000E0E700F039FA0C23036001204042EDE7B4
:10C9900000BE704710B500F041F8FDF770FCFEE7EF
:10C9A00030B583B06B46DC1D002323702378012053
:10C9B000FFF792FFEFF31081012080F3108846F615
:10C9C000FC73C4F204039A68134D2A409A609A6873
:10C9D00081F3108840F60002C4F204021168C9070E
:10C9E000C90F21701168C907C90F21701268D207D9
:10C9F000D20F2270EFF3108180F3108898688022A4
:10CA0000520502439A609B6881F310880120FFF76A
:10CA10002BFF03B030BDC046FFFFFFEF70B544F2FF
:10CA20000004C0F200044EF60053CEF200039C60F6
:10CA30000020FDF786FAFFF7EBFDFFF7B1FF0120BD
:10CA4000FDF77FFA40F60053C4F2000300229A80FB
:10CA5000274A1A802268274951189960DA6046F2FD
:10CA60000002C4F2000240F2201141F200005052D4
:10CA700001229A8045F22072C2F2000244F27870DC
:10CA8000C2F20000121A002100F07CF944F2647234
:10CA9000C2F2000244F20000C2F20000121A4FF289
:10CAA000A021C0F2000100F0B9F944F26075C2F2B1
:10CAB000000544F25C73C2F20003ED1AAD100024CD
:10CAC00007E044F25C73C2F20003A200D358984717
:10CAD0000134AC42F5DBFFF752FDFFF7D9FD022030
:10CAE000FDF72FFAFFF7AAFE0020FFF7D9FD70BD72
:10CAF00000A5FFFF00FCFFFF1C2101231B0498423F
:10CB000001D3000C10391B0A984201D3000A0839DE
:10CB10001B09984201D30009043902A2105C401895
:10CB20007047C04604030202010101010000000039
:10CB300000000000F0B54FF6FF750400CE462C4013
:10CB4000474615400E002900994680B5130C070092
:10CB5000000C61434543584363430C0C5B19E418D4
:10CB60008C46A54203D980235B0298464044230C9F
:10CB700061461B184FF6FF700840494656437943FB
:10CB8000240489192018C918C0BCB946B046F0BDA4
:10CB900010B50A22002100F095F810BDF0B587B05D
:10CBA000059002910392242B22D8012B20D04348D8
:10CBB000082584460800664604780131375D3E004A
:10CBC0002E402F42F6D12D2C19D10C78811C01203A
:10CBD000019010251800A843E8B9302C15D1202663
:10CBE0000878B043582810D14C780231102312E055
:10CBF00000F002F916230360002007B0F0BD019693
:10CC00002B2CE6D10C78811CE3E7002BEED10A3304
:10CC1000302C00D1023B0198294D4619B6FBF3F7A1
:10CC2000180000257843301A049028003022524220
:10CC30009446A4446246092A12D86446A34224DDDD
:10CC40006A1C0AD001256D42874206D302D1049A9C
:10CC5000A24217DB0125584320180C780131E5E783
:10CC6000412252429446A4446246192A01D8373CD4
:10CC7000E4E7612252429446A4446246192A04D849
:10CC8000573CDBE701256D42E7E76B1C09D1222306
:10CC9000059A30001360039B002BAED04B1E02930D
:10CCA00007E0019B03B14042039B002BA5D0002D60
:10CCB000F4D1029B039A13609FE7C04669F100001C
:10CCC000FFFFFF7F10B513000A0001000248006853
:10CCD000FFF764FF10BDC0460C4700200CB430B510
:10CCE000174B0C001D689DB0002908DA8B2301202A
:10CCF0002B6040421DB030BC08BC02B0184740F267
:10CD000008236A46029093820690002301B14B1ECD
:10CD10000493079301236A465B42D382280021AB28
:10CD2000209A02A9019300F0E5F9431C01DA8B2354
:10CD30002B60002CDED00022029B1A70DAE7C0467E
:10CD40000C4700200EB400B50B499CB01DAB0290FF
:10CD50000690079104910948094904CB05910068A0
:10CD600002A9019300F0C6F90022029B1A701CB0C0
:10CD700008BC03B01847C046FFFFFF7F0C470020E8
:10CD80000802FFFF03008218934200D17047197018
:10CD90000133F9E7C9B2037823B18B4200D1704760
:10CDA0000130F8E74B42594149420840F7E730B5B6
:10CDB000050010005AB10024013A2B5D085D834242
:10CDC00004D1944202D00134002BF6D1181A30BDA0
:10CDD000030030B51D0032B10C78013A01332C70DC
:10CDE0000131002CF6D100219A18934200D130BDB8
:10CDF00019700133F9E7FFFF014B18687047C0460F
:10CE00000C4700207047704702780B78002A03D047
:10CE1000013001319A42F7D0D01A7047002310B583
:10CE20009A4200D110BDCC5CC4540133F8E7002312
:10CE3000C25C0133002AFBD1581E704770B5050053
:10CE40000C0079B1043C2368002B00DAE4182800B8
:10CE500000F0DEF81C4A13682BB9636014602800E8
:10CE600000F0DEF870BDA34208D9206821188B427B
:10CE7000F3D119685B6809182160EEE71A005B6856
:10CE80000BB1A342FAD911685018A0420BD1206807
:10CE90000918501811608342E1D118685B68411885
:10CEA00011605360DBE7A04202D90C232B60D6E768
:10CEB000206821188B4203D119685B68091821602A
:10CEC00063605460CBE7C0461C57002070B50F4E1E
:10CED0000D003168040011B900F08EFB30602900AC
:10CEE000200000F089FB431C03D101256D4228007E
:10CEF00070BD0323C51C9D43A842F8D0291A200009
:10CF000000F07AFB0130F2D1EFE7C046185700205D
:10CF1000F7B50322CB1C9343083305001F000C2BED
:10CF200034D20C27B94233D8384E280000F070F8BC
:10CF300033681C00002C2FD139002800FFF7C6FFF2
:10CF40000400431C5FD134680094009B002B4AD13D
:10CF5000002C52D023682800E3180099019300F0B8
:10CF60004BFB019B834248D123682800FF1A3900FC
:10CF7000FFF7ACFF013040D02368DB192360336832
:10CF80005A68002A33D1009B336019E0002BC9DABC
:10CF90000C232B600020FEBD2168C91B20D40B2967
:10CFA0000AD9E2192760A34204D132606368116094
:10CFB000536005E05A60F9E76268A3420ED132601F
:10CFC000280000F02DF8200007220B30231D90438D
:10CFD000C21A9842DFD01B1AA350DCE75A60EFE771
:10CFE00023006468A6E7009C63680093ADE71A001D
:10CFF0005B68A342FBD10023DAE70C2328002B60F7
:10D0000000F00EF8C6E70760DAE7C0461C570020BC
:10D0100010B50248FFF7F6FE10BDC04614570020B9
:10D0200010B50248FFF7EFFE10BDC04614570020B0
:10D03000F0B58E6885B01F000C000B68029003925B
:10D04000BE4231D80C21625E40F280410A4229D0B2
:10D05000032021695B1A0193636943430198DD0F43
:10D06000ED187B1C1B186D10AB4200D91D0052053A
:10D0700029D529000298FFF74BFF060000282DD084
:10D08000019A2169FFF7CAFEA289194B1A40802331
:10D090001343A381019B2661F61826603E0065615B
:10D0A000ED1AA560BE4200D93E0032000399206807
:10D0B00000F090FA0020A3689B1BA36023689B19D3
:10D0C000236005B0F0BD2A00029800F0B0FA060017
:10D0D0000028DFD121690298FFF7B0FE0C23012060
:10D0E000029A40421360A28934331343A381E8E7D4
:10D0F0007FFBFFFFF0B5A1B0039004921D008B8968
:10D100000F001B060FD50B696BB94021FFF700FF1D
:10D110003860386128B90C23039A1360012040421B
:10D12000CFE040237B61002308AC6361203363764A
:10D130001033A3760795049E33780BB1252B46D187
:10D14000049BF51A9E420BD02B003900049A0398D9
:10D15000FFF76EFF013000D1AEE063695B196361D8
:10D160003378002B00D1A7E00122002352426260F5
:10D1700004A95432521801362360E360A36013708F
:10D18000A36505223178544800F046FA751C00BBAF
:10D190002268D30604D5532304A95B1820211970F3
:10D1A000130704D5532304A95B182B211970337876
:10D1B0002A2B17D03500002140F20A0C0126E36823
:10D1C0002A78681C303A092A4ED989B917E0013605
:10D1D000B2E7414B2268C01A0123834013432E005B
:10D1E0002360CEE7079B191D1B680791002B01DB0D
:10D1F0000B9304E05B42E3600223134323602B782C
:10D200002E2B0CD16B782A2B34D1079B02351A1D9B
:10D210001B680792002B01DA01235B4209932F4E12
:10D2200003223000297800F0F7F930B14023801B49
:10D230008340226801351343236029786B1C062242
:10D2400027480493217600F0E7F900283BD0254BCE
:10D2500033BB0722079B0733934308330793636964
:10D26000059A9B18636166E761464B4305003100F0
:10D270009B18A5E7002340F20A0C1A00012601358D
:10D2800063602978681C3039092903D9002BC6D07E
:10D290000992C4E763465A43050033005218F0E789
:10D2A00007AB00933A0021000F4B039800E000BF4A
:10D2B0000590059B0133D2D1BB890D985B0600D543
:10D2C0002CE721B0F0BD07AB00933A002100064BDC
:10D2D000039800F079F8EBE769F200006FF20000C4
:10D2E00073F200000000000031D00000F7B5160016
:10D2F00001938A680B690C000090934200DA1300D6
:10D3000022003360433212780AB10133336023685C
:10D310009B0602D53368023333602268062315006A
:10D320001D401A4227D0230043331B785A1E9341D5
:10D330002268920630D4220001990098089D433259
:10D34000A847013025D00622236800251340042B6E
:10D3500005D13368E568ED1AEB43DB171D40A36880
:10D360002269934201DD9B1AED180026B54220D1B7
:10D37000002010E00135E36832689B1AAB42D2DD31
:10D380002200012301990098089F1932B847013003
:10D39000F0D101204042FEBD3020E1184331087039
:10D3A00021005A1C45310978A2184332023311700A
:10D3B000C1E72200012301990098089F1A32B8475B
:10D3C0000130E6D00136D1E7F0B50E0089B0049205
:10D3D000039005930C00097E0E9A4336782907D8EE
:10D3E000622909D8002900D1B7E0582900D1A0E06E
:10D3F00025004235297022E0080063381528F7D847
:10D4000000F04AF916001F00F6FFF6FFF6FFF6FFE0
:10D410001F00F6FFF6FFF6FFF6FF9E003400430004
:10D42000F6FFF6FFAF00F6FF3400F6FFF6FF470009
:10D43000250013684235191D1B6811602B700123EC
:10D440009CE013682068191D050609D51B6811604A
:10D45000002B02DA2D225B4232700A225B4832E056
:10D460001B6811604006F3D51BB2F1E71068256810
:10D4700008C82F0602D46D0600D59BB210600822A2
:10D4800052486F291BD00A2219E0202321680B4340
:10D49000236078214E4823004533197015682168B0
:10D4A00008CD0F0602D44F0600D59BB21560CA07FF
:10D4B00002D520220A432260002B3CD010222100FA
:10D4C000002543310D706168A160002908DB40F23E
:10D4D000040C674625681943BD432560350061B1DA
:10D4E0003500B3FBF2FC61465143591A415C013DE2
:10D4F0002970190063468A42F3D9082A09D12368A2
:10D50000DB0706D5626823699A4202DC3023013DBD
:10D510002B70761B2661059B210000930398049BCA
:10D5200007AAFFF7E3FE01302CD10120404209B0E9
:10D53000F0BD2648AFE7202122688A432260BDE77C
:10D5400013682568181D616910601B682F0601D5D6
:10D55000196002E06D06FBD51980002335002361B8
:10D56000D9E71368191D11601D6800212800626841
:10D5700000F052F808B1401B60606368236100232B
:10D580003370C8E72A00236904990398059DA847CA
:10D590000130CAD023689B0715D4079BE0689842E6
:10D5A000C5DA1800C3E72200012304990398059EF9
:10D5B0001932B0470130B8D00135E368079A9B1A99
:10D5C000AB42F0DCE9E70025F7E7C0467AF200005D
:10D5D0008BF2000010B5884202D98B18984208D30C
:10D5E00000239A4207D0CC5CC4540133F9E78B5C2A
:10D5F0008354013AFBD210BD002370B5054D0400E1
:10D6000008002B60FFF796F9431C02D12B6803B189
:10D61000236070BD10570020C9B28218904201D11A
:10D620000020704703788B42FBD00130F6E7F7B556
:10D6300006000C00150029B91100FFF769FC040071
:10D640002000FEBD1AB9FFF7F9FB2C00F8E700F047
:10D650001BF80700854202D84308AB42F0D32900EB
:10D660003000FFF755FC019008B9019CE8E72A005B
:10D67000BD4200D93A0021000198FFF7CFFB2100FD
:10D680003000FFF7DBFBF0E70B1F1B68181F002BB8
:10D6900001DA0B58C018704703B4714649084000BE
:10D6A0004900095E49008E4403BC70474275696CAD
:10D6B0007420776974682052656E657361732041C8
:10D6C0006476616E63656420466C657869626C653A
:10D6D00020536F667477617265205061636B616778
:10D6E000652076657273696F6E20352E342E30009A
:10D6F000352E342E3000000000000405F8B5C04679
:10D70000F8BC08BC9E467047F8B5C046F8BC08BCDB
:10D710009E467047FFFFFFFF01B40248844601BCEC
:10D72000604700BF2543002001B40248844601BC85
:10D73000604700BFDF40002001B40248844601BCBE
:10D74000604700BFA540002001B40248844601BCE8
:10D75000604700BFB745002001B40248844601BCC1
:10D76000604700BF5943002001B40248844601BC11
:10D77000604700BFB540002001B40248844601BCA8
:10D78000604700BF7944002001B40248844601BCD0
:10D79000604700BF4D45002001B40248844601BCEB
:10D7A000604700BF8F41002001B40248844601BC9D
:10D7B000604700BF0140002001B40248844601BC1C
:10D7C000604700BF5141002001B40248844601BCBB
:10D7D000604700BFD34200202B524553503A524578
:10D7E0005345543D5744540D0A0000002B524553F5
:10D7F000503A52455345543D495744540D0A000090
:10D800002B524553503A52455345543D53570D0AF8
:10D81000000000002B524553503A52455345543DA9
:10D82000504F520D0A0000002B524553503A5245BA
:10D830005345543D4F544845522C3078253032588A
:10D840000D0A00002B524553503A5744545F4F5035
:10D85000454E5F4641494C0D0A00000020256C757D
:10D8600068202530326C756D202530326C75730060
:10D870002B524553503A5354415453204245474943
:10D880004E0D0A002B53544154533A544F54414CBB
:10D890005F52554E3D25730D0A0000002B53544135
:10D8A00054533A4C415345525F434E542056313DF8
:10D8B000256C752056323D256C7520483D256C75CC
:10D8C0000D0A00002B53544154533A56315F4F4ECA
:10D8D0004C593D25730D0A002B53544154533A566D
:10D8E000325F4F4E4C593D25730D0A002B53544166
:10D8F00054533A485F4F4E4C593D25730D0A000072
:10D900002B53544154533A56315F483D25730D0A09
:10D91000000000002B53544154533A56325F483DA7
:10D9200025730D0A000000002B53544154533A56FE
:10D93000315F56323D25730D0A0000002B535441D0
:10D9400054533A414C4C335F4C415345523D25733F
:10D950000D0A00002B53544154533A554E43414C49
:10D960005F52554E3D25730D0A0000002B53544164
:10D9700054533A414E474C455F305F343D25730D5B
:10D980000A0000002B53544154533A414E474C4532
:10D990005F345F31303D25730D0A00002B53544135
:10D9A00054533A414E474C455F31305F39303D2545
:10D9B000730D0A002B524553503A5354415453208F
:10D9C000454E440D0A0000002B524553503A535720
:10D9D000204641494C0D0A004B45593100000000DA
:10D9E0004B455932000000004B4559330000000000
:10D9F0002B524553503A464C4153482045524153CF
:10DA000045204641494C0D0A000000002B52455369
:10DA1000503A464C415348205752495445204641BC
:10DA2000494C0D0A000000004861776B657965007C
:10DA300041542B554E4C4F434B4346473D0000004D
:10DA400041542B4C4F434B53544154453F0000002D
:10DA500041542B5345545F56323D000041542B53E3
:10DA600045545F483D00000041542B5345545F56D8
:10DA7000313D000041542B4745545F56323F000072
:10DA800041542B4745545F483F00000041542B4709
:10DA900045545F56313F000041542B4745545F4188
:10DAA0004C4C000041542B534156450041542B52DD
:10DAB000455345540000000041542B43414C49421A
:10DAC000524154494F4E000041542B474554434165
:10DAD0004C4942524154494F4E0000003000000072
:10DAE00034000000313000003930000041542B5325
:10DAF00045545F44555459323D00000041542B5069
:10DB000052494E543D00000041542B4745545F504C
:10DB10004F5745524C4F470041542B434C454152BF
:10DB20005F504F5745524C4F4700000041542B4720
:10DB300045545F53544154530000000041542B435B
:10DB40004C4541525F5354415453000041542B47BC
:10DB500045545F414C4C5F494E464F0041542B4F5A
:10DB6000564552484541540041542B434C4541527F
:10DB70005F414C4C5F464C415348000041542B5090
:10DB80004F5743414C3D000041542B4C41534552AB
:10DB90003D00000041542B494D554442473D000093
:10DBA000350000004653505F5355434345535320BF
:10DBB0003D3D2065727200002E2E2F7372632F641C
:10DBC000656275675F756172742F6273705F6465FB
:10DBD0006275675F756172742E63000028656D70F1
:10DBE0007479290041444A0049444C450000000032
:10DBF000444F4E4500000000534154004C415345F2
:10DC0000525F4F46460000004E4F5F524553500052
:10DC100050445F4C4F5700004F464600313233347A
:10DC2000353600002B524553503A554E4C4F434B1E
:10DC300045440D0A000000002B524553503A504114
:10DC40005353574F5244204552524F522C20504C60
:10DC5000454153452052455452590D0A00000000D9
:10DC60002B524553503A4C4F434B45440D0A00004C
:10DC70002B524553503A504C4541534520554E4C3C
:10DC80004F434B2046495253540D0A002B524553E3
:10DC9000503A4F4B0D0A00002B524553503A455213
:10DCA000520D0A002B524553503A56323D25646DB1
:10DCB000560D0A002B524553503A483D25646D5687
:10DCC0000D0A00002B524553503A56313D25646DE4
:10DCD000560D0A00524553503A56323D25646D5652
:10DCE0000D0A0000524553503A483D25646D560DCB
:10DCF0000A000000524553503A56313D25646D5696
:10DD00000D0A00002B524553503A504152414D45A7
:10DD1000544552204E4F5420524541445920284EDC
:10DD20004F54204C4F434B4544290D0A000000003E
:10DD30002B524553503A53415645204F4B0D0A0044
:10DD40002B524553503A53415645204641494C0DBC
:10DD50000A0000002B524553503A52455345542077
:10DD6000535543434553532C20464C41534820457B
:10DD700052415345440D0A002B524553503A5245E7
:10DD8000534554204641494C45440D0A00000000CB
:10DD90002B524553503A43414C4942524154494F0A
:10DDA0004E2053544152540D0A0000002B5245534B
:10DDB000503A43414C494220583D256420593D2565
:10DDC00064205A3D25640D0A000000002B52455383
:10DDD000503A4E4F2043414C494220444154410D5A
:10DDE0000A0000002B524553503A414E474C452003
:10DDF0004D4F44452053455420307E346465670DB3
:10DE00000A0000002B524553503A414E474C4520E2
:10DE10004D4F44452053455420347E31306465676E
:10DE20000D0A00002B524553503A414E474C4520B5
:10DE30004D4F4445205345542031307E3930646580
:10DE4000670D0A002B524553503A414E474C45202E
:10DE50004D4F44452053455420554E43414C0D0AE7
:10DE6000000000002B524553503A44555459323D5E
:10DE7000256C750D0A0000002B524553503A45524F
:10DE8000522C2052414E474520307E3130300D0A11
:10DE9000000000002B524553503A5052494E542036
:10DEA0004F4E0D0A000000002B524553503A50527D
:10DEB000494E54204F46460D0A0000002B52455350
:10DEC000503A494D55444247204F4E0D0A0000003C
:10DED0002B524553503A494D55444247204F4646F0
:10DEE0000D0A00002B524553503A504F5745524CA3
:10DEF0004F47204E4F20444154410D0A000000007E
:10DF00002B524553503A504F5745524C4F4720548F
:10DF10004F54414C3D256C750D0A00002B52455362
:10DF2000503A504F5745524C4F472025733D256C72
:10DF3000750D0A002B524553503A504F5745524CDD
:10DF40004F4720434C45415245440D0A0000000014
:10DF50002B524553503A504F5745524C4F47204350
:10DF60004C454152204641494C0D0A002B52455325
:10DF7000503A535441545320434C45415245440D6B
:10DF80000A0000002B524553503A4F56455248451F
:10DF9000415420544553540D0A0000002B52455360
:10DFA000503A414C4C20464C41534820434C45414B
:10DFB0005245440D0A0000002B524553503A434C41
:10DFC000454152204641494C0D0A00003D3D3D3D32
:10DFD0003D3D3D3D3D3D20414C4C20464C4153484C
:10DFE00020494E464F203D3D3D3D3D3D3D3D3D3D63
:10DFF0000D0A00002D2D2D2D2D20446576696365B9
:10E0000020496E666F202D2D2D2D2D0D0A0000004C
:10E010002020446576496E666F203A204E4F20449A
:10E020004154410D0A000000202050726F6A656360
:10E0300074203A2025730D0A000000002020485764
:10E040002056657220203A2025752E25752E2575BF
:10E050002E25750D0A0000002020465720566572B7
:10E0600020203A2025752E25752E25752E25750D17
:10E070000A00000020204D6F64756C652049442023
:10E080002020203A2025730D0A0000002D2D2D2D73
:10E090002D20494D552043616C6962726174696F2E
:10E0A0006E202D2D2D2D2D0D0A0000002020436106
:10E0B0006C69622020203A204E4F20444154410D8B
:10E0C0000A00000020204F666673657420203A2005
:10E0D000583D256420593D2564205A3D25640D0A8C
:10E0E000000000002D2D2D2D2D20526566657265D6
:10E0F0006E636520566F6C74616765202D2D2D2D24
:10E100002D0D0A002020526566566F6C74203A204F
:10E110004E4F20444154410D0A000000202056314A
:10E120002020203A20256C646D560D0A0000000066
:10E13000202048202020203A20256C646D560D0AAE
:10E1400000000000202056322020203A20256C6458
:10E150006D560D0A000000002D2D2D2D2D20506F25
:10E16000776572204F6666204C6F67202D2D2D2D10
:10E170002D0D0A002020506F7765724C6F673A2092
:10E180004E4F20444154410D0A0000002020546F9E
:10E1900074616C2020203A20256C750D0A00000067
:10E1A0002020252D3136733A20256C750D0A00008C
:10E1B0002D2D2D2D2D2052756E74696D6520537493
:10E1C0006174697374696373202D2D2D2D2D0D0AD3
:10E1D00000000000202053746174732020203A2036
:10E1E0004E4F20444154410D0A000000256C7568D3
:10E1F0002530326C756D2530326C7573000000006F
:10E200002020546F74616C2052756E74696D6520A6
:10E2100020203A2025730D0A0000000020204C61C8
:10E2200073657220436F756E7420203A2056313D1D
:10E23000256C752056323D256C7520483D256C7542
:10E240000D0A000020204C61736572205631205267
:10E25000756E74696D6520202020203A2025730D8D
:10E260000A00000020204C61736572205632205253
:10E27000756E74696D652020202020203A2025735A
:10E280000D0A000020204C617365722048205275F1
:10E290006E74696D652020202020203A2025730DA2
:10E2A0000A00000020204C61736572205631264818
:10E2B0002072756E2074696D65202020202020203A
:10E2C000203A2025730D0A0020204C6173657220CE
:10E2D000563226482052756E74696D6520202020C4
:10E2E000202020203A2025730D0A000020204C61B8
:10E2F0007365722056312656322052756E74696DE0
:10E3000065202020202020203A2025730D0A0000BF
:10E3100020204C61736572205631265632264820E3
:10E3200052756E74696D6520202020203A20257377
:10E330000D0A00002020556E63616C204D6F6465EE
:10E340002052756E74696D652020203A2025730D6A
:10E350000A0000002020416E676C6520302D3420BB
:10E3600052756E74696D65202020203A2025730D4A
:10E370000A0000002020416E676C6520342D31308A
:10E380002052756E74696D6520203A2025730D0A40
:10E39000000000002020416E676C652031302D396F
:10E3A000302052756E74696D6520203A2025730DFA
:10E3B0000A0000003D3D3D3D3D3D3D3D3D3D3D3D77
:10E3C0003D3D3D3D3D3D3D3D3D3D3D3D3D3D3D3D7D
:10E3D0003D3D3D3D3D3D3D3D0D0A00005354415402
:10E3E000555300002B504F5743414C3A535441541E
:10E3F00055532C25732C25732C25646D562C746174
:10E40000726765743D25640D0A000000534156454E
:10E41000000000002B504F5743414C3A53415645A2
:10E420002C4F4B0D0A0000002B504F5743414C3AE4
:10E43000534156452C4641494C0D0A0053544F5008
:10E440000000000048000000563100005632000075
:10E450002B504F5743414C3A4552522C554E4B4E40
:10E460004F574E204348414E4E454C0D0A00000088
:10E470002B504F5743414C3A53544F502C25730D5A
:10E480000A0000002B504F5743414C3A53544F5011
:10E490002C414C4C0D0A00002B504F5743414C3A35
:10E4A0004552522C464F524D41543A2041542B5024
:10E4B0004F5743414C3D3C487C56317C56323E2CB4
:10E4C0003C706F7765725F783130303E0D0A000026
:10E4D0002B504F5743414C3A4552522C4D495353C0
:10E4E000494E4720504F5745522056414C55450DF7
:10E4F0000A0000002B504F5743414C3A25732C25FE
:10E50000732C25646D560D0A000000002B504F57E8
:10E5100043414C3A4552522C25732C25732C2564CB
:10E520006D560D0A000000002B4C415345523A45F0
:10E5300052522C464F524D41543A2041542B4C419B
:10E540005345523D3C487C56317C56327C414C4CC4
:10E550003E2C3C4F4E7C4F46463E0D0A00000000CC
:10E560002B4C415345523A4552522C464F524D4145
:10E57000543A20757365204F4E206F72204F4646E7
:10E580000D0A0000414C4C002B4C415345523A417E
:10E590004C4C2C25730D0A002B4C415345523A45E7
:10E5A00052522C425553590D0A0000002B4C415336
:10E5B00045523A4552522C464F524D41543A2075DD
:10E5C0006E6B6E6F776E206368616E6E656C2C206B
:10E5D00075736520482F56312F56322F414C4C0D04
:10E5E0000A0000002B4C415345523A25732C2573E9
:10E5F0000D0A00002B46575550444154453A4552A8
:10E600004153494E47204F544120464C41472E2EFE
:10E610002E0D0A002B46575550444154453A524559
:10E62000424F4F54494E472E2E2E0D0A0000000037
:10E630002B46575550444154453A464C4153482087
:10E640005752495445204641494C45440D0A000063
:10E65000554E4B4E4F574E00424154544552595F10
:10E660004C4F57004C4F434B5F5357004932435F69
:10E670004641494C000000004F5645524845415420
:10E680000000000049444C455F54494D454F5554E6
:10E69000000000004C4F434B5F53575F52554E54A0
:10E6A000494D45004C4F5F54454D50004E4F524D23
:10E6B000414C000050442D56323D256C750D0A002A
:10E6C000492D56323D256C640D0A0000647574793D
:10E6D0002D56323D256C640D0A00000065666644C7
:10E6E0002D56323D256C750D0A0000006D6F646576
:10E6F0002D56323D25730D0A000000004C310000FC
:10E7000050442D483D256C750D0A0000492D483DAB
:10E71000256C640D0A000000647574792D483D2550
:10E720006C640D0A00000000656666442D483D25B6
:10E730006C750D0A000000006D6F64652D483D2565
:10E74000730D0A004C32000050442D56313D256CAB
:10E75000750D0A00492D56313D256C640D0A0000E7
:10E76000647574792D56313D256C640D0A000000E6
:10E77000656666442D56313D256C750D0A00000016
:10E780006D6F64652D56313D25730D0A0000000044
:10E790004C3300002E2E2F7372632F6164632F623F
:10E7A00073705F6164632E63000000002B52455359
:10E7B000503A504F5745524F46463D25730D0A007B
:10E7C0005465726D696E616C00000000284E554CF6
:10E7D0004C2900002B524553503A53455420414395
:10E7E00043454C5F434F4E46494730204641494CD4
:10E7F0000D0A00002B524553503A534554205057B0
:10E80000525F4D474D545F30204641494C0D0A0040
:10E810002B524553503A494D552049494D343233D6
:10E8200035310D0A000000002B524553503A494D36
:10E83000552049434D34303630380D0A0000000071
:10E840002B524553503A494D55204E4F5420464F78
:10E85000554E440D0A0000002B4442473A4F56459E
:10E8600052484541545F545249474745520D0A00AA
:10E870002B524553503A43414C494220444F4E4558
:10E8800020583D256420593D2564205A3D25640DBE
:10E890000A0000002B524553503A43414C49425222
:10E8A0004154494F4E2052455452590D0A00000020
:10E8B0002B494D553A5241573D25642C25642C2552
:10E8C000642043414C3D25642C25642C2564204D57
:10E8D0004F44453D25640D0A000000000D0A5265B5
:10E8E0007475726E6564204572726F7220436F6436
:10E8F000653A203078257820200D0A002B424154BB
:10E900005F4144433A25750D0A0000000D0A2A2A8A
:10E9100020525F4750545F54696D65724F70656E49
:10E9200020415049206661696C6564202A2A0D0ADD
:10E93000000000005B4552525D20496E2046756E16
:10E940006374696F6E3A20257328292C2025730083
:10E950000D0A202A2A20525F4750545F5374617277
:10E960007420415049206661696C6564202A2A0D33
:10E970000A0000000D0A202A2A20525F4750545FE7
:10E98000447574794379636C6553657420415049CB
:10E99000206661696C6564202A2A0D0A00FFFFFF6A
:10E9A000AC490000DA490000084A0000364A00007D
:10E9B000A64A0000D44A0000024B0000C65F0000D7
:10E9C000345E0000725E00009A5E0000F45E00009B
:10E9D0004E5F0000A85F0000266000004660000057
:10E9E00066600000C26000009A610000CE61000015
:10E9F000126200002C6200004662000060620000AB
:10EA00001C610000B86200007A62000054630000DC
:10EA1000BE630000FA630000006400008C64000024
:10EA20002C6400003E640000606A0000D46D0000A9
:10EA300006630000326F0000106B00001A6B0000CC
:10EA4000246B0000426B00002E6B0000386B00004E
:10EA500050E6000058E6000064E600006CE60000A6
:10EA600078E6000084E6000044656275675F554102
:10EA70005254395F496E697400FFFFFF50E6000091
:10EA800058E6000094E600006CE6000078E600001E
:10EA900084E60000C800000064000000640000007C
:10EAA00044E4000048E400004CE40000F886000064
:10EAB000D086000002870000DA860000E4860000AD
:10EAC000EE8600004144435F496E697400FFFFFF1A
:10EAD000000000000000545452205245474745535F
:10EAE00000FFFFFF629300001893000018930000DE
:10EAF000189300001893000018930000189300006A
:10EB00001893000018930000189300001893000059
:10EB1000089300003693000018930000189300003B
:10EB20001893000018930000189300001893000039
:10EB30001893000018930000189300001893000029
:10EB400018930000A493000018930000189300008D
:10EB500078930000189300004C9300001893000075
:10EB60001893000062930000303132333435363769
:10EB700038394142434445467365745F6C6173653F
:10EB800072335F383437305F696E74656E736974E1
:10EB90007900FFFF7365745F6C61736572325F3873
:10EBA0003437305F696E74656E7369747900FFFF86
:10EBB0007365745F6C61736572315F383437305FD1
:10EBC000696E74656E7369747900FFFF7365745FB5
:10EBD0006C61736572335F3230306B5F696E746580
:10EBE0006E7369747900FFFF7365745F6C617365A0
:10EBF00072325F3230306B5F696E74656E73697448
:10EC00007900FFFF7365745F6C61736572315F3209
:10EC100030306B5F696E74656E7369747900FFFFE5
:10EC20006770745F737461727400FFFF6770745F64
:10EC3000696E697469616C697A6500FF64530020CC
:10EC400018EF0000C0F00000000200000100010108
:10EC5000010601030000000000000000115D00003B
:10EC60000000000068EC00000001000008470020E0
:10EC70000F00FFFF00000000FFFF0000E707780023
:10EC8000000000000000000000000000000000186C
:10EC900000000200000F04DF0001FF0011870000E8
:10ECA00000000000A8EC000000013F3F000000DF72
:10ECB000DFFFFFFF0200000023160000000000003D
:10ECC0000000000006FFDF00000000000000000060
:10ECD000D4EC000001000100000000000000000072
:10ECE0000000000000000000000000000000000024
:10ECF000000000000000FFFFDFDF00000000000058
:10ED00000000000000000000000000000000000003
:10ED100002000000E0010000000000000000000010
:10ED200004FFDF00000000000000000030ED0000E4
:10ED300001000100000000000000000000000000D1
:10ED400000000000000000000000000000000000C3
:10ED50000000FFFFDFDF00000000000000000000F7
:10ED600000000000000000000000000002000000A1
:10ED7000E0010000000000000000000007FFDF00CD
:10ED800000000000000000008CED00000100010008
:10ED90000000000000000000000000000000000073
:10EDA0000000000000000000000000000000FFFF65
:10EDB000DFDF000000000000000000000000000095
:10EDC0000000000000000000020000002316000008
:10EDD000000000000000000005FFDF000000000050
:10EDE00000000000E8ED000001000000000000004D
:10EDF0000000000000000000000000000000000013
:10EE000000000000000000000000FFFFDFDF000046
:10EE100000000000000000000000000000000000F2
:10EE20000000000000000000A08601006900000052
:10EE3000010108050A0700000000000000000000B2
:10EE40000B940000000000004CEE00000101021ACB
:10EE50001B0000000000000080BB0000000000005C
:10EE6000C05D0000090002005584000000000000A1
:10EE700074EE000000000000000000000000000030
:10EE80000000000000000000000000000000000082
:10EE9000000000000000FFFFDFDF000000000000B6
:10EEA0000000000000000000000000000000000062
:10EEB000A0540020BCEE000024F10000000000007F
:10EEC000000000000000000000000000FFDF000064
:10EED000D8540020DCEE000074F0000006080303A4
:10EEE0000101000000000000000000000000000020
:10EEF0000000000000800000000000000040000052
:10EF000001020C00554900000000000010EF000055
:10EF100040000001000000012600000024EF000076
:10EF200000000000008000000000000000800000E1
:10EF300001000000008000000200000000800000CE
:10EF40000A000000008000000B00000000800000AC
:10EF50000C000000008000000D0000000080000098
:10EF60000E000000008000000F00000000000104FF
:10EF70000001000000000104010100000080000009
:10EF800002010000008000000301000000000103F6
:10EF9000040100000000010008010000000001055C
:10EFA00009010000000001050A0100000000010342
:10EFB0000B010000000001030C010000050000002F
:10EFC000060200000500000007020000000000002B
:10EFD00008020000040000000C0200000400000011
:10EFE0000D020000000000000E0200000000000002
:10EFF0000F020000000001000003000000000103F8
:10F0000001030000000001030203000000000107EB
:10F0100000040000000001070104000000000000DF
:10F0200007040000050000000804000005000000BF
:10F0300009040000000001030005000004000000B6
:10F040000D090000040000000E090000050000008A
:10F050000F09000012101A0F07080F060A00060019
:10F06000050000000000000000000000000000009B
:10F07000000000004FA3000089A200009DA2000034
:10F08000A1A20000A5A20000DDA20000BFA2000016
:10F09000000204050608090B0DFFFFFF80000000B9
:10F0A0000002000000040000000800000010000042
:10F0B0000020000000400000FFFF00FF010203FFEE
:10F0C00073AA0000ABA8000089AA000095AA00005E
:10F0D00075A90000F1A90000B3A800000DA9000067
:10F0E00039A900005DA90000A5A90000D5A800006D
:10F0F000EBA8000001000000FCF000000000104040
:10F10000FF0F10400004000001000000010000009B
:10F1100014F1000000000000FFFF010000080000E3
:10F1200004000000FBB8000011BB0000CDBA0000D5
:10F1300087BA000093B600009BB700006DB60000D0
:10F1400041BB000049BB000009BB00009DB80000A6
:10F1500039B9000031BB00008FB60000B3B6000023
:10F1600001000200080010000020202020202020A4
:10F170002020282828282820202020202020202067
:10F180002020202020202020208810101010101077
:10F1900010101010101010101004040404040404C3
:10F1A000040404101010101010104141414141415D
:10F1B000010101010101010101010101010101013F
:10F1C000010101011010101010104242424242424F
:10F1D000020202020202020202020202020202020F
:10F1E00002020202101010102000000000000000B7
:10F1F000000000000000000000000000000000000F
:10F2000000000000000000000000000000000000FE
:10F2100000000000000000000000000000000000EE
:10F2200000000000000000000000000000000000DE
:10F2300000000000000000000000000000000000CE
:10F2400000000000000000000000000000000000BE
:10F2500000000000000000000000000000000000AE
:10F26000000000000000000000232D302B2000686B
:10F270006C4C0065666745464700303132333435A3
:10F280003637383941424344454600303132333411
:10F290003536373839616263646566000000000006
:10F2A00030B5091801394CF20003C4F27E0340F274
:10F2B000041400251D55050C0C341D5380B2083C68
:10F2C00018530C0C40F220101C5089B20838195207
:10F2D000D2B240F214115A5430BD10B582B0019030
:10F2E00002E0019B013B01934CF20003C4F27E0358
:10F2F00040F22C129B585B0605D4019B002BF0D1E9
:10F30000142002B010BD4CF20003C4F27E03183A80
:10F31000995C7F24214099540021995401904CF22A
:10F320000003C4F27E0340F22C129B585B0605D505
:10F33000019B2BB1019B013B0193F0E70020E0E72B
:10F340001420DEE741438B08032902D9013B002B3F
:10F35000FCD170474CF20003C4F27E0340F28012ED
:10F36000A5219950803A9854C143C9B299549854F0
:10F370009B5CDBB2834200D07047C046FCE7F0B52F
:10F3800083B006004CF20005C4F27E0543F6B07768
:10F39000EC5BA4B244F6003301930820FFF7DAFFD8
:10F3A000B1681020FFF7CEFF104BEB5302E0019B3A
:10F3B000013B01934CF20003C4F27E0343F6B072AA
:10F3C0009B5A9BB22BB1019B002BF0D1142003B0B0
:10F3D000F0BD012C01D00020F9E74CF20003C4F28B
:10F3E0007E031832012199540020F0E700AAFFFFA4
:10F3F00010B5040034230022C2544CF20003C4F2BE
:10F400007E0343F6B0729B5A9BB26BB14CF2000381
:10F41000C4F27E0340F22412012199500021995038
:10F420002000FFF7ACFF10BD00F03AFAEEE7F8B5A8
:10F430000500080017001E00FFF74FFF0400142806
:10F440000CD04CF20003C4F27E0340F2F0129B5841
:10F450003C001C401F4205D12000F8BD2800FFF7EA
:10F46000C7FFF9E72800FFF7C3FF3400F4E710B542
:10F47000002302E0CC5CC45401339342FAD310BDA4
:10F4800010B504004CF20003C4F27E0343F6C872C8
:10F490000021995443681A787AB94CF20003C4F2F7
:10F4A0007E0343F6B072074999520220FFF752FFDC
:10F4B000A1680320FFF746FF10BD1120185600F089
:10F4C000F7F9EAE701AAFFFF10B582B0019002E068
:10F4D000019B013B01934CF20003C4F27E0340F216
:10F4E0002C129B581B0605D4019B002BF0D1142035
:10F4F00002B010BD4CF20003C4F27E03B0329C583F
:10F500007F21214099500021995001904CF2000335
:10F51000C4F27E0340F22C129B581B0605D5019BBA
:10F520002BB1019B013B0193F0E70020E0E71420A1
:10F53000DEE770B50500406AFFF7C6FF0400142837
:10F540000ED04CF20003C4F27E0340F2F0129B583E
:10F55000DF3AFF3A14001C401A4205D1200070BD6A
:10F560002800FFF745FFF9E72800FFF741FF1824BF
:10F57000F4E7F8B506000F0014001D00FFF780FF48
:10F58000832221003800FFF78BFEB3690334A10802
:10F59000594340F2F81310223000FFF748FF68B9D2
:10F5A0004CF20003C4F27E0340F228129B581B0762
:10F5B00005D501232B703000FFF7E1FEF8BD0023D5
:10F5C0002B70F8E7F8B505000F0014001E00FFF7D8
:10F5D00057FF3100614384223800FFF761FEE9697B
:10F5E0006143192311222800FFF721FF00B1F8BD64
:10F5F0002800FFF7C4FEFAE7F0B5D6464F46464668
:10F60000C0B5804689469246FFF73AFF002483271B
:10F6100000252EE04B461B5D4A4612195278120215
:10F6200013434CF20002C4F27E0240F230115350F8
:10F630000C2C37D04B461A199378D2781202134308
:10F640004CF20002C4F27E0240F2381153504CF2E8
:10F650000006C4F27E0640F2DC13F7500137404644
:10F66000FFF767FF050040F204130022F25440BB8D
:10F6700004340F2C25D84CF20003C4F27E0340F270
:10F680000412012199545346002BC3D14CF20003BC
:10F69000C4F27E034FF6FF723031FF315A50083109
:10F6A0005A50D4E74B461A199378D2781202134372
:10F6B000524613434CF20002C4F27E02083153500A
:10F6C000C5E74046FFF75BFE05B12800E0BCBA463F
:10F6D000B146A846F0BD10B582B00A0C4CF2000449
:10F6E000C4F27E0440F21013E25289B2083BE152A8
:10F6F0000422010001A8FFF7BAFE6B469A8840F287
:10F700003013E2506B46DA8840F23813E250243B63
:10F710008122E25402B010BDF8B504000E001700BB
:10F720001D00FFF7ADFEE762A662AD0825634CF24F
:10F730000003C4F27E0340F2041200219954002514
:10F7400013E0E16AA06AFFF7C6FFA36A0433A3626D
:10F75000E36A0433E362236B013B236321691823CB
:10F7600012222000FFF763FE0500236B0BB1002D72
:10F77000E7D00DB12800F8BD2000FFF700FEF9E743
:10F7800010B5D2B94CF20003C4F27E03C932FF3285
:10F790009C58E40AE40208329A58D20AD202C00AFB
:10F7A000204340F230141851C90A114340F2381274
:10F7B0009950A4328221995010BD4CF20003C4F23A
:10F7C0007E0340F2C8129C5808329A5806490A40F3
:10F7D00040F230115C50024308315A5040F2DC12C2
:10F7E000B6399950E8E7C046FF7FFFFFF8B504003F
:10F7F0000D001600FFF744FEA6B14CF20001C4F262
:10F800007E0140F2D8100B5803222A409201C025F5
:10F81000AB4313430B5000252000FFF7B0FD05B1AB
:10F820002800F8BDED0714D448F200004CF20006A1
:10F83000C4F27E0640F204170123F3550122002191
:10F84000FFF79EFF2000FFF774FE05000023F3552D
:10F85000E2E70020EAE7F0B5C64600B504000D0077
:10F860009046FFF70DFE4CF20006C4F27E0640F211
:10F8700004170123F355002241462800FFF780FFBB
:10F880002000FFF756FE05000023F3552000FFF788
:10F8900076FD05B1280080BCB846F0BD0000000030
:10F8A00001B40248844601BC604700BF5DB8000057
:10F8B00001B40248844601BC604700BF0BC8000089
:10F8C000080200000000000000000000D8D900007D
:10F8D0000E0200000000000000000000E0D900005F
:10F8E0000F0200000000000000000000E8D9000046
:10F8F000FF010000030303003C0000003C00000087
:10F900003C000000010100000200000001000000B6
:10F9100000000000000000000000000050C30000D4
:10F9200002000000010000000000000000000000D4
:10F930000000000050C300000200000001000000B1
:10F9400000000000000000000000000050C30000A4
:10F9500004000000010000000000000000000000A2
:10F9600000000000803801000400000001000000D9
:10F9700000000000000000000000000080380100CE
:10F980000400000001000000000000000000000072
:10F9900000000000803801000100000000000500A8
:10F9A0000F001E002800320040000C00104700200D
:10F9B00000000000D855002040560020A856002026
:10F9C0000000000000000000000000000000000037
:10F9D0000000000000000000000000000000000027
:10F9E0000000000000000000000000000000000017
:10F9F000000000000000000000000000BD44000006
:04FA00008D44000031
:040000030000C9959B
:00000001FF
