:1000000000B2002061950200B5150400359502008C
:10001000359502003595020035950200000000007C
:10002000000000000000000000000000CD90020071
:1000300035950200000000003D9002003595020059
:10004000419202005F61040041920200419202006D
:10005000419202004192020041920200419202004C
:1000600027610400419202004192020045610400B0
:10007000419202004192020041920200419202002C
:10008000419202004192020041920200419202001C
:10009000419202004192020041920200419202000C
:1000A00041920200419202004192020041920200FC
:1000B00041920200419202004192020041920200EC
:1000C00041920200419202004192020041920200DC
:1000D00041920200419202004192020041920200CC
:1000E00041920200419202004192020041920200BC
:1000F00041920200419202004192020041920200AC
:1001000001F0FF01102A2BDB10F0070F08D010F8C8
:10011000013B013A8B422DD010F0070F42B3F6D1CC
:10012000F0B441EA012141EA014122F007047FF0E5
:1001300000070023F0E80256083C85EA010586EA3C
:10014000010685FA47F5A3FA87F586FA47F6A5FA78
:1001500087F68EB9EED1F0BC01F0FF0102F0070284
:1001600032B110F8013B013A83EA010313B1F8D12F
:100170000020704701387047002D06BF3546033810
:10018000073815F0010F07D1013015F4807F02BF49
:10019000013015F4C03F0130F0BC0138704700BF9A
:1001A00081F0004102E000BF83F0004330B54FEA28
:1001B00041044FEA430594EA050F08BF90EA020F95
:1001C0001FBF54EA000C55EA020C7FEA645C7FEA28
:1001D000655C00F0E2804FEA5454D4EB5555B8BF4B
:1001E0006D420CDD2C4480EA020281EA030382EABC
:1001F000000083EA010180EA020281EA0303362D4E
:1002000088BF30BD11F0004F4FEA01314FF4801C20
:100210004CEA113102D0404261EB410113F0004F32
:100220004FEA03334CEA133302D0524263EB4303E9
:1002300094EA050F00F0A780A4F10104D5F1200E87
:100240000DDB02FA0EFC22FA05F2801841F10001E2
:1002500003FA0EF2801843FA05F359410EE0A5F1B6
:1002600020050EF1200E012A03FA0EFC28BF4CF0E7
:10027000020C43FA05F3C01851EBE37101F000459D
:1002800007D54FF0000EDCF1000C7EEB00006EEBAA
:100290000101B1F5801F1BD3B1F5001F0CD3490834
:1002A0005FEA30004FEA3C0C04F101044FEA44528B
:1002B00012F5800F80F09A80BCF1004F08BF5FEA12
:1002C000500C50F1000041EB045141EA050130BDF2
:1002D0005FEA4C0C404141EB0101013C28BFB1F504
:1002E000801FE9D291F0000F04BF01460020B1FA4F
:1002F00081F308BF2033A3F10B03B3F120020CDA22
:100300000C3208DD02F1140CC2F10C0201FA0CF0FF
:1003100021FA02F10CE002F11402D8BFC2F1200C64
:1003200001FA02F120FA0CFCDCBF41EA0C0190401A
:10033000E41AA2BF01EB0451294330BD6FEA040463
:100340001F3C1CDA0C340EDC04F11404C4F120024E
:1003500020FA04F001FA02F340EA030021FA04F360
:1003600045EA030130BDC4F10C04C4F1200220FAB7
:1003700002F001FA04F340EA0300294630BD21FAF5
:1003800004F0294630BD94F0000F83F4801306BFBB
:1003900081F480110134013D4EE77FEA645C18BFAF
:1003A0007FEA655C29D094EA050F08BF90EA020F46
:1003B00005D054EA000C04BF1946104630BD91EA3E
:1003C000030F1EBF0021002030BD5FEA545C05D141
:1003D0004000494128BF41F0004130BD14F5800480
:1003E0003CBF01F5801130BD01F0004545F0FE41F4
:1003F00041F470014FF0000030BD7FEA645C1ABF29
:10040000194610467FEA655C1CBF0B46024650EA5F
:10041000013406BF52EA033591EA030F41F400218B
:1004200030BD00BF90F0000F04BF0021704730B511
:100430004FF4806404F132044FF000054FF00001E6
:1004400050E700BF90F0000F04BF0021704730B5A7
:100450004FF4806404F1320410F0004548BF40427C
:100460004FF000013EE700BF42004FEAE2014FEAD1
:1004700031014FEA02701FBF12F07F4393F07F4FAC
:1004800081F06051704732F07F4208BF704793F0AF
:100490007F4F04BF41F40021704730B54FF46074C2
:1004A00001F0004521F000411CE700BF50EA0102C5
:1004B00008BF704730B54FF000050AE050EA01026E
:1004C00008BF704730B511F0004502D5404261EBDE
:1004D00041014FF4806404F132045FEA915C3FF41F
:1004E000D8AE4FF003025FEADC0C18BF03325FEABC
:1004F000DC0C18BF033202EBDC02C2F1200300FA6D
:1005000003FC20FA02F001FA03FE40EA0E0021FA91
:1005100002F11444BDE600BF70B54FF0FF0C4CF47F
:10052000E06C1CEA11541DBF1CEA135594EA0C0F31
:1005300095EA0C0F00F0DEF82C4481EA030621EA6C
:100540004C5123EA4C5350EA013518BF52EA0335A7
:1005500041F4801143F4801338D0A0FB02CE4FF059
:100560000005E1FB02E506F00042E0FB03E54FF089
:100570000006E1FB03569CF0000F18BF4EF0010E81
:10058000A4F1FF04B6F5007F64F5407404D25FEA7D
:100590004E0E6D4146EB060642EAC62141EA555130
:1005A0004FEAC52040EA5E504FEACE2EB4F1FD0C72
:1005B00088BFBCF5E06F1ED8BEF1004F08BF5FEAF0
:1005C000500E50F1000041EB045170BD06F00046A2
:1005D00046EA010140EA020081EA0301B4EB5C044F
:1005E000C2BFD4EB0C0541EA045170BD41F4801147
:1005F0004FF0000E013C00F3AB8014F1360FDEBF6C
:10060000002001F0004170BDC4F10004203C35DA47
:100610000C341BDC04F11404C4F1200500FA05F3CA
:1006200020FA04F001FA05F240EA020001F000426B
:1006300021F0004110EBD37021FA04F642EB0601E1
:100640005EEA430E08BF20EAD37070BDC4F10C040B
:10065000C4F1200500FA04F320FA05F001FA04F2CF
:1006600040EA020001F0004110EBD37041F10001BB
:100670005EEA430E08BF20EAD37070BDC4F12005C6
:1006800000FA05F24EEA020E20FA04F301FA05F22E
:1006900043EA020321FA04F001F0004121FA04F2D6
:1006A00020EA020000EBD3705EEA430E08BF20EAA6
:1006B000D37070BD94F0000F0FD101F000464000E0
:1006C00041EB010111F4801F08BF013CF7D041EA62
:1006D000060195F0000F18BF704703F00046520066
:1006E00043EB030313F4801F08BF013DF7D043EA37
:1006F0000603704794EA0C0F0CEA135518BF95EAED
:100700000C0F0CD050EA410618BF52EA4306D1D173
:1007100081EA030101F000414FF0000070BD50EA92
:10072000410606BF1046194652EA430619D094EA1C
:100730000C0F02D150EA013613D195EA0C0F05D106
:1007400052EA03361CBF104619460AD181EA03015A
:1007500001F0004141F0FE4141F470014FF0000012
:1007600070BD41F0FE4141F4780170BD70B54FF0AD
:10077000FF0C4CF4E06C1CEA11541DBF1CEA13552D
:1007800094EA0C0F95EA0C0F00F0A7F8A4EB05040F
:1007900081EA030E52EA03354FEA013100F0888006
:1007A0004FEA03334FF0805545EA131343EA1263CF
:1007B0004FEA022245EA111545EA10654FEA002684
:1007C0000EF000419D4208BF964244F1FD0404F53D
:1007D000407402D25B084FEA3202B61A65EB030599
:1007E0005B084FEA32024FF480104FF4002CB6EB56
:1007F000020E75EB030E22BFB61A754640EA0C00D6
:100800005B084FEA3202B6EB020E75EB030E22BF15
:10081000B61A754640EA5C005B084FEA3202B6EB56
:10082000020E75EB030E22BFB61A754640EA9C0015
:100830005B084FEA3202B6EB020E75EB030E22BFE5
:10084000B61A754640EADC0055EA060E18D04FEAA3
:10085000051545EA16754FEA06164FEAC30343EA43
:1008600052734FEAC2025FEA1C1CC0D111F4801F10
:100870000BD141EA00014FF000004FF0004CB6E709
:1008800011F4801F04BF01430020B4F1FD0C88BFA8
:10089000BCF5E06F3FF6AFAEB5EB030C04BFB6EBB3
:1008A000020C5FEA500C50F1000041EB045170BDA6
:1008B0000EF0004E4EEA113114EB5C04C2BFD4EBD3
:1008C0000C0541EA045170BD41F480114FF0000E57
:1008D000013C90E645EA060E8DE60CEA135594EAD3
:1008E0000C0F08BF95EA0C0F3FF43BAF94EA0C0FD6
:1008F0000AD150EA01347FF434AF95EA0C0F7FF44B
:1009000025AF104619462CE795EA0C0F06D152EA9E
:1009100003353FF4FDAE1046194622E750EA410682
:1009200018BF52EA43067FF4C5AE50EA41047FF493
:100930000DAF52EA43057FF4EBAE12E74FF0FF3CF8
:1009400006E000BF4FF0010C02E000BF4FF0010CC9
:100950004DF804CD4FEA410C7FEA6C5C4FEA430C42
:1009600018BF7FEA6C5C1BD001B050EA410C0CBF91
:1009700052EA430C91EA030F02BF90EA020F0020F3
:10098000704710F1000F91EA030F58BF994208BF5A
:1009900090422CBFD8176FEAE37040F00100704717
:1009A0004FEA410C7FEA6C5C02D150EA013C07D16E
:1009B0004FEA430C7FEA6C5CD6D152EA033CD3D0B9
:1009C0005DF8040B704700BF8446104662468C46B3
:1009D0001946634600E000BF01B5FFF7B7FF0028E6
:1009E00048BF10F1000F01BD4DF808EDFFF7F4FF0F
:1009F0000CBF012000205DF808FB00BF4DF808ED9A
:100A0000FFF7EAFF34BF012000205DF808FB00BFBC
:100A10004DF808EDFFF7E0FF94BF012000205DF8DE
:100A200008FB00BF4DF808EDFFF7CEFF94BF012093
:100A300000205DF808FB00BF4DF808EDFFF7C4FF8C
:100A400034BF012000205DF808FB00BF4FEA4102DF
:100A500012F5001215D211D56FF47873B3EB625210
:100A600012D94FEAC12343F0004343EA505311F037
:100A7000004F23FA02F018BF404270474FF00000C9
:100A8000704750EA013005D111F0004008BF6FF007
:100A9000004070474FF00000704700BF4A0011D27D
:100AA00012F5001211D20DD56FF47873B3EB6252C8
:100AB0000ED44FEAC12343F0004343EA505323FAD4
:100AC00002F070474FF00000704750EA013002D149
:100AD0004FF0FF3070474FF0000070474FEA41027F
:100AE000B2F1E04324BFB3F5001CDCF1FE5C0DD98C
:100AF00001F0004C4FEAC0024CEA5070B2F1004FD6
:100B000040EB830008BF20F00100704711F0804FD8
:100B100021D113F13872BCBF01F00040704741F49D
:100B200080114FEA5252C2F11802C2F1200C10FAA1
:100B30000CF320FA02F018BF40F001004FEAC12385
:100B40004FEAD32303FA0CFC40EA0C0023FA02F329
:100B50004FEA4303CCE77FEA625307D150EA0133FF
:100B60001EBF4FF0FE4040F44000704701F00040CF
:100B700040F0FE4040F40000704700BF53B94AB94E
:100B8000002908BF00281CBF4FF0FF314FF0FF3095
:100B900000F00CB8ADF1080C6DE904CE18F068FB5C
:100BA000DDF804E0DDE9022304B07047704700BFC0
:100BB0002DE9F00791E8F807B2E802105B1854EB52
:100BC0000C04B2E802104D4156EB0C06B2E80210DC
:100BD0004F4158EB0C08B2E8021059EB01095AEBEF
:100BE0000C0A80E8F80780410130BDE8F007704743
:100BF0002DE9F00791E8F807B2E802105B1A74EBF0
:100C00000C04B2E802108D4176EB0C06B2E802103B
:100C10008F4178EB0C08B2E8021079EB01097AEB0E
:100C20000C0A80E8F80780414042BDE8F0077047B1
:100C30002DE9F007524290E87800B1E880071740AC
:100C4000DB1918EA020854EB080419EA020955EB0B
:100C500009051AEA020A56EB0A0678C090E87800FD
:100C6000B1E8800717407B4118EA020854EB0804FA
:100C700019EA020955EB09051AEA020A56EB0A06B7
:100C800078C080410130BDE8F00770472DE9F007DA
:100C9000524290E87800B1E880071740DB1B18EA61
:100CA000020874EB080419EA020975EB09051AEA4F
:100CB000020A76EB0A0678C090E87800B1E880076F
:100CC0001740BB4118EA020874EB080419EA02094C
:100CD00075EB09051AEA020A76EB0A0678C080412C
:100CE0004042BDE8F00770472DE9F00152424FF055
:100CF000040890E8300091E8C000A31B1340E41AF8
:100D0000F618EB1B1340ED1AFF1830C0C0C1B8F144
:100D10000108EED1BDE8F001704700BF00B592ECCC
:100D2000080AB1E8805707EE101A53EC102A56EC67
:100D3000114AA7FB0251A8FB020BE7FB6310E9FB7A
:100D400062B041EC145AA8FB0351EAFB6201E7FBD5
:100D500064B5E7FB6605E8FB661505EE10BAA9FB6E
:100D600003B6EAFB6316ECFB6356E8FB640BE9FB96
:100D7000641BEAFB645BECFB646B05EE900AACFB66
:100D8000023012EE104AEEFB6250E9FB6460EAFBAF
:100D900064B0E7FB6431E8FB645112EE904AE8FB73
:100DA0006461E9FB64B1EAFB640106EE103AA7FB5B
:100DB000043213EE104AE7FB6462E8FB64B2E9FB1D
:100DC0006402EAFB641211EE904AE9FB6453EAFB09
:100DD000646313EE904AE7FB64B3E8FB6403E9FB4A
:100DE0006413EAFB642306EE905A17EE109A99E812
:100DF000000610EE108AA9FB0854EAFB68B412EE54
:100E0000108AECFB6804EEFB6814E9FB6824EAFB3B
:100E1000683410EE908AEEFB6865E9FB68B5EAFB82
:100E2000680512EE908AECFB6815EEFB6825E9FB7D
:100E30006835EAFB684507EE106A11EE108AAEFBD2
:100E40000876E9FB6806EAFB681613EE108AECFBED
:100E50006826EEFB6836E9FB6846EAFB685611EE49
:100E6000908AECFB68B7EEFB6807E9FB6817EAFBC2
:100E7000682713EE908AECFB6837EEFB6847E9FBC6
:100E80006857EAFB686700BD2DE9F04F07EE900A4E
:100E9000FFF744FF17EE908A07EE90BAA8EC084AD5
:100EA00088E8FF00BDE8F08F00B591E89857A3FBF4
:100EB0000352A3FB0401E3FB6420E3FB671042EC55
:100EC000145AA3FB0752E3FB6802E4FB6415E3FB3F
:100ED0006805E3FB6925A4FB07B6E3FB6926E3FB92
:100EE0006A56E4FB670BE4FB682BE3FB6A5BE3FBFE
:100EF0006C6B40EC151AA4FB0810E4FB6950E3FB93
:100F00006C60E3FB6EB0E7FB6721E4FB6951E4FB37
:100F10006A61E3FB6EB1E4FB6E0106EE102AA7FBEB
:100F20000832E4FB6A62E4FB6CB2E4FB6E02E7FBAE
:100F30006E12E7FB6853E7FB6963E4FB6CB3E7FB06
:100F40006C03E7FB6E13E8FB6E2306EE905AA7FBDB
:100F50000954E7FB6AB4E7FB6C04E8FB6C14E8FB9C
:100F60006E24E9FB6E34E8FB6865E7FB6AB5E8FBD5
:100F70006A05E8FB6C15E9FB6C25E9FB6E35EAFBBD
:100F80006E4507EE106AA8FB0976E8FB6A06E9FBE6
:100F90006A16E9FB6C26EAFB6C36EAFB6E46ECFB54
:100FA0006E56E8FB69B7E9FB6907E9FB6A17EAFBDC
:100FB0006A27EAFB6C37ECFB6C47ECFB6E57EEFBE9
:100FC0006E6700BD2DE9F04F07EE900AFFF76CFF4A
:100FD00017EE908A07EE90BAA8EC084A88E8FF005E
:100FE000BDE8F08F30B44FF0000310F8014B11F85A
:100FF000015B013A84EA050443EA0403F5D1A3F155
:1010000001034FEAD37030BC704700BF4FF00003BC
:1010100010F8012B013943EA0203F9D1A3F10103CE
:101020004FEAD370704700BF30B411F8014B12F88B
:10103000015B6C4000F8014B013BF6D130BC7047BE
:101040002DE9F00791E8F807B2E802105B1854EBBD
:101050000C04B2E802104D4156EB0C06B2E8021047
:101060004F4158EB0C08B2E8021059EB01095AEB5A
:101070000C0A8941B3F1FF3374F1FF3475F1FF3588
:1010800076F1000677F1000778F1000879F101099F
:101090007AF1FF3A51F100015B184C414D4156F194
:1010A000000657F1000758F1000859EBD1795AEBC7
:1010B000010A80E8F807BDE8F00770472DE9F0075E
:1010C00091E8F807B2E802105B1A74EB0C04B2E87E
:1010D00002108D4176EB0C06B2E802108F4178EBDE
:1010E0000C08B2E8021079EB01097AEB0C0A89418D
:1010F0005B184C414D4156F1000657F1000758F17D
:10110000000859EBD1795AEB010A80E8F807BDE8ED
:10111000F007704718EB040859EB05095AEB060A6B
:101120005BEB070B5FF0000C4CF1000C18EB0508B3
:1011300059EB06095AEB070A5BEB070B50EB0C0067
:101140005FF0000C51EB0C0152EB0C0263414CF1CF
:10115000000CB8EB070879F100097AF1000A7BEB83
:10116000040BA841B141A241B3416CF1000CBBEBAF
:10117000050BB041B941AA41BB416CF1000C6FEACB
:10118000EC74B8EB040879EB04097AEB040A7BF100
:10119000000B70F1000071F1000172EBD472A341F9
:1011A0006CF1000C18EBEC7859EBEC795AEBEC7A1B
:1011B0005BF1000B50F1000451F1000552EBDC76BD
:1011C00053EBEC774CF1000C18EBEC7059EBEC7135
:1011D0005AEBEC725BF1000354F1000455F1000589
:1011E00056EBDC7657EBEC77704700BF2DE9F04FFC
:1011F00007EE900AFFF792FD59EC168A17EE10AA37
:10120000FFF788FF59EC148A5BEC15AAFFF782FF01
:1012100017EE908A88E8FF00BDE8F08F2DE9F04FC7
:1012200007EE900AFFF740FE59EC168A17EE10AA57
:10123000FFF770FF59EC148A5BEC15AAFFF76AFF01
:1012400017EE908A88E8FF00BDE8F08F4FEA410C66
:101250007FEA6C5C02D150EA013C0AD14FEA430CB0
:101260007FEA6C5C02D152EA033C02D14FF00000ED
:1012700070474FF001007047F8B515460A4A1C4602
:1012800056682EB101B02A46B446BDE8F04060472A
:1012900000208DF80000684618F051F99DF8000014
:1012A000281A20700020F8BD0800002030B4054C3A
:1012B000246814B1A44630BC60471A7030BC0020CA
:1012C0007047000008000020002819D00378134957
:1012D000134A13B1012B0ED011E00379012B00D07A
:1012E0006BB943790BB1012B09D18368643B8B4205
:1012F00005D2C0680EE00379012B02D00BB10020AB
:10130000704743790BB1012BF9D1C368643B8B4221
:10131000F5D280689042F2D8012070473D860100E6
:10132000FF3F420F10B5054C206810B180470020E8
:101330002060BDE8104002F015B800001000002049
:101340002DE9F0410E46050004D000F045F80746AF
:1013500000240AE06FF01500BDE8F081204600F09F
:1013600041F8807838B1641CE4B2BC42F6D300BFC7
:101370006FF00B00F0E72746FF2CF9D0204600F075
:1013800031F8044618F07EFA27712146074801F02B
:10139000C1FFE070202805D00120A560A070377043
:1013A0000020D9E76FF02200D6E70000E5950100A4
:1013B00010B5820702D06FF00D0010BD054A117004
:1013C000506028B101EBC1018A00002118F0E0FC57
:1013D000002010BD14000020014800787047000074
:1013E0001400002005490A78904201D3002070477C
:1013F000496800EBC00001EB80007047140000203A
:1014000070B50546202A27D019481A4C00EB831CDA
:101410000CEB420004EB8303202922D00CEB4101AA
:1014200040784C784870204601460CEB41009142D0
:1014300005704078F8D193F82220202A1ABF0CEBCF
:101440004202547083F8214020220CEB410C8CF8AE
:10145000012083F8221070BD40F28A21702003F031
:10146000E1F993F82040407883F82000DBE70000A2
:10147000281A0020A81A00202DE9FF4F85B0154634
:101480000C4602F057F9284420F07F400290216872
:10149000081A0002C11700EB11600012002800F3C7
:1014A000D580AC48089FAC4E00EB8700039090F8C5
:1014B00020502020E9460DF104088DF8000006F5C3
:1014C000407A202D18BF0AEB871B25D005EB45007D
:1014D00006EBC0002268C168511A0902CA1701EB65
:1014E00012610830091217D4618971B1418961B95B
:1014F00000F0A4FD02F01EF92168081A0002C117CD
:1015000000EB11600012332806DB0BEB450089F875
:1015100000504578202DD9D199F8000088F80000B6
:10152000A146202D1CBF8D4800EB871B00F00E81CB
:1015300005EB450106EBC10AD9F80420DAF80810DA
:101540004846891A0902CA1701EB12610AF1080715
:10155000091215D47989002900F0F8804189002901
:1015600040F0F48000F06AFD02F0E4F83968081AEF
:101570000002C11700EB11600012332880F2E680F0
:1015800088F800509AF8141099F80C00814206D996
:101590000BEB45004578202DCAD100F0D7B89DF857
:1015A000040000EB400006EBC005688AEF680028E5
:1015B00043D16089E8B3A86818F002FA698A2A7CE6
:1015C000674B1144491C4218984204D940F2D65145
:1015D000702003F027F96348814204DD40F2D751BF
:1015E000702003F01FF96048814204DA4FF4BB61B8
:1015F000702003F017F95D489042DCBF02F5F70256
:10160000A2F1F85205DD002ABCBFA2F5F70202F1F3
:10161000F852104602F08EF820F07F41781A00024E
:10162000C21700EB126000123328B8BF01F133007B
:1016300000E002E0B8BF20F07F470298381A0002AD
:10164000C11700EB11600012002803DD09B0002073
:10165000BDE8F08FD4E90010401A384427F07F41EC
:1016600020F07F40C4E900100398DDF820806F4629
:1016700090F8205020200DF1040A8DF80000202D54
:101680001CBF364800EB881925D000BF05EB45008C
:1016900006EBC0002268C168511A0902CA1701EBA3
:1016A00012610830091216D4618971B1418961B99A
:1016B00000F0C4FC02F03EF82168081A0002C117CD
:1016C00000EB11600012332805DB09EB45003D708B
:1016D0004578202DDAD138788AF800002746202D69
:1016E0001CBF1E4800EB881B30D005EB450106EB04
:1016F000C1097968D9F808203846511A0902CA1771
:1017000001EB126109F10808091212D4B8F80A10A5
:10171000E1B14189D1B900F091FC02F00BF8D8F8A1
:101720000010081A0002C11700EB116000123328E4
:101730000CDA8AF8005099F81400397B88427FF659
:101740002EAF0BEB45004578202DCED109B00120FE
:10175000BDE8F08FA81A002028170020281A0020C2
:10176000FF7F841E0040420F00C0BDF00080841E39
:101770002DE9F05F04463C480E4600EB86003B4FE7
:1017800090F82050202098469246107007F5407936
:10179000202D18BF09EB861B28D000BF05EB4500A4
:1017A00007EBC00000F10801C0682268101A0002AF
:1017B000C21700EB1260001218D4608978B1488912
:1017C00068B9084600F03AFC01F0B4FF2168081A35
:1017D0000002C11700EB11600012332806DB0BEB8F
:1017E00045008AF800504578202DD7D19AF800009E
:1017F00088F80000202D18BF09EB861A30D005EBC1
:10180000450107EBC1096168D9F808202046511A43
:101810000902CA1701EB126109F10806091210D476
:101820007189E9B14189D9B900F008FC01F082FF62
:101830003168081A0002C11700EB1160001233284A
:101840000EDA88F8005099F81400217B884202D8FB
:101850000020BDE8F09F0AEB45004578202DCED151
:101860000120BDE8F09F0000A81A002028170020E2
:101870002DE9F74F96B015468A46002602F0E2F9A8
:101880000446BAF1010F18BFBAF1020F05D040F6B5
:1018900063114FF0700002F0C5FFFF49012008609E
:1018A000FE49C96808604FF0000B8DF846B0801EF5
:1018B0000C90FB4905EB450001EBC0030833CDF864
:1018C00028B00FCB0DAF87E80F000DA800F0B6FBD6
:1018D0000B90F348BDF83E80B0F89C03ADF844008F
:1018E000B8F1000F14BF4FF001094FF000090D9837
:1018F0001490B9F1000F09D0EA4890F82C0028B9EB
:1019000002F018FF002808BF012700D00027E64892
:1019100000210D460078012818BF03283BD1E2487A
:101920004688464537D90B99F343DFF880E3C8185A
:101930000DF10C0C15AA714504D940F2D651702056
:1019400002F070FFDA498B4204DD40F2D75170207B
:1019500002F068FFD7498B4204DA4FF4BB61702074
:1019600002F060FFD4498142DCBF00F5F700A0F12E
:10197000F85005DD0028BCBFA0F5F70000F1F850D5
:10198000614601F0F3FE039820F07F4003900D992B
:10199000081A20F07F41002F18BF322504D19DF88E
:1019A0004400002818BF0225B4F1807F08D00D98AC
:1019B000001B0002C21700EB12600012012802DABD
:1019C000032216980BE047B1B64890F82D0020B1DD
:1019D0009DF84400051C18BF0225204600220D9BDF
:1019E0002A445B1A23F07F4CACF1010323F07F45BE
:1019F0002B1A1B024FEAE37E03EB1E631B1293427A
:101A000004DB002918BFCDF834C027E089B19DF868
:101A100045301BB9A44B1B78032B0AD027B99DF87E
:101A20004410002918BF921E00218DF844B00E46C4
:101A300007E037B99DF84430002B1CBF8DF844B047
:101A4000921E0D9B591A491E21F07F45281A00024B
:101A5000C11700EB1160001290427CDB09975F46D2
:101A600001F0E6FF281A0002C11700EB1160001216
:101A70003D2820DABAF1010F02D0099840B112E0F6
:101A8000B4F1807F1CD14FF40E61702002F0CAFEC9
:101A9000B4F1807F07D0601B0002C11700EB11601A
:101AA0000012042804DD2C46204601F0C7FF07E0A1
:101AB00000286DDC04E02C46204601F0BFFF4F46B5
:101AC000B4F1807F5FD00D980E9A001B121B20F09E
:101AD0007F4022F07F4201285AD3B0F5000F98BF13
:101AE000B2F5000F54D8204617F06AFF0B99704BDF
:101AF0000D1AEB1A5A467BF1000319D3DFF8B0C177
:101B0000431AB3EB0C0C72F1000C11D3DFF89CC13B
:101B1000AC453EBFC0F5902000F1F450451807D306
:101B20009C4539D2C1F5902101F1F4510844454258
:101B3000DFF870B19BF81E0098B350464FF0000AD2
:101B4000012805D0022002F0D5F9012002F0D2F9D7
:101B5000B04532D200E01BE0A5EB06014FF00103D7
:101B60004FF003024FF0020002F0F0F8002808BF27
:101B70004FF0010AB8F1000F39D00123A5EB08019D
:101B80000322184627E040F6FD11702002F04AFEBD
:101B900019B00020BDE8F08F40F6DD21702002F082
:101BA00041FEB04534BF304640461E30A842C4DB3B
:101BB0004FF42161702002F035FE10D90123A5EB0E
:101BC00008010322184602F0C1F8E0B37EB1A91B58
:101BD00001230322022002F0B9F8A0B307E056EA7D
:101BE000080004D040F64711702002F01BFE0123CC
:101BF00003222946002002F0A9F820B30126BAF1F9
:101C0000000F04D014980D9000208DF84400B9F115
:101C1000000F04BF9BF82D00002800D02FB39BF8C5
:101C20002C0020B102F05CFC00208BF82C00FFB1EE
:101C3000A4F1320020F07F4101230322052002F0AD
:101C400085F840B300E006E09BF82D00002808BFAF
:101C50008BF82D6015E0022002F04CF9012002F013
:101C600049F919B00020BDE8F08F9BF82C0028B38B
:101C70009BF82D0028B1052002F03CF900208BF8DC
:101C80002D00A5EB0800A0F11901002923DC40F686
:101C90004221702013E019E0080500401C000020DC
:101CA00028170020A81A002024000020FF7F841E8F
:101CB0000040420F00C0BDF00080841E01E002F031
:101CC000B1FD02F029FC8BF82C60B0E740F2123134
:101CD000702002F0A7FD03220123104602F036F81F
:101CE000F0B112490020C9680860114908600DF17F
:101CF0002808104898E8FE10C0F88013C0F8842324
:101D0000C0F88833C0F88C43C0F89053C0F894638F
:101D1000C0F89873C0F89CC319B00120BDE8F08FDB
:101D200040F64A21702002F07DFD00001C000020DA
:101D300008050040281700202DE9F043064683B02F
:101D400008789073CF7A5773887A1073088914468D
:101D500050810D460A785F4999464FEA410C4B4243
:101D6000ACF101085AB1C043D5F8048004F108026F
:101D700088423DDD40F2D751702002F053FDEE68FD
:101D80006D686FEA000904F1080206EB0900464598
:101D900004D940F2D651702002F044FD8945E9DCB7
:101DA000994528DB8445DCBF00F5F700A0F1F85029
:101DB00005DD0028BCBFA0F5F70000F1F850214672
:101DC00001F0D4FC206820F07F417019401C216094
:101DD000002F08BF7A3003D0012F08BF48302DD123
:101DE00001F0A8FC20F07F40606003B0BDE8F08304
:101DF0000146984204DA4FF4BB61702002F012FDF4
:101E00008445DCBFA1F1F450A0F5902005DD002849
:101E1000BCBF01F1F45000F59020214601F0A6FC72
:101E20002068002F20F07F4108F10100216008BFE9
:101E30007A3008D0012F08BF483004D040F27E61CC
:101E4000702002F0EFFC01F075FC20F07F41616032
:101E5000608901AA694601F089FC1F4890F82F109B
:101E6000202923D00069401D20F07F40D4E90021C3
:101E7000891A2060084420F07F4060604B4632465B
:101E80002146E868FFF7F8FA00281CBF03B0BDE858
:101E9000F083D4E90010401A304426F07F4120F04E
:101EA0007F40C4E9001003B0BDE8F083608906F10B
:101EB000090720B102F03EFC002808BF323707486E
:101EC00041780098814284BF081A074427F07F4078
:101ED000CCE700000040420FA81A00202400002098
:101EE00070B51E4D95F82F00202818BF70BD95F8CD
:101EF0002E2005EB820090F82040202C29D0184B92
:101F000003EB821101EB4401497880F82010FF2196
:101F100080F8231085F82B1085F82F4021460220E9
:101F200000F0C6F8002085F82A00A8770D4904EBD8
:101F3000440001EBC000007D002808BF02F058FEFD
:101F400009484168002908BF70BD0020BDE8704005
:101F5000084740F25231702002F064FCA81A0020B9
:101F6000281A0020281700201C0000202DE9F05F0F
:101F7000DFF8B88098F82E5008EB850090F82140E3
:101F8000202C08BFBDE8F09FDFF8A4B0DFF8A4A0C4
:101F9000AAF540790AEB8517072617F814000128DF
:101FA0000ED0042808BF02260AD005280CBF03263D
:101FB000062805D040F6AA014FF0700002F032FC6E
:101FC000BBF1000F18BFAFF30080EFF3108072B6C3
:101FD00007EB44014A7808EB850181F8212091F84C
:101FE0002220A24204BF202281F82220B8B12A4632
:101FF0002146012000F05CF804EB440109EBC1002C
:1020000059F8312040683146904798F82E5008EB37
:10201000850090F82140202CBCD1BDE8F09F0648F7
:10202000002818BFAFF3008062B6E0E7A81A0020CE
:1020300000000000281A00200000000010B504462F
:10204000006817F0BDFC02466089217A144B0844F1
:10205000411C50189A4204D940F2D651702002F027
:10206000E1FB104A914204DD40F2D751702002F0AA
:10207000D9FB0D4A914204DA4FF4BB61702002F0A3
:10208000D1FB0A498142DEBF00F5F700A0F1F8500C
:1020900010BD0028BCBFA0F5F70000F1F85010BD3E
:1020A000FF7F841E0040420F00C0BDF00080841EF0
:1020B000DFF854C010B500230CEB821C07281ED299
:1020C000DFE800F0050505050404040001230CF811
:1020D0001100002B08BF10BD0C4800EB820292F8E3
:1020E000220020280EBF82F821100CEB4000417026
:1020F00020200CEB4103587082F8221010BD4FF4E1
:102100001871702002F08EFB281A0020A81A0020F7
:102110002DE9F84F81465648884600EB880000902C
:1021200090F82040B9F1010F254618BFB9F1020F10
:1021300005D040F681214FF0700002F073FB0027BC
:10214000202D44D04A480026807F002808BF022660
:1021500001F06EFCDFF81CA104EB44010AEBC101A5
:102160008A68C968121A091A22F07F4221F07F4159
:10217000964299BFB2F5000FB1F5000F3E4A02EB4F
:10218000881B22D922460BEB42014C78202C14D01C
:1021900004EB44010AEBC101D1F808C0C968ACEBFB
:1021A000000C091A2CF07F4C21F07F4166459CBF42
:1021B000BCF5000FB1F5000FE4D8202A05D0434646
:1021C00020210420FFF71CF90446AC4216D12B480D
:1021D000002818BFAFF3008001F02AFC244C03460E
:1021E00094F8300020280CD0E068991C081A0002EE
:1021F000C11700EB11600012002802DD0020BDE8CD
:10220000F88F202D0DD02A4649461846FFF730FB9F
:1022100020B3009880F8237084F830500120BDE886
:10222000F88F94F82C0018B102F05AF984F82C7049
:1022300094F82D0020B1052001F05CFE84F82D708B
:10224000042001F057FE01F0C5FE202084F8300084
:102250000B48C06807600B480760DFE743462A4623
:1022600020210420FFF7CCF80020BDE8F88F000003
:10227000A81A002028170020281A002000000000BB
:102280001C00002008050040064910B591F82F20D9
:10229000202A1CBF887710BD40F2B131702002F0B7
:1022A000C1FA0000A81A00202DE9F04F5E4E074643
:1022B00085B096F82F008846202851D096F82F0038
:1022C00006F10C0400EB4000A6F5607909EBC00AAA
:1022D00020208DF8000096F82E0003AA06EB80005F
:1022E00001A990F82050306902903068384401F01C
:1022F0003DFADAF80C000199652F084435D34B4BB1
:102300000021DB1B894130D32168411A21F07F4134
:10231000B1F5000F29D820F07F406060304684F886
:102320000C8090F82E00EA46202D1CBF404901EB9E
:10233000801B3ED005EB450009EBC0086068D8F86B
:1023400008202146101A0002C21700EB126008F1A3
:10235000080600121BD4708958B3488948B128E098
:1023600040F64C31702002F05DFA05B00120BDE866
:10237000F08F2046FFF762FE01F0DCF93168081AA1
:102380000002C11700EB11600012332811DA8AF83D
:10239000005098F81410207B814205D802986060A4
:1023A00005B00220BDE8F08F0BEB45004578202DED
:1023B000C0D1052001F09EFD1B4C4FF0FF30A06006
:1023C00094F82E309DF800202021202A13BF0520EC
:1023D00004EB830090F82000FFF712F894F82E2009
:1023E000134901EB821194F82F2001EB4201487050
:1023F000206838442060FF2084F82B00607E01288C
:1024000005D12069401E20F07F4001F0B9FB9DF806
:102410000000202803D00748407802F0D3FA05B026
:102420000020BDE8F08F0000A81A00200040420FF5
:10243000281A00201C00002070B5234A92F82F10A3
:10244000202939D092F82F10A2F5607301EB4101D9
:1024500003EBC10C92F82E1092F82E4002EB810192
:1024600091F82010A2F1800505EB8414202928D0D2
:1024700001EB410503EBC5052D7D854284BF04EBCF
:1024800041014978F2D801EB410103EBC101DCF8CD
:102490000C0089681468081A0002C11700EB11606B
:1024A000001207D417F08CFA04F16501884224BFAA
:1024B000001B70BD002070BD40F61E31702002F080
:1024C000B1F94FF0FF3070BDA81A0020064810B5D2
:1024D00090F82F1020291CBF007E10BD40F645311A
:1024E000702002F09FF90000A81A00200246144B49
:1024F00010B508449A4204D940F2D651702002F037
:1025000091F9104A914204DD40F2D751702002F057
:1025100089F90D4A914204DA4FF4BB61702002F050
:1025200081F90A498142DEBF00F5F700A0F1F850B9
:1025300010BD0028BCBFA0F5F70000F1F85010BD99
:10254000FF7F841E0040420F00C0BDF00080841E4B
:10255000154B0A1A4FF0000CD31A7CF100033CBF54
:102560001046704710B5431A0F4C1C1B7CF1000C31
:102570003CBF104610BDDFF834C094453FBFC0F5E6
:10258000902000F1F450084410BD9C4506D2C1F5DE
:10259000902101F1F4510844404210BD40F6DD2184
:1025A000702002F03FF900000040420FFF7F841EC0
:1025B000074991F83020824204BF4868704700EB19
:1025C0004000044901EBC0000830FFF737BD0000B0
:1025D000A81A0020281700200E4910B591F82F00E6
:1025E000202812D091F82F00A1F5607200EB400076
:1025F00002EBC00091F82F10406801EB410152F846
:102600003120BDE810400421104740F68D017020B4
:1026100002F008F9A81A0020F8B56C4D6C4A05F5CF
:102620006074012694F82C1008286ED2DFE800F0C0
:10263000047399ABC943B0B519B901F06DFF84F8C3
:102640002C60E08A10B102F075F890B1FFF748FCF9
:10265000FF2084F82900A168B1F1FF3F05D00123D4
:102660000322052001F072FB40B1607E012810D1E9
:1026700009E040F63D01702002F0D4F840F6420136
:10268000702002F0CFF82069401E20F07F4001F05A
:1026900077FA94F82F0094F82F1000EB400005EB28
:1026A000C000406801EB410155F8312001B0012123
:1026B000BDE8F040104794F82D0040B119B901F081
:1026C0002BFF84F82C60002084F82D00F8BDFFF764
:1026D00007FC4FF0FF30A06094F829008DF800004F
:1026E0009DF8000090B194F82F0094F82F1000EBA3
:1026F000400005EBC000406801EB410155F8312076
:1027000001B00621BDE8F04010475AE040F65A01FA
:10271000702002F087F8FFF7E3FB84F8286002F0EE
:1027200009F818B194F82C0028B108E040F66801C7
:10273000702002F077F801F0EFFE84F82C6094F836
:102740002F0094F82F1000EB400005EBC00040680C
:1027500001EB410155F8312001B00021BDE8F04006
:10276000104701F081FCE08A10B101F0E3FF28B1CD
:1027700018480078032808BF6677F8BD40F6720154
:10278000702002F04FF814480660D0680660F8BD6B
:102790001078BDE8F84002F015B9FFF7A1FB94F8F6
:1027A0002F0094F82F1000EB400005EBC0004068AC
:1027B00001EB410155F8312001B00521BDE8F040A1
:1027C000104740F68501702002F02CF828170020F1
:1027D0001C0000202400002008050040034810B51C
:1027E000407817F0EDF880B210BD00002400002002
:1027F0002DE9F34F8246E0488BB00068DF4DC005FD
:10280000C00D0ED0103840B20028B8BF00F00F0045
:1028100000F1E020ACBF90F8000490F8140D4009DE
:102820000DD00C984FF0000B0078002818BF01283D
:1028300018D040F21C714FF0700001F0F3FF95F8D2
:102840002F004FF0010B202807D00C98007848B1DA
:102850004FF4E361702001F0E5FF40F21571702044
:1028600001F0E0FFC64C24B1002140F21F70AFF32D
:102870000080C4490AEB4A0001EBC0004FF0010898
:10288000009024B1002140F22770AFF30080B8F12E
:10289000000F09D095F82E604FF0000985F82B90B5
:1028A000BBF1000F07D032E0B748002818BFAFF3E4
:1028B000008062B6EEE73746012020EA0706B348FB
:1028C000402200EB871100EB861017F0E7F924B1E6
:1028D000002140F29A50AFF3008005EB870105EB31
:1028E0008600096A016224B1002140F29E50AFF3D4
:1028F000008024B1002140F23170AFF3008095F8E0
:102900002B008DF804009DF804000028B9D124B1F3
:10291000002140F23B70AFF3008001F089F880465F
:10292000334606AA0C99FFF707FA24B1002140F2BA
:102930004270AFF30080954906A801EB861717F89F
:102940001A10012918BF022936D10699079AA1EB5E
:10295000080121F07F41A2EB080222F07F42022908
:1029600070D3B1F5000F98BFB2F5000F6AD84FF0E1
:10297000010901AB05AA3146FEF7FAFE002869D02D
:102980009DF814109DF8042033468A4266D0052035
:10299000FEF736FD07EB4A0148709DF81400202829
:1029A0001CBF07EB400080F801A061D032465146C1
:1029B0005FF00300FFF77CFB05EB860090F8230037
:1029C0008DF804009DF80400002814BF012700279B
:1029D00024B1002140F24970AFF300806C48002818
:1029E00018BFAFF30080EFF3108872B624B1002156
:1029F00040F24F70AFF3008095F82B008DF8040083
:102A00009DF8040000287FF43CAF24B1002140F27F
:102A10005770AFF300800DF1180E00989EE80E106D
:102A200000F10800B9F1000F80E80E104CD024B17D
:102A3000002140F26470AFF30080BBF1000F34D18D
:102A40001EE0FFE7324651460420FFF731FB4FF00E
:102A50000109B1E7324651460420ABE7202919BFEE
:102A600007EB4100407805EB860090F8200091E7E5
:102A700005EB860080F820A0FF2180F8231095E761
:102A80009FB195F82F0020280FD124B1002140F2EA
:102A90006970AFF3008031460220FFF739FB20B99F
:102AA0000C980078F0B301284CD024B1002140F2FA
:102AB0008670AFF30080BBF1000F1CBFFF2085F8CC
:102AC0002B0048D04FF0010924B1002140F297704B
:102AD000AFF30080B8F1000F47D024B1002140F2DD
:102AE0009B70AFF30080B9F1000F11D095F82E0064
:102AF00005EB800090F82100202809D024B10021A6
:102B000040F2A270AFF300802248407801F05AFFF3
:102B100024B1002140F2A770AFF300800DB0484609
:102B2000BDE8F08FFFE724B1002140F27170AFF3F0
:102B3000008095F82E2051460420FFF7B9FA4FF097
:102B40000109C1E7002C3FF49CAE002140F27C70EB
:102B5000AFF3008095E695F82E100120884385F8A4
:102B60002E00FF2085F82B00ACE70748002818BF8F
:102B7000AFF3008062B6B0E704ED00E0A81A0020D1
:102B8000000000002817002000000000281A002084
:102B9000000000001C0000202DE9F14FA44886B081
:102BA0000068C005C00D11D0103840B20028B8BF71
:102BB00000F00F0000F1E020ACBF90F8000490F8A6
:102BC000140D400908BF4FF0010901D04FF0000972
:102BD0000698007800281EBF002007B0BDE8F08FDF
:102BE0004FF0000B934D944CDA4625B1002140F292
:102BF0002560AFF3008094F82E6084F82BA04FF08E
:102C0000000825B1002140F22A60AFF30080B9F13D
:102C1000000F1DD13746012020EA070687484022D1
:102C200000EB871100EB861017F038F825B1002172
:102C300040F29A50AFF3008004EB870104EB86006A
:102C4000096A016225B1002140F29E50AFF3008075
:102C500025B1002140F23260AFF3008000F0E8FEC1
:102C6000074633466A460699FFF766F825B1002104
:102C70004FF4C760AFF3008094F82F00202814D0E1
:102C800020690099091A0902CA1701EB1261091299
:102C90000BD5DDE90012511A20F07F42084420F0E4
:102CA0007F40CDE900204FF001084DB1002140F2F6
:102CB0004260AFF3008000214FF4C960AFF30080A1
:102CC00000980199C01BC91B20F07F4021F07F4173
:102CD000B0F5000F98BFB1F5000F03D8B9F1000FA0
:102CE0000CD103E0B9F1000F38D094E033463A46F6
:102CF00069465348FEF7C0FB48EA0008B8F1000FE8
:102D000022D0009816F05CFEBDF80A109DF808204D
:102D10004C4B1144491C4218984241D848488142C2
:102D20005ADC404281425FDB581C9042DCBF02F516
:102D3000F702A2F1F85205DD002ABCBFA2F5F702A6
:102D400002F1F8520698C2604FF0010B002D62D0DC
:102D5000002140F25B60AFF300805CE0BDF80A0048
:102D600005AA04A900F002FD94F82F0020281CD029
:102D70002069401D20F07F40DDE90021891A0144CF
:102D800021F07F41CDE9000116F01AFEBDF80A10CE
:102D90009DF808202B4B11444A1C8118984218D9E1
:102DA00040F2D651702001F03DFDBDF80A0007F158
:102DB000090620B101F0BEFC002808BF32362248C7
:102DC00004994078884284BF401A064426F07F4028
:102DD000D2E71B48824204DD40F2D751702001F057
:102DE00021FD1A48824204DA4FF4BB61702001F0E1
:102DF00019FD17488842DCBF01F5F701A1F1F85130
:102E000005DD0029BCBFA1F5F70101F1F8510698D5
:102E10004FF0010BC16094F82B008DF810009DF865
:102E2000100000287FF4E1AE07B05846BDE8F08FEF
:102E300004ED00E000000000A81A0020281A00207D
:102E40000040420FFF7F841E2400002000C0BDF020
:102E50000080841E2DE9F14F8A4D8CB095F82E002C
:102E60000020894C01278146A5F18008089024B1F3
:102E7000002140F2B670AFF30080002F39D000BFC0
:102E800085F82B9024B1002140F2BB70AFF3008095
:102E900095F82EA0012020EA0A0608EB861008EB20
:102EA0008A118346402216F0F9FE24B1002140F237
:102EB0009A50AFF3008005EB860005EB8A01009085
:102EC000096A016224B1002140F29E50AFF30080F4
:102ED00095F82B008DF808009DF8080080B1002CB3
:102EE0001CBF002140F2C170C1D000BFAFF3008011
:102EF000BDE76648002818BFAFF3008062B6BFE7A1
:102F000024B1002140F2C570AFF300800C981BF88B
:102F10001000032878D1DDF800A0CDF814A00C999A
:102F20009AF82000884214BF4FF0000B4FF0010BBD
:102F30000AF1200C8646202208EB861303E00246A5
:102F400003EB42004078884202D020280AD0F6E7FE
:102F5000202807D0864507D103EB4E0040788CF837
:102F6000000007E048460CE003EB400003EB4201A1
:102F70004078487024B1002140F20450AFF3008043
:102F8000012010EA0B0F1CBFFF218AF82310002834
:102F900058D024B1002140F2CA70AFF3008032460D
:102FA00001200C99FFF784F8059890F823008DF81C
:102FB00008009DF80800002814BF4FF0010A4FF0E8
:102FC000000A24B1002140F2D570AFF300803048F0
:102FD000002818BFAFF30080EFF3108772B624B15A
:102FE000002140F2DA70AFF3008095F82B008DF8E5
:102FF00008009DF8080040B1002C1CBF002140F2E1
:10300000DE703FF434AF71E71CE0BAF1000F08D076
:1030100095F82F00202804D131460220FFF778F8D8
:1030200008B324B1002140F2F270AFF3008095F8AC
:103030002E100120884385F82E00FF2085F82B00F4
:103040000120089024B1002140F2FB70AFF3008012
:103050008FB124B1002140F2FF70AFF300800898D7
:103060000DB0BDE8F08F002CF2D0002140F2ED70E1
:10307000AFF30080E7E70548002818BFAFF30080F2
:1030800062B6E6E7A81A0020000000000000000079
:1030900000000000202824BF0020704700EB400003
:1030A000034B43F8301003EBC0004260012070472F
:1030B0002817002010B5202811D20E4991F82E3083
:1030C000A1F1800202EB831C1CF810303BB191F897
:1030D0002E3002EB831212F81020012A01D00020BA
:1030E00010BD91F82E2001460020FEF7E1FF0120DF
:1030F00010BD0000A81A00202DE9F84F814E80462F
:1031000096F82E00A6F1800707EB801010F8180043
:10311000002868D096F82E907B4D25B1002140F60E
:103120009230AFF3008007EB891414F818000128DF
:1031300018D0C0B204281CBF0528062858D02DB1CD
:103140004FF0000140F69E30AFF3008001F090FC9C
:1031500025B1002140F6A230AFF3008014F818002A
:103160000128E6D1012425B1002140F6A930AFF3B2
:103170000080002C42D0002086F82B0025B10021D1
:1031800040F6AE30AFF3008096F82EB0012020EA72
:103190000B0907EB8B1107EB8910402216F07EFD1F
:1031A00025B1002140F29A50AFF3008006EB8B006E
:1031B00006EB890A006ACAF8200025B1002140F216
:1031C0009E50AFF3008096F82B008DF800009DF81C
:1031D0000000D0B1002D1CBF002140F6B430C2D099
:1031E000AFF30080BFE740F68931702001F01AFB91
:1031F0004A4641460120FEF75BFFA9E74348002805
:1032000018BFAFF3008062B6B5E725B1002140F6E4
:10321000B830AFF300809AF821300AF1210140461E
:103220001C464FF0200B07EB89120AF1220A04E03A
:10323000A34602EB4B0C9CF80140844202D0202CA8
:103240002BD0F5E7202C28D0A34204D102EB430079
:103250004078087005E002EB440002EB4B01407837
:103260004870BAF1000F11D025B1002140F2FC40A6
:10327000AFF300809AF80000A04207D125B10021E9
:1032800040F2FF40AFF300808AF800B05DB100214A
:1032900040F20450AFF3008000E025B1002140F679
:1032A000BC30AFF300801A48002818BFAFF300808D
:1032B000EFF3108472B696F82B008DF800009DF89D
:1032C000000038B1002D1CBF002140F6C2303FF491
:1032D0004AAF85E786F82E90FF2086F82B0054B180
:1032E000002D08BFBDE8F88F002140F6CF30AFF3C6
:1032F0000080BDE8F88F0548002818BFAFF30080B4
:1033000062B6EDE7A81A00200000000000000000EF
:103310000000000070B50D46064601F0F9F90F48AF
:1033200090F82E200024803800EB821010F8141042
:1033300029B1611CCCB2202CF8D3202070BD0848E4
:1033400004EB440140F8316000EBC10021464560C8
:103350000120FEF7ADFE204670BD0000A81A002037
:10336000281700202DE9F04782B000F061FB0546E8
:1033700000F030FE664CA068B0F1FF3F1CBF4FF07C
:10338000FF30A060A07F634F90B9D4E90310401ACA
:1033900020F07F404FF40C7116F03FFB2169084488
:1033A000281A0002C11700EB11600012C00F13D0E1
:1033B000607E28B394F829008DF800009DF8000085
:1033C000F0B100F045FC00BF94F82A00F0B140F2E3
:1033D0001141702001F026FA94F82F0094F82F1074
:1033E00000EB400007EBC000406801EB410157F8DB
:1033F00031200821904740F2F931702001F012FA93
:10340000E81C20F07F4000F019FBDDE7012084F884
:103410002A0094F82F00202824D094F82F80202010
:1034200084F82F0084F83000002684F8286084F89F
:103430002960394826600078022816BF0328012039
:103440000020207794F82E9004EB890A9AF8200047
:1034500020282FD000EB400007EBC000817D012920
:1034600005D027E040F21441702001F0DBF92F462F
:1034700000F10805408A01AA694600F077F994F83E
:103480002F00202804D02069401D20F07F4009E053
:103490006889093720B101F04DF9002808BF32379B
:1034A00027F07F40D5E90021891A2860084420F0E0
:1034B0007F40686049460120FEF72AFE0028F9D0C7
:1034C000164800EB891010F81800022804D14A466B
:1034D00041460620FEF7ECFDFF2084F82B009AF809
:1034E00021000F4D20281CBF687801F06BFA207F67
:1034F00018B100F0B9FD267766776968002904BF26
:1035000002B0BDE8F087642002B0BDE8F04708478C
:10351000A81A00202817002024000020281A0020C4
:103520001C00002010B5324C82B094F82F102029D6
:1035300008D0A168B1F1FF3F09D040F6BA21702050
:1035400001F070F940F6B921702001F06BF9626862
:103550000146284B50189A4204D940F2D6517020A7
:1035600001F060F9244A914204DD40F2D751702005
:1035700001F058F9214A914204DA4FF4BB617020FE
:1035800001F050F91E498142DCBF00F5F700A0F1BF
:10359000F85005DD0028BCBFA0F5F70000F1F85099
:1035A00001AA694600F0E2F89DF804000F288CBFDC
:1035B000012000200099084420F07F41A16094F888
:1035C00029008DF800009DF80000002804BF02B01B
:1035D00010BD01230322052000F0B8FB00281CBF0A
:1035E00002B010BD40F6C221702001F01BF90000AE
:1035F000A81A0020FF7F841E0040420F00C0BDF0CB
:103600000080841E70B51E4C202184F8201084F8A0
:10361000211084F82210002084F8230084F82E0062
:1036200084F82F10421EA2602060A07784F8280042
:1036300084F829002077607784F83010114984F8E5
:103640002C0084F82D00087048704880A4F1820195
:103650001022887001F8040F521EFAD10A4D01267B
:1036600084F82A60FF202870084801F08DF96870FE
:1036700001F0E8F9E86000F03FFD84F8316070BDCA
:10368000A81A0020240000201C0000206D1F00004C
:1036900070B50546012000FA05F40E46002A08BF61
:1036A00008480CD0002000F00DFDE90001F1804138
:1036B00001F5F831C1F81005C1F81465024804603D
:1036C00070BD000008F5014004F5014070B50446E6
:1036D0001546084616F074F9144B011B0022CB1A4C
:1036E00072F1000318D3DFF844C0231AB3EB0C0CBB
:1036F00072F1000210D30E4A8A423EBFC4F59021F7
:1037000001F1F451014407D39A4209D2C0F5902047
:1037100000F1F4502044414201F10F00281A70BD1D
:1037200040F6DD21702001F07DF800000040420FDE
:10373000FF7F841E410B48F2376251430A0C094B4C
:10374000510202FB03020848504300F586306E30F8
:10375000400D5B4210FB03F3B2EB532F88BF491CB3
:1037600008447047F7C2FFFF6F0C0100430B48F29B
:10377000376C03FB0CF330B41B0CDFF844C05C0265
:1037800003FB0C030F4858434FEA505C04EB0C005A
:1037900043F609541CFB04F404F5807C43F60855F9
:1037A000A3EB5C2C2C440CF0FF0CB3EB542F84BF28
:1037B0004FF0000C401C086082F800C030BC70471D
:1037C000F7C2FFFF6F0C01002DE9F041384CD4F82F
:1037D0000403DFF8E08010F4803F4FF400664FF000
:1037E000E0274FF0000519D033480068B0B1C4F8A5
:1037F0004051C7F88062D4F84005D8F80010401A4C
:1038000020F07F40022802D3B0F5000F06D94FF414
:103810008030C4F808030420FEF7FEFED4F8040349
:1038200010F4003F1AD025480068B8B1C4F84451DC
:10383000C7F880622248D0F84005D8F80010401A36
:1038400020F07F40022802D3B0F5000F06D94FF4D4
:103850000030C4F808030520FEF7DEFED4F80403A8
:1038600010F4802F08BFBDE8F081164800680028DA
:1038700008BFBDE8F081C4F84851C7F8806212481B
:10388000D0F84005D8F80010401A20F07F400228F8
:1038900004D3B0F5000F98BFBDE8F0814FF480204D
:1038A000C4F80803BDE8F0410620FEF7B5BE0000ED
:1038B00000B0004004B5004040B1004044B10040B9
:1038C00004B0004048B1004008B000402DE9F0418C
:1038D000384D2878042868D0E81C0122017859B1B5
:1038E000012908BF6A7002D06978002958D00221E6
:1038F0000170407800F0FEFA2F4CD4F804034FF02A
:10390000000810F4002F4FF480774FF0E0260AD023
:103910002A48006838B1032000F0ECFAC6F880723B
:103920000320FEF779FED4F8040310F4802F0AD0A8
:103930002348006838B1022000F0DCFAC6F8807233
:103940000220FEF769FED4F8040310F4003F0AD009
:103950001C48006838B1012000F0CCFAC6F880722B
:103960000120FEF759FED4F8040310F4803F08BF8D
:10397000BDE8F08114480068002808BFBDE8F08168
:10398000002000F0B7FAC6F8807204202870C5F84D
:103990000880C4F80082BDE8F0410020FEF73CBE7C
:1039A00040F22B416C2000F03DFFBDE8F0410720C4
:1039B000FEF732BE2C000020008000404C81004009
:1039C00048810040448100404081004001221102B2
:1039D0004FF0E0230020C3F8801103F5C073BFF35C
:1039E0004F8FBFF36F8FC3F800110E4941F8042FBA
:1039F000431EC1F80433C1F83C05C1F83C010A4B31
:103A0000C3F84005C1F840011B1DC3F84005C1F8CB
:103A100044011B1DC3F84005C1F84801CA600349B1
:103A20004870704700800040048000402C00002057
:103A3000014800687047000004B500402DE9F047D8
:103A4000484E0546F71E3378F968012B04BFA9429A
:103A5000BDE8F0874FF04040434A1060434A6FF49E
:103A60008020C2F8080302F104004FF00004002B8C
:103A700063D06FF4A02CC2F848C3C0F84045C2F828
:103A800044413B4800684FF0E0294FF0010800280E
:103A900004BF4FF40060C9F880024FF48030C2F8D0
:103AA0000803C2F84803C2F840413248D0F800C0C9
:103AB000A5EB0C0C2CF07F4CBCF1020F4AD3BCF5EB
:103AC000000F47D8C2F840554FF4803CC2F844C3B9
:103AD0002BB102688A1A22F07F42022AF9D3C7F872
:103AE00008803C70FFF772FF2348D0F8041564F398
:103AF0000101C0F80415D0F80825022161F3010284
:103B0000C0F80825D0F81025042161F30302C0F89D
:103B10001025C0F80C80B968C0F800128015C9F8EB
:103B20008002C9F800011549C00508600420FD6045
:103B3000707086F80080BDE8F0876FF4802CC2F8C2
:103B400048C3C2F84045C2F84041C0F84045C2F8F9
:103B5000444196E70020C2F8400540F269216C20FC
:103B600000F060FE2F00002008F5014000B000408A
:103B700048B1004004B500400080004004F5014019
:103B800070B52A4CE168814214BF01220022DFF89F
:103B9000A0C09CF80050022D02D0002A34D002E0D0
:103BA000002A08BF70BD62789AB3224B4FF0804262
:103BB0001A60214B9213C3F80823C3F8482300224C
:103BC000C3F840211D4A1668861B26F07F46022E48
:103BD00024D3B6F5000F21D8C3F840054FF4803642
:103BE000C3F844632DB11368CB1A23F07F43022B33
:103BF000F9D3134B02214A071A60E06004208CF8C5
:103C000001008CF8001070BD40F277216C2000F0AC
:103C100009FE40F27B216C2000F004FE0020C3F876
:103C2000400540F287216C2000F0FCFD2C000020B4
:103C30002F00002008F5014000B0004004B500400E
:103C400004F501400148C068704700002C000020C6
:103C50002DE9F04136486FF48021C0F80813354A49
:103C600000F1040C002113786BB16FF4A024C0F8AC
:103C70004843CCF84015C0F844112F4800684FF075
:103C8000010C98B90CE06FF48024C0F84843C0F8E8
:103C90004015C0F84011CCF84015C0F84411ECE7CD
:103CA0004FF0E0244FF40060C4F88002022B04D0EF
:103CB00040F293216C2000F0B5FD204E3068204C7E
:103CC000C01C20F07F40E3681E4D98420BD037683F
:103CD000DF1B27F07F47042F05D3B7F5000F02D86D
:103CE000FFF7ACFE1EE03068181A20F07F40022873
:103CF00015D3B0F5000F12D8134B4FF08040186069
:103D0000C4F808C02170C5F804C0C5F80CC0400054
:103D1000191F08600420507082F800C002E0C4F847
:103D200008C02170A068C5F80002BDE8F08100005D
:103D300000B000402F00002048B1004004B5004012
:103D40002C0000200080004008F501402DE9F047DC
:103D5000634C0027012694F800C065784FF4A074E6
:103D600007287BD2DFE800F0040404046A6A6A00D2
:103D7000DFF87081D8F80C90B9F1807F04BF98F813
:103D80000180B8F1000F03D0BCF1020F05D02CE088
:103D900040F2D6216C2000F045FDA5F1040808F0A2
:103DA000FF0804EB880404F1804808F5304800243B
:103DB000BCF1010F03D0BCF1020F0AD012E0042DB8
:103DC00024BFD8F80090B9F1000F08BF4FF00044AD
:103DD00008E0042D24BFD8F80090B9F1000F08BF07
:103DE00044F0804414F0804FE1D13F4C00F1100CBE
:103DF00006FA0CFCC4F808C304EB8005AAB14FF026
:103E0000400808EB800808F0FF08A044C8F80060EC
:103E100004EB8000D0F84005A1EB000020F07F40CB
:103E2000904238BFC5F8407551D3C5F84015012BF5
:103E300008BFC4F804C30120BDE8F087BCF1000F3F
:103E400006D0854204D140F2F9216C2000F0EAFC52
:103E5000A0F1040C0CF0FF0C012B00E03AE00CBFC9
:103E600001250025BCF1030F04D340F2BD116C20E5
:103E700000F0D8FC0CF1100306FA03F31B4EC6F851
:103E80000833C6F8483304EB8C0C46F80C70001F5E
:103E9000C0B206EB80007AB1DFF854C0DCF800C095
:103EA000A1EB0C0C2CF07F4C624592BFBCF5000FCF
:103EB0000021C0F840150AD8C0F84015002D18BFE1
:103EC000C6F80433C6F844330120BDE8F08700206B
:103ED000BDE8F08740F2FE216C2000F0A3FC00005A
:103EE0002F0000202C0000200080004000B0004087
:103EF00004B500402DE9F843012600274FF4A078CF
:103F0000072851D2DFE800F004040404191919004D
:103F100000F1100106FA01F22649C1F8082301EB6D
:103F200080030022C3F8402508EB80028F5022490D
:103F300051F820000090BDE8F883204D011FCCB25D
:103F4000297879B16A7882420CD11D4A4FF04040FD
:103F50001060012908BFFFF739FD2F7019494FF094
:103F60008070C860184904F1100006FA00F0C1F82A
:103F70000803C1F84803A0000844D0F84005134ADC
:103F80001268801A20F07F40022807D301EB8402D8
:103F90000020C2F8400508EB84000F500C4850F890
:103FA00024000090BDE8F88340F27F316C2000F0DF
:103FB00039FC000000800040408100402F000020BC
:103FC00008F501402C00002000B0004004B500407E
:103FD00040B1004020496FF48020C1F808031F4819
:103FE0000A1D037800205BB16FF4A023C1F84833A9
:103FF000C2F84005C1F844011949096899B90CE0B3
:104000006FF48023C1F84833C1F84005C1F840017E
:10401000C2F84005C1F84401EEE74FF0E0224FF44A
:104020000061C2F880120F494FF0FF32C1F8082337
:10403000C1F84005C1F840010A1DC2F84005C1F8A9
:104040004401121DC2F84005C1F84801121DC2F812
:104050004005C1F84C01704700B000402F0000201F
:1040600048B1004000800040084890F90200002854
:10407000B8BF704700F01F01012202FA01F14009A8
:10408000800000F1E020C0F8001270472C000020F2
:1040900010B507280DD2DFE800F00404040406067A
:1040A0000600064902E0001F0549C0B201EB80008E
:1040B00010BD40F222316C2000F0B4FB4081004082
:1040C00040B1004010B507280DD2DFE800F004042D
:1040D000040406060600064902E0001F0549C0B2B6
:1040E00001EB800010BD40F222316C2000F09AFB01
:1040F0004081004040B1004070B51A4800240421BE
:104100000470C01E01708905C160FFF75FFC0123C8
:104110004FF0E02CDD02CCF88051BFF34F8FBFF39E
:104120006F8FCCF88052104A536093600F4801683B
:104130000029FCD1481EC2F80803C2F84803C2F89F
:104140004045C2F840410A48C0F84045C2F84441E1
:10415000001DC0F84045C2F84841CCF8005113603A
:1041600070BD00002F00002000B0004004B50040EA
:1041700004B000402DE9F041164C607A002827D0A9
:104180004FF480718D05284615F06BFC80464FF486
:104190008271284615F065FC00260746B8F1000F2D
:1041A00009D00120C5F80803207920B12671E06903
:1041B00008B18047E66137B1C5F804610220C5F84F
:1041C000080300F063FA4046BDE8F04100F058B83B
:1041D000BDE8F0813C00002010B515F0ECFC30B9D2
:1041E00015F00AFD18B915F03DFD002802D002496E
:1041F0000220086010BD0000340C004070B500F0D3
:104200008BF900F097FA094C4FF0804530B1FFF779
:10421000E3FF012028610420A07204E00320A072C3
:104220000120C5F804030020E07170BD3C000020AF
:1042300070B5124CA079E0B1E179401E814218DAE4
:1042400000F078FA054600F05DFBA179012902D95A
:10425000E179491CE1710DB1616900E02169411A00
:10426000022902DA11F1020F07DC0DB1606100E0F2
:104270002061BDE87040FFF7C1BF70BD3C00002069
:104280002DE9F04706464FF080454FF486712846E9
:1042900015F0E7FB80464FF48871284615F0E1FBE6
:1042A000274C8246277804F1080015F04EFC10B127
:1042B0004FF4D57116E04FF0010946B1A07A0328FA
:1042C00005D10420A072FFF787FFC5F810900026E3
:1042D000B8F1000F18D0C5F80C61A07A042804D0FA
:1042E0004FF4DE716D2000F09DFA15F064FC28B9E2
:1042F00015F082FC10B915F0B5FC08B11148066044
:104300000220A07200F0ECF8BAF1000F08D0C5F856
:104310001061A07A022801D1FFF78AFFC5F8149036
:104320003FB12670A07A022801D1FFF767FF00F0A5
:10433000D7F8BDE8F0470248083015F01DBC000072
:104340003C000020340C00402DE9F0475F4C002772
:104350000646A761427881780078E0726271A171A7
:10436000E7714FF001084FF08045052825D2DFE8BE
:1043700000F0100306202200C4F8188009E000F0C5
:10438000CBF80121284615F071FB0028F9D0022056
:10439000A06115F097FBB0B100F0E6F9217E01F0C5
:1043A000030188420FD1B07950B10220C5F804034F
:1043B00070E04748ECE74748EAE740F22B314DE030
:1043C00000F0A6F966E0C5F80C804FF4827AC5F8D3
:1043D0000471A069C5F8180515F0D9FB40B915F0AE
:1043E000E0FB28B915F0F4FB10B915F005FC38B165
:1043F0004FF08050D0F844023749C0F34230086093
:1044000015F0C5FB40B915F0CCFB28B915F0E0FB61
:1044100010B915F0F1FB18B12F491031C1F8008027
:10442000C5F808800220C5F80403B07990BBD5F820
:10443000040310F0020F0FD0DFF8A090D9F800109D
:10444000C94341F3001101F10108D9F8001041F00E
:104450001001C9F8001007E04FF43B716D2000F027
:10446000E1F900BF00F004FB5146284615F0F9FAC7
:104470000028F7D000F04CF9B8F1000F05D1D9F8B9
:10448000001021F01001C9F800100220C5F808033F
:10449000C5F80471A07970B1307860B900F04AF9BC
:1044A000064600F02FFA6FF0004116B1C4E904107F
:1044B00001E0C4E904010121284615F0D7FA08B14A
:1044C00000F032F9A772BDE8F08700003C00002040
:1044D00001000200010003003C05004010ED00E077
:1044E00010B5EFF3108472B60A48417829B14178CB
:1044F000491E4170417829B108E040F20D116D204C
:1045000000F090F9807808B900F022F9002C00D171
:1045100062B610BD3C00002010B5EFF3108472B6F7
:1045200006484178491C41704078012801D115F0B6
:10453000B4FA002C00D162B610BD00003C0000208F
:10454000054810B5C17821B100210171C170FFF794
:10455000C7FF002010BD00003C00002070B50C4CCF
:10456000E17861B90125E570E061FFF7D5FF00F062
:10457000E1F830B1E06910B180470020E06100202F
:1045800070BD4FF080402571C0F80453F7E700007C
:104590003C0000202DE9F04104006FF015003CD0F4
:1045A0002178042939D80029617838D0002934D1FC
:1045B000A178002931D1002015F01EFA002015F055
:1045C0000EFA4FF080484FF0FF31C8F8081300256D
:1045D000C8F80051C8F80451C8F80C51C8F8105177
:1045E000134E7570A088B08115F04EFA012708B1FE
:1045F000F77077700121404615F038FA08B100F0E5
:1046000093F82046FFF7A0FE7772002015F0E7F937
:104610004FF0E0212846C1F80071BDE8F081002983
:10462000FBD02029F9D8A1782129C4D9F5E70000C9
:104630003C00002001488089704700003C000020B9
:1046400010B50D4815F081FA0B49083948B1012021
:1046500008704FF0E021C1F80002BDE81040FFF7FC
:104660005BBF887A022801D1FFF7C8FDBDE8104082
:10467000014815F081BA0000440000200248807A09
:10468000002800D0012070473C000020F8B51F4DE5
:10469000E87A00280FD1287E00F0030015F002FA16
:1046A000002808D0EFF3108172B6FFF7E7FF18B1CA
:1046B000002900D162B6F8BD0126AE7201B962B61A
:1046C00018204FF08044C4F80803A6614FF420700E
:1046D000ADF80000BDF80000411EADF80010F9D2A1
:1046E0000027C4F80C71C4F810710848083015F0A0
:1046F0003FFA2F70FFF782FD6661687900F07F0056
:10470000C4F838051820C4F80403F8BD3C000020A4
:1047100010B5044C207E00F0030015F0C3F900280A
:10472000F8D010BD3C0000200149012008707047FE
:10473000280400204FF08040D0F8000118B9034849
:104740000078002800D001207047000028040020D5
:104750004FF08040012141600021C0F80011014864
:1047600001707047280400200248006800F0030030
:10477000704700001C04004010B531B1012907D07A
:1047800040F2023105A000F021F8D0F8140401E055
:10479000D0F8080400F0010010BD00006E72665FE2
:1047A000636C6F636B2E6800BFF34F8F0548016821
:1047B000054A01F4E06111430160BFF34F8F00BF70
:1047C000FDE700000CED00E00400FA0572B6034AB4
:1047D000526802B19047FFF7E7FF00005C0000203D
:1047E000064810B50021016001210160084615F05E
:1047F00080F9BDE81040012015F06EB9FC1F0040A3
:10480000074810B501214160891EC0F808130C202B
:1048100015F06FF9BDE810400C2015F05DB90000EF
:1048200000C000400EB572B60F4A5568D5B10022DF
:1048300003466E460A2403E0B0FBF4F0521CD2B2E9
:104840000028F9D1B05409E0B3FBF4F004FB1030B8
:10485000B3FBF4F3521ED2B23030B054002AF3D17D
:104860003046A847FFF7A0FF5C00002070B5174C4A
:1048700006460D46607810B14FF0FF3070BD06B9A6
:10488000134E62602570FFF7ABFFFFF7B9FF3046AC
:10489000FFF780FE0600F1D1FEF7B4FEFFF7F6FE4B
:1048A00014F0F5FF284615F017F90120002D09DB5B
:1048B00005F01F0100FA01F16A09920002F1E022FD
:1048C000C2F800116070304670BD00005C0000202E
:1048D000149B010001484078704700005C000020F4
:1048E000074890F90000002809DB00F01F020121B1
:1048F00091404009800000F1E020C0F800127047AC
:104900005C0000202DE9F04101264FF0E022310348
:104910004FF000084046C2F88011BFF34F8FBFF33D
:104920006F8F164CC4F800010C2015F001F9144DDE
:104930002868C04340F30017286840F01000286042
:10494000C4F8046326607F1C02E000BF00F090F80A
:10495000D4F800010028F9D01FB9286820F0100011
:104960002860084805686660C4F80863C4F80081D8
:104970000C2015F0DDF82846BDE8F08100C00040AD
:1049800010ED00E008C5004010B5024605200C49B6
:1049900004E000BF01EBC0031B7933B1401EC0B27D
:1049A000F8D248216920FFF73DFF41F8302001EBA4
:1049B000C00100224A718A7101220A7110BD0000F3
:1049C000DC1A002010B5052801D3582106E00A4959
:1049D00001EBC0000179012903D059216920FFF7BB
:1049E00021FF41798279491CC9B28A4200D04171C4
:1049F000BDE81040FFF774BFDC1A002070B5052534
:104A00000E4E0F4C16E0217806EBC1000279012A08
:104A100008D1427983799A4204D04279827156F85A
:104A2000310080472078401CC0B22070052801D397
:104A3000002020706D1EEDB2E5D270BDDC1A0020A2
:104A40002904002000B515F0A2F840B915F0A9F826
:104A500028B915F0BDF810B915F0CEF808B1024824
:104A600000BD024800BD00000C05004000E7014009
:104A700010B515F0C1F830B3EFF31080C8B10021C4
:104A800072B6124802680368C2F3001243F01003C2
:104A900003604FF0E023D3F80042D3F804321C4304
:104AA00000D040BF20BF00BF00BF00BF00BF12B199
:104AB00005E00121E4E7026822F01002026000290B
:104AC00000D062B610BD20BF10BD000010ED00E0A8
:104AD00070B50E4C6078002817D120780025012889
:104AE00006D102202070206910B12069804725611D
:104AF0002078032809D125702069002805D0606836
:104B00004069804720698047256170BD64000020AE
:104B100010B5084C2078022802D02078032802D152
:104B20006068806880470020A0706070BDE8104019
:104B3000FFF7CEBF6400002002480078002800D0B4
:104B4000012070476400002038B50446052804D3CE
:104B500040F23D116820FFF765FEFFF7B9FF104DE9
:104B6000012068702878022816D16868C16820463C
:104B700088470C4901EB4402527882420DD3A87851
:104B800001280AD011F814008DF800008DF80140BA
:104B9000686801686846884738BD0120F4E700006E
:104BA00064000020801F002005490A78022A04D0F2
:104BB0000A78032A01D0002070474968096908472C
:104BC0006400002010B558B108490A78022A02D0C2
:104BD0000A78032A09D149684968BDE810400847A6
:104BE00040F253116820FFF71DFE10BD6400002045
:104BF0000149012088707047640000200548017851
:104C0000022904D00178032901D0002070474068B0
:104C10008069004764000020699E0100999E0100A0
:104C2000859E0100739E01007F9E01006D9E010024
:104C3000679E0100659E0100959E01008B9E01000C
:104C4000799E01005F9E0100579E01005B9E01005E
:104C5000519E01000148006800680047780000206C
:104C6000014800684069004778000020014A126846
:104C7000D2681047780000200148006800690047AA
:104C800078000020014A12689268104778000020DE
:104C900001490968896A08477800002001480078BE
:104CA000704700002A0400201FB5174C207A022804
:104CB00000D202208DF80100E079032800D2032001
:104CC0008DF80000A079ADF804006079ADF802001D
:104CD000684611F03DFD08B1832110E0E0680290C4
:104CE00002A811F04BFD08B1872108E007480068D1
:104CF000039003A819F0CDF9002803D08B210320DD
:104D000000F04CF91FBD0000041B0020C85000003B
:104D10007CB5044600680D4600F1030020F0030056
:104D200020604FF000000090019008788DF801009D
:104D300048788DF8020088788DF80300C8788DF8DF
:104D40000400287916008DF8050001D0002000E04D
:104D50002068694600F054FB216808442060A97867
:104D600041B16B8AEA7806B1002000F02DFE21687F
:104D7000084420601948C17879B1297C69B100796B
:104D800008B1FF2200E025220EB1002000E02068DB
:104D900000F0B0FE216808442060287968B12068DE
:104DA000C01C20F0030020602A7D297906B1002074
:104DB00012F036FA216808442060687D00280CD083
:104DC0002068C01C20F003002060697D06B100202F
:104DD00000F0C0FE2168084420607CBD7C000020FB
:104DE00010B528B11422044914F058FF002010BD5A
:104DF0006FF0150010BD0000E450000070B510B158
:104E00006FF02C0070BD2A4C607810B14FF0FF306D
:104E100070BD09B36FF01500002AF9D0254B0C299D
:104E2000F6D2DFE801F006070A0D111420281A2B2C
:104E30002E33EDE7107818702CE01078587029E0C8
:104E40001068C3F8050025E01068D86022E01178EA
:104E5000DA789142DCD399701CE011789A7891420B
:104E6000D6D8D97016E0E17811B111780229CFD3E4
:104E7000107818740EE0108858820BE010781871C2
:104E800008E011780229C3D3197503E011780829C5
:104E9000BED8597501220749002015F01EF8B0F55B
:104EA000803F02DB6FF00B0070BD0121A17070BD6F
:104EB0007C000020041B002070B50C46050019D0B2
:104EC000C4B100F043F9C0B12846FFF75DFD0C4DB9
:104ED00000220C492870204614F0FFFF1AF0EAF86F
:104EE0000021287812F0A6F8FFF7DEFE0120687096
:104EF000002070BD6FF0150070BD4FF0FF3070BD29
:104F00007C000020041B002030B587B005000CD0C9
:104F1000FFF7E0FC4FF0FF3420B1FFF78BFBB0F55B
:104F2000FA7F05D9204607B030BD6FF01500FAE7CB
:104F3000154C1648A56000F03FFA00206070A07084
:104F4000E070207101461822684614F021FF1822F3
:104F50000F49684614F0A2FE182269460D4814F065
:104F60009DFEEFF3108472B66FF00C0000F034FE7B
:104F7000094800F0FFFE18B19821032000F00EF858
:104F800004B962B60020CEE77C000020A94C0000E6
:104F9000CC500000041B0020795100000EB572B601
:104FA000154A9568D5B1002203466E460A2403E0EF
:104FB000B0FBF4F0521CD2B20028F9D1B05409E091
:104FC000B3FBF4F004FB1030B3FBF4F3521ED2B287
:104FD0003030B054002AF3D13046A847BFF34F8F8A
:104FE00006480168064A01F4E06111430160BFF31D
:104FF0004F8F00BFFDE700007C0000200CED00E0BB
:105000000400FA05064810B581784078014302D0C3
:105010004FF0FF3010BD11F05BFC002010BD000010
:105020007C000020064810B581784078014302D00A
:105030004FF0FF3010BD12F029F8002010BD000025
:105040007C00002010B5074CA0786178084302D09E
:105050004FF0FF3010BD12F02BF80120E0702071EE
:10506000002010BD7C000020064810B581784078F3
:10507000014302D04FF0FF3010BD19F026FA002096
:1050800010BD00007C000020064810B581784078F3
:10509000014302D04FF0FF3010BD19F020FA00207C
:1050A00010BD00007C000020064810B581784078D3
:1050B000014302D04FF0FF3010BD12F013F8002072
:1050C00010BD00007C000020010000000101010073
:1050D000001B1B03020000004C1D000003001F000A
:1050E0000200000033782A1820F56161A68B7760F2
:1050F0006283392A7CF114E4054A10B5526812B172
:10510000BDE81040104792210420FFF747FF000040
:105110001C1B0020054A10B5126812B1BDE81040F2
:1051200010478C210420FFF739FF00001C1B0020D2
:10513000054A10B5926812B1BDE810401047982199
:105140000420FFF72BFF00001C1B0020054801680E
:1051500029B1416819B1806808B101207047002069
:10516000704700001C1B002002490DC881E80D009B
:10517000002070471C1B0020F8B5124C0026256843
:1051800011E00098022802D003280CD106E0206824
:1051900010B10020266005E028210CE0206868B1ED
:1051A00001202660A847684600F0B6FD0028E8D038
:1051B000052805D035210420FFF7F0FE2D21FAE760
:1051C000F8BD0000880000207CB51F4C0546207803
:1051D00040B1A278611C2846921C14F05FFD0020AB
:1051E000207021E0194803F0E5F800281DD0174C85
:1051F0002078142804D10A213E2000F029F818B1A3
:1052000020780A2805D009E01049284615F09AF9B7
:105210000AE005213E2000F01BF838B10B49284672
:1052200014F02CFF002800D001207CBDA088ADF830
:10523000000001A9684615F0FEFA0028F5D09C216F
:105240000820FFF7ABFE0000301C0020281B0020C8
:1052500070B50C46054600F04BF8002802D03E2DF4
:1052600001D0012070BD122C06D106480178022918
:1052700002D040780028F5D02046BDE8704000F00C
:1052800053B800002B04002001494870704700000B
:105290002B04002070B50A7882703AB3012A25D811
:1052A0001323037000230AE001EB430400EB4305E2
:1052B000A678EE706488240A5B1C2C71DBB29342E2
:1052C000F2D300230BE000BF01EB430500EB4304E6
:1052D0002E796671AD882D0A5B1CA571DBB29342F5
:1052E000F2D3012101EB8200C0B270BD002070BD7D
:1052F00001210C4A40280CD2202803D8401E8140AE
:10530000106802E0213881405068014207D1002036
:105310007047FF2803D0403881409068F5E70120AE
:10532000704700008C0000200121401E814004488D
:10533000C068014201D00120704700207047000082
:105340008C00002001490068C86070478C00002074
:1053500004490268406842F48C220A60024A104301
:10536000486070478C000020F8074002014900683F
:10537000886070478C00002005484FF0FF310160C5
:10538000C90C4160002181601F21C160704700008D
:105390008C00002010B5FFF7EFFF0020FFF774FF2F
:1053A00019F06CF804460348006800B180472046B5
:1053B00010BD00009C0000200149086070470000FB
:1053C0009C000020022101804180002101713321D5
:1053D000417142F67821C180014981600020704707
:1053E0001820F56110B5052804D34FF4D6711720A5
:1053F000FFF7D4FD0149085C10BD0000341D0020FA
:10540000F8B504468A7848780244FF2A02D940F267
:105410005F111DE00A78824202D940F2631117E061
:105420000094C4B100264B7891F802C04A790CEB85
:105430000300C5B2AA4200D91546C878A84200D9CF
:105440000546E71C27F00307A74206D040F2791172
:105450001720FFF7A3FD0126E5E7154F3B7087F8FE
:1054600001C0B8700879F8703A713146684600F0AA
:105470000FF900218C460098C01C20F0030000901A
:105480005EB907EB8103D861002004E0DA6942F8D5
:1054900020C0401CC0B2A842F8D30098491C00EBC1
:1054A0008500C9B200900529E5D3001BF8BD0000B6
:1054B000341D002070B5044615F066FF08B11020B9
:1054C00070BD257800F020F902460C48618800EB99
:1054D00085000EE0C36953F8213043B14A1C628055
:1054E000A180C06950F82100A060002070BD491C57
:1054F00089B29142EED36180052070BD341D002039
:105500002DE9F041074611B1002038B901E0012032
:10551000FBE7012902D0002038B901E00120FBE7B8
:10552000022902D0002038B901E00120FBE703295D
:1055300002D0002060B901E00120FBE7042907D078
:10554000002000281FD000241248012902D002E0C8
:105550000120F6E7047800234FF6FF7600EB810C7C
:1055600010F801E008E01819DCF81C5080B255F87A
:10557000205025B15B1C9BB29E45F4D83046388044
:10558000B04202D10020BDE8F081BDE8F04100F05A
:1055900035B80000341D00202DE9F0410746A0F584
:1055A0007F400C4643F20206FF3820D0052C02D380
:1055B0000720BDE8F081384600F05AF8050016D003
:1055C0000C48294650F82420384690470A480021C4
:1055D00000EB8406F06940F82710204600F08AF8B6
:1055E00002462946B06815F0D4FC0020E1E73046B9
:1055F000DFE7000044570000341D00202DE9F04192
:1056000090460E46074615F010FD48B1164800EBCF
:105610008604E06950F8270028B14FF49D7115E029
:1056200040F2391112E0A06800281AD0304600F08C
:1056300061F80146A06815F05EFC050010D0E06935
:10564000052E40F8275004D340F245111720FFF7EC
:10565000A5FC06484246294650F826303846984769
:105660002846BDE8F0810000341D002030570000BE
:1056700070B50C46054615F0D8FC002805D0034847
:1056800000EB8400C06950F8250070BD341D002077
:105690002DE9F843164F8846054600242868C01CAB
:1056A00020F003002860204600F024F8395D4143D3
:1056B000B8F1000F01D0002000E02868009018B178
:1056C00000261EB1002002E00126FAE7684615F028
:1056D0003FFC1EB907EB8401009A8A602968641CAC
:1056E0000844E4B22860052CD8D3BDE8F883000054
:1056F000341D0020034931F810004FF6FC71C01C26
:105700000840704758570000084B187859780844EB
:10571000C1B29878814200D30846DA78904200D22C
:1057200010461979884200D208467047341D00207F
:105730003FB001003FB001003FB001003FB00100A9
:105740003FB001006BD2010081CD0100BBC301005D
:1057500097F00100A5F00100E80130020C0174008F
:10576000600000002DE9FF4F264C804681B0206884
:105770009A46934658B1027A424503D9416851F896
:10578000280040B143F2020005B0BDE8F08FA5212A
:105790001820FFF703FC1946029815F068FC87B241
:1057A00058460E9915F05AFC86B2B819001D85B2FC
:1057B0002068A1462946006815F09DFB04001FD013
:1057C000658026800E98251D009031465A4601239B
:1057D000284615F0E9FA2088394628440123029A20
:1057E000CDF800A015F0E0FA20884119284615F000
:1057F0000EFBD9F800004168002041F82840C3E7BB
:105800000420C1E7A000002070B5144C23688BB1C0
:10581000197A814212D95A6852F8201071B10025C4
:1058200042F820504A88186815F0B3FB2168002020
:105830000A7A0CE0C8211820FFF7B0FB43F20200FF
:1058400070BD4B6853F8203033B9401CC0B282425F
:10585000F7D8086815F092FB002070BDA00000206A
:105860002DE9F0410D46040090464FF0000609D0A6
:105870000027E01C20F00300A04205D0862118205C
:10588000FFF78CFB0127F4E7CDB11146002015F09E
:105890005FFB0C3000EB85068FB90A4F04F10C005A
:1058A000AA003C602572606000EB8500206000214A
:1058B000606814F06DFA4146386815F049FB3046CF
:1058C000BDE8F081A000002070B5084D28680028D0
:1058D0000AD0002404E02046FFF796FF641CE4B2DF
:1058E0002868007AA042F6D870BD0000A000002011
:1058F000094910B502460968002049B10B7A934264
:1059000005D9496851F82210002900D0081D10BDA2
:10591000EE211820FFF742FBA00000200A4910B535
:1059200002460968002059B10B7A934207D94968A9
:1059300051F82210002902D031F8040B084410BDA0
:10594000FC211820FFF72AFBA00000202DE9F041E0
:105950001C4E456804460022A1B101206070708889
:105960008308002004EB400104EB80060A830B84CB
:1059700000FB035171602118401C0A750428F1D303
:10598000BDE8F0816270002004EB40010A830A84C4
:1059900004EB80014A602118401C0A750428F3D3E7
:1059A000708815F0E2FB0746708815F0E5FB65602E
:1059B00020842918A1606784E560A0842161E784C0
:1059C000DEE70000A40000202DE9F04780B10026AA
:1059D0001144CFB2DFF89C80C11C002421F00301E8
:1059E00088F80070814205D04E210920FFF7D6FAD1
:1059F0000126EDE71F2B04D84FF6FF7101EA830162
:105A000009E05900FF2B0BD903F1FF02B2EB430F62
:105A100000D2114689B2C91C21F0030536B109E054
:105A20007C22B2EB430FF5D37C21F3E7C8F80400E6
:105A3000A8F8025007EB870104EBC10200214FF0E8
:105A400001090FE05EB9D8F8044001EB810300EBD7
:105A5000020C04F8339004EBC303C3F804C0491CE0
:105A60002A44C9B2B942EDD3D21D22F00700BDE8E5
:105A7000F0870000A400002070B5114800242146E2
:105A800002780CE0456801EB810315F8333023B14F
:105A900001EB810105EBC10403E0491CC9B291424D
:105AA000F0D344B10025A57001212046FFF74EFF39
:105AB0002570204670BDA9210920FFF76FFA00006C
:105AC000A4000020044810B54088840815F054FB59
:105AD000844200D3204610BDA40000200148407835
:105AE00070470000AC00002001484068704700008B
:105AF000AC0000202DE9F8430C46074616461C2151
:105B000010460D46224615F0B1F9804657B1384689
:105B1000414632462B46009415F046F9034847604B
:105B2000047046704046BDE8F8830000AC000020D9
:105B30000248427801784068FFF7DCBFAC000020E3
:105B4000034B00211878C0EBC002586814F020B94C
:105B5000B400002010B50C4610B1002212B10FE0C5
:105B60000122FBE7C11C21F00301814203D0202167
:105B70004120FFF713FA044948600C70FFF7E0FF7B
:105B8000C4EBC40010BD0000B400002030B50D49C6
:105B900001204860821EC1F808230B498860002359
:105BA000C1F80032C1F80823084C2360251D286085
:105BB0008860C1F80823236028600649044808600B
:105BC00030BD000000E0004000F0004000F5004063
:105BD0000000F63F08F5014010B50446FFF7D6FF78
:105BE00015F09FFB00F088F805490448086020463E
:105BF00000F0B8F8BDE8104000F0D0B80000F63F63
:105C000008F501402DE9F84F8246384813F09DFF12
:105C1000DFF8D8B028B101260BF10100FF21017097
:105C200000E000264FF48075314C4FF000082F1D26
:105C300001216160C4F80081C4F80481C4F804A59E
:105C40002160DFF8B0901CE0D9F80000C00618D53C
:105C50000E2015F075FBEFF31080009072B6032153
:105C60002046C4F80413294615F077FB30B93946AD
:105C7000204615F072FB08B9FEF7FAFE009800B94D
:105C800062B62946204615F068FB28B939462046F9
:105C900015F063FB0028D7D03946204615F05DFB90
:105CA0000028C5D106BB9BF801108DF800100099A3
:105CB00000919DF8001009B1012500E000250BF1CD
:105CC000010080F800800320C4F80803C4F80481B0
:105CD000C4F800810E2015F033FB044813F04CFF8C
:105CE00015B11120BDE8F88F0020FBE72D0400203E
:105CF00000E0004010ED00E010B5064813F038FF5A
:105D000018B127211D20FFF749F9024800214170F1
:105D100010BD00002D04002070B511490A68EAB1D9
:105D200000231D4601244A68521C4A600C2A00D3F5
:105D30004D600E7904FA06F20E6816420BD0EFF3AE
:105D4000108372B60C6894430C6003B962B649685C
:105D50000160002070BD5B1C0C2BE4D3052070BDDE
:105D6000BC00002002480021016041607047000033
:105D7000BC00002010B5084C617809B10F2010BD9F
:105D8000FEF702FE2070FF2801D0002010BD782110
:105D90001F20FFF703F90000C40000200149002084
:105DA00048707047C400002005498A8D824218BFA0
:105DB0007047002081F82A004FF6FF7088857047F1
:105DC000481F00200648074A818D5288914205D11C
:105DD00090F82A0000281CBF00207047012070475F
:105DE000481F00201004002001494880704700002F
:105DF000100400200848094A818D5288914209D137
:105E00004FF6FF71818510F82A1F19B1002101702A
:105E10000120704700207047481F00201004002018
:105E2000074901F12A0091F82A20012A04BF002025
:105E30007047012202700348008888851046704729
:105E4000481F0020100400200749084B8A8D5B88FA
:105E50009A4206D191F82A20002A1EBF0160012033
:105E60007047002070470000481F002010040020E9
:105E700009498A8DA2F57F43FF3B03D000210160D1
:105E80000846704791F82A200349012A1ABF016089
:105E90000120002070470000481F002001490880B1
:105EA00070470000100400200549002081F82A00F6
:105EB0004FF6FF70888503490880488070470000CE
:105EC000481F0020100400200549002081F82A0006
:105ED0004FF6FF70888503490880488070470000AE
:105EE000481F0020100400200A4A10B1012807D0E2
:105EF0000EE0507860B1D2F802000860D08804E06B
:105F0000107828B1906808609089888001207047D7
:105F1000002070472F040020094A012340B10128C6
:105F200018BF704713700868906088889081704728
:105F300053700868C2F802008888D080704700005B
:105F40002F040020064910B1012803D006E048784C
:105F500010B903E0087808B10120704700207047AD
:105F60002F04002001494877704700000A170020DD
:105F70000148C07870470000E00000200148007927
:105F800070470000E0000020154918B44A7F22B392
:105F90000A7F8DF800209DF80020F2B100224FF01A
:105FA000220CA1F5AD730C7F8DF800409DF80040E8
:105FB00084B10A77427080F800C0D3F86841446029
:105FC000D3F86C418460D3F87041C460B3F8744175
:105FD0000482E8E718BC0120704718BC0020704715
:105FE0000A17002070B5084C0546207818B1BE216C
:105FF0002720FEF7D3FF05490020487701210448F8
:1060000015F0BBFDE56270BDE00000200A1700201E
:10601000E01600200149012088717047E00000204F
:106020002DE9F84FF24EDDF828C03478002C66D107
:10603000002A1CBF002BBCF1000F60D0C6F81CC0AA
:10604000C6E90E014FF00000C6E90523B07170717A
:10605000F070B0703071DFF89C83B081F081D8F8B7
:10606000040000F18005044612F0ACF811F0A8FA23
:1060700094F9720012F040F904F11C0012F05CFC7B
:10608000606912F04FFC95F8230012F093FC98F829
:10609000000041F64C59002836D00420FEF754FD8C
:1060A0002069484528BF962003D2012012F022FC27
:1060B0004D2011F099FFD8F8040090F88C010028C9
:1060C00018BF11F081FF94F86F10012011F05AFDF4
:1060D000002808BFBDE8F88FC74811F011FF2088DD
:1060E000FFF71CFC30632088FFF702FC706394F814
:1060F0007B008DF800009DF8000060BB1BE040F2C3
:1061000015112720FEF74AFF0320FEF71DFD206929
:10611000484528BF962003D2012012F0EBFB4D200A
:1061200011F062FF94F86E10002011F02BFD002892
:10613000D2D1BDE8F88F606F68B1688EA9888842B7
:1061400009D1B4F8781001220844688694F87A00DE
:10615000616FFDF79DFA05F16801A84891E80E10FE
:1061600000F5847787E80E10A96FC0F82111E96F58
:10617000C0F82511D8F80400012700F1800190F83B
:106180008DC0BCF1240F1CBF897B24290CD04FF09B
:1061900008024FF00203BCF11F0F18BFBCF1200F23
:1061A0002CD0222950D07EE098F80010002990F8D9
:1061B0006E1012D090F8AE01002878D0082918BFD0
:1061C00004296DD0082818BF042869D0012918BFF8
:1061D000012855D04FF0020169E090F83201002803
:1061E00065D0082918BF04295AD0082818BF0428E8
:1061F00056D0012918BF012842D0EBE7222923D02D
:1062000098F80010E9B390F86E1090F8C80110F0FB
:10621000040F18BF10460CD0082918BF04293FD01E
:10622000082818BF04283BD0012918BF012827D00F
:10623000D0E710F0010F18BF3846EDD110F0020F73
:1062400018BF1846E8D132E098F80010C9B190F8AC
:106250006E1090F8C8C190F867000CEA000010F0CA
:10626000040F18BF104610D0082918BF042917D0F2
:10627000082818BF042813D0012918BF0128A9D164
:1062800000E010E04FF0010111E010F0010F18BF25
:106290003846E9D110F0020F18BF1846E4D106E0E5
:1062A0004FF0080103E090F86E100429F8D0A08F99
:1062B00011F00C0F18BF4FF4296015F0F1F9218F80
:1062C000814238BF0846307294F86F10B4F842002B
:1062D00095F813B0B4F840A0082930D015F0E0F9D3
:1062E000BBF1000F04BF001D80B2824538BF50468D
:1062F000C2B27272E97C002914BF0420002010444D
:10630000F07198F800303E48EBB1E9B30776D5E973
:106310001813C0E9041394F86F100120012908BF75
:1063200000233DD0022908BF012339D0042908BF2A
:10633000032335D0082908BF022331D021E00421EE
:1063400015F0AEF9CCE7A97C31B30776D5E9161282
:10635000C0E90412206948452CBF0020042094F8AD
:106360006E10012908BF002312D0022908BF0123A3
:106370000ED0042908BF03230AD0082908BF02232E
:1063800006D040F2BE3100E00DE00620FEF706FE2A
:10639000FB221B4911F04CF8012000F0ABFC05E09A
:1063A000174911F045F8012000F036FC1548006847
:1063B000032818BF0B2815D010484FF00001C0F873
:1063C0005A11C0F85E11C0F86211A0F8661100F50C
:1063D000AD70A98841802188018095F82310017152
:1063E000BDE8F88F4FF4E8714FF02700FEF7D6FDB7
:1063F000E000002018010020FC6E0000B015002015
:10640000B8160020501500402DE9F047454D060014
:106410004348696A4FF00007406891F8018000F135
:10642000800414BF012E6F7068784FF0010950B1DD
:1064300001282ED0022853D0032865D040F2144101
:106440002720FEF7ABFD012E11D0A86A002842D00C
:106450006A89D21C13F022FCA86A686201224146B4
:10646000686B14F0ECFA022E08BFBDE8F087D4E99F
:106470001810491C40F10000C4E91810207A0128C6
:1064800001D1277201E084F80890BDE8F04702F0DE
:1064900093BB012E10D0A86AE8B16A89D21C13F010
:1064A000FDFBA86A686200224146686B14F0C7FAD7
:1064B000022E08BFBDE8F087D4E91810491C40F14E
:1064C0000000C4E91810207A01280CBF277284F854
:1064D0000890BDE8F08740F25A412720FEF75EFDA4
:1064E000012E06D0686B14F001FD022E08BFBDE836
:1064F000F087D4E91810491C40F10000C4E91810D5
:10650000207A0128BFD1BCE7012E08BFBDE8F08783
:10651000686B14F0EBFCBDE8F04702F04DBB0000E7
:1065200018010020E00000200248C089C0F380204C
:1065300070470000E00000200448007800281CBFDD
:106540000C2070470020024948777047E000002087
:106550000A17002038B51A48017800F1380449B10B
:106560002178007849B102280ED04FF4F671272027
:10657000FEF714FD00F0BCFA0BE0012809D04FF43F
:10658000F4712720FEF70AFD6068D0F8200111F0B1
:10659000BFFC606890F87B108DF800109DF800102B
:1065A000002918BF38BD416F002908BF38BD90F8D9
:1065B0007A00BDE8384000221146FDF769B80000B6
:1065C000E0000020012984BF0120704770B51B4CFA
:1065D0000546A169884700282CD0607950BB04F19A
:1065E00038000178002908BF012D01D021B31DBB5F
:1065F0001348027812F0100F06D1E06A007810F00C
:10660000100F08BF012001D04FF00000A36A23B98A
:10661000638913B112F0100F0CD000291CBF217B2D
:1066200011F0020F03D0216AC978022904D0A18990
:10663000084301D0012070BD002070BDE0000020A3
:10664000F00000202DE9F34FDD4E824683B07068E4
:106650004FF00009A6F1380500F180078DF8009091
:106660002878C846022804D040F2DE412720FEF7F1
:1066700095FCA87B10F0400F07D140206A690021EB
:106680009047E88940F04000E881F87CBAF1000FBB
:1066900000F0D6804FF0010BA0B110F0CFFF10F04A
:1066A000A9FF78B9686A417861B10078397AC0F396
:1066B000C000884206D185F802B000F019FA05B092
:1066C000BDE8F08F686A41786981002908BFC5F884
:1066D000288003D0686B14F0D6FBA862E88940F4E8
:1066E0008070E881686AF9790078C0F38000884298
:1066F00008BF4FF001094BD0706800F1800490F89A
:106700008600002840D002280ED101A9286B14F081
:106710006BF900284FD0D4E91610491C40F1000055
:10672000C4E9161002F048FA84F806803078002890
:106730001CBFE07800280AD084F80380AA8941466B
:1067400042F01002AA816A694FF010009047A078C9
:1067500098B184F80280FFF74DFB90B3AA89082016
:1067600042F00802AA816A6900219047D4E9160222
:10677000411C42F10000C4E91610E07901280CBF69
:1067800084F8078084F807B0E88940F48060E881E5
:10679000686A397A0078C0F3C000884222D102F0DA
:1067A0007BFAE0B1686A017801F00301012918BFA2
:1067B00002290BD013E040F2AF314FF02700FEF773
:1067C000EDFB40F2C7312720FEF7E8FB4078E9797E
:1067D000884204D9687940F01000687102E0684688
:1067E00000F0CAF9B87CB8B33178706800290CBFE2
:1067F0000122002273490A76D7E91623C1E904234E
:10680000016941F64C52914234BF4FF0040C4FF0F5
:10681000000C90F86E00012808BF00231DD002284C
:1068200008BF012319D0042808BF032315D0082866
:1068300008BF022311D040F2BE310620FEF7AEFBA6
:10684000002818BF10F0F4FEE878401CE870E889D2
:1068500040F40070E881C5E704E0FB225949604636
:1068600010F0E6FD584C04984FF0FF0B20B9E97882
:106870000120FFF7A7FE88B312F042F89DF8000050
:1068800000281CBF0020FFF7BFFDB888B9F1000F3A
:106890000CD038B9307828B1E088002804BF2089AE
:1068A000002803D0608900F101006081BAF1000F77
:1068B00010D0E088401CE08085F80380746804F103
:1068C00080052946204615F00DF894F82A10012974
:1068D00005D017E02089401C208113E017E088B123
:1068E0003078002870680CBF00F5CA7000F503709E
:1068F00021884180697A0171A97A417180F800B0DC
:1069000002F05AF900F0F4F805B0BDE8F08F9DF8F8
:10691000000000281CBF0120FFF776FD002000F0DA
:10692000E9F99DF8000000281CBF0220FFF76CFD6C
:10693000B888B9F1000F0CD038B9307828B1E088A8
:10694000002804BF2089002803D0608900F10100DD
:106950006081BAF1000F2CD0E088401CE08085F8FF
:106960000380746804F180052946204614F0BAFFBC
:1069700094F82A1001291CBF05B0BDE8F08F00284B
:1069800004BF05B0BDE8F08F3078002870680CBFF8
:1069900000F5CA7000F5037021884180697A0171A1
:1069A000A97A417180F800B002F006F905B0BDE89F
:1069B000F08F2089401C208105B0BDE8F08F0000D9
:1069C00018010020B81600200A1700202DE9F04712
:1069D000454E8046A6F1380570680F4600F18004E8
:1069E0002878012804D040F269412720FEF7D6FA22
:1069F00060784FF0010968B100216170AA89042014
:106A000042F00402AA816A6990473078002818BFD2
:106A100084F80390296A4FF0030A08783AEA0000E4
:106A20000DD1A079A0B9AA89022042F00202AA8160
:106A30006A699047286A00783AEA000008D0286A14
:106A4000407800280EBF84F806900220A07101E073
:106A500084F806A0E07C002834D030786D7AD6F82F
:106A6000049000280CBF0120002080F001011F4885
:106A70000176D4E91812C0E9041202F00DF90028D9
:106A800018BF232D38BF23254FF0010C99F86F0054
:106A9000012808BF002310D0022808BF01230CD012
:106AA000042808BF032308D0082808BF022304D005
:106AB00040F2BE310620FEF771FA2A460B496046C5
:106AC00010F0B6FC37EA080004D000210846FFF7B2
:106AD00079FD18B1BDE8F04700F00AB8BDE8F0470D
:106AE000002000F099B8000018010020B81600201E
:106AF00010B510F067FE10F063FD124C00216269C2
:106B0000E0899047E2696179A07890470E48417F1B
:106B1000A9B1A0F5AD71D1F85A21C1F86821D1F819
:106B20005E21C1F86C21D1F86221C1F87021B1F861
:106B30006621A1F87421FF21017702F03DF80020C1
:106B4000207010BDE00000200A170020084810B592
:106B50000078022804D04FF408712720FEF71EFAAF
:106B6000044901200873BDE81040FFF7C1BF0000D1
:106B7000E00000200A17002070B52049204A0125B6
:106B8000496801F18004516A0B7803F00303012B7B
:106B900018BF022B0ED0032B28D16570D38928464D
:106BA00043F40063D381938943F0010393815269D5
:106BB00090471BE04978C9B1D38943F40063D3817E
:106BC000936A002B08BF70BDFB290AD89179002970
:106BD00004BF057070BD20205269BDE870400021DF
:106BE0001047507940F01000507170BD207A012894
:106BF00006BF00202072257270BD00001801002021
:106C0000E000002003480078002808BF7047FFF725
:106C10006FBF0000E00000202DE9F041324F064632
:106C2000A7F138057C68E86A04F18008686202F020
:106C300033F8002808BFE87910D0786890F89310EE
:106C4000002914BF0420002000F12302E8798242C9
:106C500004D9002914BF042000202330002E08BFCF
:106C6000FF2805D194F86F1094F86E20914203D05C
:106C700094F86F1011F06AFE98F81300A8B11B4841
:106C800011F066FB387800280CBF0120002080F04E
:106C9000010117480176D8E91812C0E90412A0F5DD
:106CA0008471686A10F02CFC04E0686A11F050FBF3
:106CB00010F086FC3EB994F86F0010F00C0018BF7D
:106CC000282011F05BF9206941F64C51884294F874
:106CD0006E204FF0000134BF0120002011F092FD22
:106CE00002202870BDE8F08118010020B0150020B6
:106CF000B81600202DE9F04F7C4F83B04FF000090B
:106D00007C68A7F1180B04F180058DF8009080468F
:106D100001F0C2FFA7F13806002808BFF07910D0B3
:106D2000786890F89310002914BF0420002000F127
:106D30002302F079824204D9002914BF04200020E4
:106D40002330B8F1000F08BFFF2805D194F86F0079
:106D500094F86E10884204D0FF2094F86E1011F061
:106D6000F5FDA879DFF888A14FF0010850B101289E
:106D700026D0022837D0032845D040F2CB21272047
:106D8000FEF70CF9307AADF80400A4F85400584628
:106D9000FFF75AF850B1B289316A42F08002B281ED
:106DA00072698020904785F8028030E06A4601A928
:106DB000306B13F099FF306210B195F8451011B1A6
:106DC000C6F820A023E09DF8001031B9A0F800908B
:106DD00080F80290012114F0D0FEBDF80410306A52
:106DE00014F06BFE13E0B4F85400ADF804006A46EA
:106DF00001A9306B13F078FF306240B94FF42F7166
:106E00002720FEF7CBF85846FFF71EF820B3306A6C
:106E100008234FF0030A017821F008010170EA7994
:106E200003EAC202114321F0040101702A7A04230B
:106E300003EA8202114321F0100101703AEA0101D4
:106E400004BFC078022815D0306B13F027FF00284C
:106E500018BFC14605D00DE040F2C5212720FEF73E
:106E60009DF8306A00783AEA000003D0FEF7AAFFE6
:106E700080F00109306A017841EA09110170A97CAA
:106E800000291CBF4178002913D01A4811F060FA7C
:106E9000387800280CBF0121002117480176D5E978
:106EA0001612C0E90412A0F58470316A10F028FBB4
:106EB00003E011F04DFA10F083FB206941F64C51CC
:106EC000884294F86F204FF0010134BF0120002068
:106ED00011F098FC86F80480306A0188318280784D
:106EE000B07486F8008003B0BDE8F08F1801002070
:106EF000E0160020B0150020B81600204D6B0000F1
:106F000045660000CD690000056C00000246074898
:106F100010B5007838B10648817821B1C01C10F056
:106F2000C3F9012010BD002010BD00001404002092
:106F30008A1F0020004870475D2100202DE9F041A4
:106F4000124C00263546A07800288CBF104FBDE8B3
:106F5000F081601990F83B2190F80311012A02D0CA
:106F600090F84B0158B104EBC100BD5590F8532186
:106F700000F5AA713046731CDEB211F0F3FF681CF5
:106F8000C5B2A078A842E4D8BDE8F0818A1F0020ED
:106F90001804002004498A78824286BF084490F889
:106FA00043010020704700008A1F002004498A78AE
:106FB000824286BF01EB0010833000207047000042
:106FC0008A1F0020054A01EB410102EB41010268E2
:106FD000C1F80B218088A1F80F0170478A1F00209B
:106FE0002DE9F041134C06460025A078002898BFF3
:106FF000BDE8F081C0B2A84214D904EB051083307B
:1070000010D0611991F8431161B905EB450104EB0A
:10701000410707F20B11324614F0DBF9B7F80F0104
:10702000A7F80F01681CC5B2A078A842E2D8BDE855
:10703000F08100008A1F00202DE9F0410E4607462E
:1070400015460621304600F045FE1C4C98B1A1784B
:1070500071B104F59D7011F0010F18BF00F8015FC8
:10706000A178490804D0457000F8025F491EFAD1A2
:107070000120BDE8F0813846314600F05FFB102862
:1070800019D0A3780021002B15D9621892F803219A
:1070900082420BD1102918BF08290CD004EB010043
:1070A00080F83B514FF00100BDE8F08101F1010192
:1070B000C9B28B42E9D80020BDE8F0818A1F0020C8
:1070C00004498A78824286BF01EB0010C01C002070
:1070D000704700008A1F002008498A78824203D93D
:1070E0000A1892F843210AB10020704700EB4000D3
:1070F00001EB400000F20B10704700008A1F0020D7
:1071000010B540F2D3120021074812F041FE0822C8
:10711000FF21064812F03CFE054800210170417035
:107120004FF46171418010BD8A1F002018040020B7
:107130001404002001490870704700001404002066
:1071400001480078704700001404002070B50C4618
:10715000054610F0FDFA10F0BFF80A482A460078FC
:1071600068B1094B997851B1002C0CBF03F1830031
:10717000D81C10F099F810F0D9F8012070BD00204B
:1071800070BD0000140400208A1F00200B4B93F8F0
:1071900002C084459CBF00207047184490F803014A
:1071A00003EBC00090F853310B70D0F8541111600C
:1071B000B0F8580190800120704700008A1F00201D
:1071C00007498A7882429CBF00207047084490F8A3
:1071D000030101EBC00090F85A0100F00100704774
:1071E0008A1F002010B500F0A9FA102814D00B4A0D
:1071F0000146002092F802C0BCF1000F0CD9131810
:1072000093F803318B4203D1102818BF10BD03E05F
:10721000401CC0B28445F2D8082010BD8A1F00204F
:107220002DE9F047984691460F46064600F086FA4B
:107230002D4C0546102817D0A178002000290ED922
:10724000221892F80331AB4205D110281CBF12203E
:10725000BDE8F08703E0401CC0B28142F0D80829A5
:107260003FD2102D03D018E0A178082939D2257813
:107270000021681C2070102D03D346212820FDF723
:107280008DFE04EBC5003A68C0F85421BA88A0F816
:10729000582180F8536180F85A11A6781022701C8A
:1072A000A07004EB0617F81C494600F041FC07F1FA
:1072B00083001022414600F03BFC1021404600F0C4
:1072C00009FD3444102184F84301484600F002FDD2
:1072D00084F84B0184F80351002084F83B01BDE899
:1072E000F0870720BDE8F0878A1F002070B44D4862
:1072F0008178491E4BB2002BBCBF70BC704700BFE9
:10730000817803F0FF0C491ECAB2827050FA83F1F3
:1073100091F8031194453ED000EB021500EB0C14DC
:10732000D5F80360C4F80360D5F80760C4F80760B7
:10733000D5F80B60C4F80B60D5F80F60C4F80F6087
:10734000D5F88360C4F88360D5F88760C4F8876097
:10735000D5F88B60C4F88B60D5F88F50C4F88F5087
:10736000851800EB0C0402EB420295F803610CEB6C
:107370004C0C00EB420284F8036100EB4C0CD2F899
:107380000B61CCF80B61B2F80F21ACF80F2195F826
:107390003B2184F83B2100EBC10292F85A2112F004
:1073A000010F33D190F802C00022BCF1000F0BD9BD
:1073B000841894F803518D4202D1102A26D103E09B
:1073C000521CD2B29445F3D80278521ED2B2027047
:1073D0008A421BD000EBC20200EBC10CD2F8534131
:1073E000CCF85341D2F85721CCF85721847890F843
:1073F00000C00022002C09D9851895F80351654575
:107400000BD1102A1CBF024482F80311591E4BB243
:10741000002BBFF675AF70BC7047521CD2B29442BD
:10742000EAD8F3E78A1F002010B500F087F910288A
:1074300016D00C4A014600209378002B10D900BFCB
:1074400002EB000C9CF803C18C4505D1102807D035
:1074500000F098F9012010BD401CC0B28342EFD863
:10746000002010BD8A1F00200246064810B500EB20
:107470000110012183300FF017FFBDE810400FF01D
:1074800055BF00008A1F0020014840887047000057
:107490001404002038B14AF2B811884203D80349D5
:1074A000488001207047002070470000140400202D
:1074B0002DE9F0411746012500221E462C463A7060
:1074C00000F03CF9102827D0184901EBC00292F8CF
:1074D0005A2102F001023A708B780022002B1BD94E
:1074E00001EB020C9CF803C1844519D1102A13D07A
:1074F000002E18BF3270887890420DD901EB02102F
:1075000010F1030F08D0881890F84B4190F83B0118
:1075100001280CBF0125002545EA0400BDE8F081E3
:10752000521CD2B29342DBD8F6E700008A1F00203B
:1075300006498A78824206D9084490F83B0100281F
:1075400004BF012070470020704700008A1F002000
:1075500070B50D46044600F0F1F81A4A102814D010
:1075600002EBC00191F85A0110F0010F1CBF01207D
:1075700070BD507808283CBF012081F85A011ED206
:107580005078401C5070012070BD5078082816D2E9
:1075900013780120591C1170102B03D34621282089
:1075A000FDF7FCFC02EBC3032968C3F85411A9885A
:1075B000A3F8581183F8534183F85A01E0E70020FB
:1075C00070BD00008A1F002001484078704700000D
:1075D0001404002001494870704700001404002082
:1075E00070B42B4800250178491E4BB2002B46DBB6
:1075F00000EBC30191F85A1111F0010F3BD0427812
:10760000D9B2521E427000EBC10282F85A5190F872
:1076100002C00022BCF1000F0BD9841894F803615A
:107620008E4202D1102A26D103E0521CD2B29445D8
:10763000F3D80278521ED2B202708A421BD000EBFD
:10764000C20200EBC10CD2F85341CCF85341D2F83E
:107650005721CCF85721847890F800C00022002CE4
:1076600009D9861896F8036166450CD1102A1CBF0B
:10767000024482F80311591E4BB2002BB8DA0548B8
:10768000457070BC7047521CD2B29442E9D8F2E700
:107690008A1F0020140400202DE9F041254D00260A
:1076A0003446287800288CBF234FBDE8F08100BF06
:1076B00005EBC40090F85A1111F0010F32D0AA78EE
:1076C00000212346002A09D905EB010C9CF803C1CF
:1076D0009C4504D0491CC9B28A42F5D810218A427F
:1076E00086BF05EB0112D31C0023002210290CD009
:1076F00005EB010C9CF83B81B8F1010F04D09CF81C
:107700004BC1BCF1000F00D00122521E134209D11F
:10771000B95590F8532100F5AA713046731CDEB2BA
:1077200011F020FC601CC4B22878A042C0D8BDE88B
:10773000F08100008A1F0020180400202DE9F0418C
:107740000F4D0646002428780F46002811D905EB76
:10775000C401384691F8532101F5AA71964203D12C
:10776000062212F089FA38B1601CC4B22878A0420F
:10777000EDD81020BDE8F0812046BDE8F081000082
:107780008A1F002070B449490D188A78521ED3B25E
:107790008B7095F8032198423DD001EB001401EB6A
:1077A000031C00EB4000DCF80360C4F80360DCF865
:1077B0000760C4F80760DCF80B60C4F80B60DCF805
:1077C0000F60C4F80F60DCF88360C4F88360DCF8F5
:1077D0008760C4F88760DCF88B60C4F88B60DCF8E5
:1077E0008FC0C4F88FC001EB030C03EB43039CF87C
:1077F000034101EB430385F8034101EB4000D3F85B
:107800000B41C0F80B41B3F80F31A0F80F319CF8D1
:107810003B0185F83B0101EBC20090F85A0110F0E2
:10782000010F1CBF70BC704700208C78002C0DD954
:107830000B1893F803C1944504D110281CBF70BCE9
:10784000704703E0401CC0B28442F1D80878401E63
:10785000C0B20870904204BF70BC704701EBC20315
:1078600001EBC000D0F853C1C3F853C1D0F85701A1
:10787000C3F857018C780B780020002C9CBF70BC9B
:10788000704700BF01EB000C9CF803C19C4506D17A
:1078900010281CBF084480F8032170BC7047401CAE
:1078A000C0B28442EED870BC704700008A1F00202E
:1078B000254910B44A7801EBC003521E4A700022D9
:1078C00083F85A2191F802C0BCF1000F0DD98B1832
:1078D00093F80341844204D1102A1CBF10BC7047A6
:1078E00003E0521CD2B29445F1D80A78521ED2B2AB
:1078F0000A70824204BF10BC704701EBC00301EB69
:10790000C202D2F853C1C3F853C1D2F85721C3F809
:1079100057218C7891F800C00022002C9CBF10BC2D
:1079200070478B1893F80331634506D1102A1CBFAA
:10793000114481F8030110BC7047521CD2B294422A
:10794000EFD810BC704700008A1F002070B58CB0C3
:1079500000F110041D4616460DF1FF3C5FF00800D3
:1079600014F8012C8CF8012014F8022D0CF8022FC9
:10797000401EF5D101F1100C6C460DF10F010820ED
:107980001CF8012C4A701CF8022D01F8022F401E31
:10799000F6D1204613F0EEFC7EB16A1E04F13000F1
:1079A0005FF0080110F8013C537010F8023D02F836
:1079B000023F491EF6D10CB070BD089828600998A6
:1079C00068600A98A8600B98E8600CB070BD000071
:1079D00010B5044669B1012927D002293DD00329F9
:1079E00018BF10BD04F19601BDE81040953000F0BD
:1079F000C1BA4FF4F472002112F0CAF9012084F8E0
:107A000095000FF0D1FB44F62B110840C4F8CE00CE
:107A10000021C4F8D210FE2084F804017F2084F8ED
:107A20008900202084F82D0110BD216910480A46E4
:107A30000844B0FBF1F0C4F8AC0040F6B830A4F84C
:107A4000B000638B04F1800000F068F904F1960146
:107A5000BDE81040481E00F08DBAB4F86231D4F889
:107A60005C212169BDE81040803000F057B900006A
:107A70007FC3C90170B501260446002569B10129FB
:107A800022D0022948D0032918BF70BD04F1960105
:107A9000BDE87040953000F06DBA4FF40C720021D3
:107AA00012F076F984F895600FF07EFB44F62B1106
:107AB0000840C4F8CE00C4F8D250FE2084F8040177
:107AC0007F2084F8890070BDA4F8265184F81B51EA
:107AD000216916480A460844B0FBF1F0C4F8AC002E
:107AE00040F6B830A4F8B000638B04F1800000F0D9
:107AF00015F904F19601481E00F03CFA12F098F8CE
:107B000038B1606901F046F9002804BF84F88C613F
:107B100070BD84F88C5170BDB4F8BA31D4F8B4217A
:107B20002169BDE87040803000F0F8B87FC3C9011A
:107B3000002A08BF70471144401E12F0010F03D005
:107B400011F8013D00F8013F520808BF704700BF1F
:107B500011F8013C437011F8023D00F8023F521E3B
:107B6000F6D170472DE9F05F044690468A464FF003
:107B70000109084613F07EFF0546504613F086FFC4
:107B8000074610F0010F18BF01262BD015F0010F8A
:107B900018BF4FF0010B30D056EA0B0008BF4FF072
:107BA00000090FF007FB384208BF00260FF002FB68
:107BB000284208BF4FF0000B94F86E00B0420CBF93
:107BC0000020304688F8000094F86F10594508BF2F
:107BD0004FF0000B88F801B0002808BFBBF1000F80
:107BE00028D118E010F0020F18BF0226CED117F0EE
:107BF000040F14BF08260026C8E715F0020F18BFAF
:107C00004FF0020BC8D115F0040F14BF4FF0080B52
:107C10004FF0000BC0E7504613F036FFB4F8841065
:107C2000401A00B247F6FE71884201DC002801DCF0
:107C30004FF0000916B1082E10D01FE094F86E0026
:107C4000012818BF022819D0042818BF082805D019
:107C50004FF41D714FF00600FDF7A0F994F8C6012E
:107C600001280BD1B4F8CA01012894F86E0008D09D
:107C7000082803D05FF0080088F800004846BDE8F7
:107C8000F09F042818BF0420F6D1F3E741F64C52C8
:107C900091423DBF0549A1FB0010400940F2E2417D
:107CA00028BFB0FBF1F080B2704700001F85EB5198
:107CB00041F64C5291423DBF0549A1FB00104009DD
:107CC00040F2E24128BFB0FBF1F0C0B270470000C3
:107CD0001F85EB5130B40022A1F1010CBCF1000F63
:107CE00012DD431E11F0010F08BF13F8012F5C785D
:107CF0005FEA6C0C08D000BF13F8025F22435C7887
:107D00002A43BCF1010CF7D1491E5CBF405C024321
:107D1000002A0CBF0120002030BC704710B44FF087
:107D2000000CA0F836C0B0F83AC0164C0CFB01FCB1
:107D3000BCFBF2FCA0F83AC042F2107C03FB0CF34F
:107D4000B3FBF2F35B1C9BB203FB02FC0387A4456D
:107D500084BF5B1E03870C4B40F2712CB3FBF2F324
:107D60005B1CC387038E03FB0CF302EB03135B1E48
:107D7000B3FBF2F3C362836A5943B1FBF2F1816250
:107D800010BC70470048E801005A6202074908B574
:107D900009788DF800109DF8001000291CBF002004
:107DA00008BD034917F0AAF9012008BD3D040020D1
:107DB0003E04002010B5054CFF2121700146601CD7
:107DC00017F09CF90020207010BD00003D04002039
:107DD00070B581EA114189B2C47A4A405FF000036C
:107DE00002F0FF0C120A92FAA2F29CFAACFC120EFC
:107DF0004FEA1C6C4CEA022202EB02125B1C0A44A2
:107E0000DBB292B2032BEBD3DFF888C0514063465C
:107E10000022E1FB0C3212096FF0240302FB031273
:107E2000D2B200EBD20302F0070C5D78012303FA13
:107E30000CFC15EA0C0F1CBF104670BD6143090C09
:107E4000491CC9B25FF0000400EB040C9CF806204A
:107E50008A4227BF00229CF801C0891AC9B20BD3FD
:107E600003FA02F51CEA050F1CBF491EC9B261B135
:107E7000521CD2B2082AF3D3621CD4B2052CE3D32D
:107E800040F20D114620FDF789F802EBC400C0B2A4
:107E900070BD000053E4B36E70B5044690F8200046
:107EA00008B1252801D9122070BD002A04BF002086
:107EB00070BD607D10B1012850D047E094F82200D9
:107EC00094F821102A4B01FB020000251A4629468E
:107ED000E0FB032109096FF0240201FB0200C0B29C
:107EE00004EBD00284F8220000F00701927D012308
:107EF00003FA01F10A421EBF84F82300284670BD30
:107F000094F82010B0FBF1F201FB1200401CC1B24A
:107F10005FF0000004EB000C9CF81B208A4227BF96
:107F200000229CF816C0891AC9B20BD303FA02F6D4
:107F30001CEA060F1CBF491EC9B249B1521CD2B27D
:107F4000082AF3D3401CC0B20528E3D31F2070BD1C
:107F500002EBC00084F82300284670BDA28849695E
:107F600004F11500FFF734FF84F82300002070BDF2
:107F700053E4B36E10B50446401C884218BF17F096
:107F8000BDF8607900F01F006071002084F80B00DC
:107F900004EB000C401C9CF8012002F00101520887
:107FA00002F001031944520802F001031944520877
:107FB00002F001030B44510801F001021A44490880
:107FC00001F001031A44490801F001031A4402EBCD
:107FD00051018CF80610E27A05281144E172D7DBD2
:107FE00010BD0000C378024613F03F0008BF704781
:107FF0000520127903F03F0312F0010F37D000295A
:1080000014BF0B20704700BF12F0020F32D00129BD
:1080100014BF801D704700BF12F0040F2DD002293D
:1080200014BF401C704700BF12F0080F28D003296E
:1080300014BF801C704700BF12F0100F23D004291A
:1080400014BFC01C704700BF12F0200F1ED00529BE
:108050001ABF1230C0B2704712F0400F19D0062973
:108060001ABF401CC0B27047072919D114E000297B
:10807000CAD115E00129CFD112E00229D4D10FE0F5
:108080000329D9D10CE00429DED109E00529E3D187
:1080900006E00629E8D103E0411F8B42C8BF7047C4
:1080A00000207047417841B1C0781A2803D2044AB1
:1080B000105C884201D10120704700207047000009
:1080C0002AF101000CA282B0D2E90012CDE900121F
:1080D0000179407901F0070269461DF80220012A62
:1080E00007D800F00700085C01289EBF012002B0FD
:1080F0007047002002B07047000101020102020334
:1081000010B50122C1701A293CBF064A525C06D341
:10811000FF2904D040F2E2312A20FCF73FFF4270F1
:1081200010BD00002AF101002DE9F04F5E4F80469E
:1081300085B0B87E8A4628B1B88B002804BF05B048
:10814000BDE8F08F07F118040020FDF74BF9054654
:108150000120FDF747F9284410F0FF054FF0000615
:108160004FF6FF7B18BF4FF0000910D02088401C4D
:1081700080B22080A84228BFA4F8009020886946D9
:1081800013F0C3F948B1701CC6B2AE42EED3A4F8E6
:1081900000B005B00020BDE8F08F388B0090388B20
:1081A000584554D0A8F8000088F80590FDF7A0FBCA
:1081B000054612F00CFD040049D0014601AA2846EC
:1081C00012F038FDA8F8020028B1FB2807D9AE212B
:1081D0002B20FCF7E3FEAD212B20FCF7DFFE0198FE
:1081E00013F044FC0121012808BF88F8041008D0CE
:1081F000022808BF88F8040003D0BD212B20FCF71B
:10820000CDFEB8F8023003200090524621462846A1
:1082100012F0B4FB2846C8F808A012F083FC70B135
:1082200000221146284612F0F5FD60B1B87E10B16B
:10823000B88B401EB88305B00120BDE8F08FCD217A
:108240002B20FCF7ABFED2212B20FCF7A7FE07F179
:1082500018040020FDF7C6F805460120FDF7C2F816
:10826000284410F0FF054FF0000610D02088401C75
:1082700080B22080A84228BFA4F80090208802A9DC
:1082800013F043F948B1701CC6B2AE42EED3A4F865
:1082900000B005B00020BDE8F08F398B0098814216
:1082A0007FF47DAFF5E70000641D002010B5017973
:1082B00081B101291CBF002010BD4288836800885D
:1082C0005FF0010100F00CF8002808BF00F06CF826
:1082D000012010BD4288836800880221F2E7000077
:1082E0002DE9F04784B089469A461546064602A90C
:1082F00013F00BF900284DD10398002D00F18004F4
:1083000004BF0120207545D03046FDF707FB5FEA2A
:1083100000080CD0294612F094FC070003D0214835
:108320004088854207D904B00020BDE8F0876E215F
:108330002B20FCF733FE01AA3946404612F07AFCA6
:108340000198002606808670217D002918BF4FF015
:108350000209494613F011FC032000902B465246B7
:108360003946404612F021FB2946404612F0F3FB05
:10837000A0B19DF8080060B1039890F81A0128B1E7
:10838000039880F81A61039814F069FB0398A0F829
:108390001261267504B00120BDE8F08784212B20EE
:1083A000FCF7FCFD641D00200149012008707047A6
:1083B000210400202DE9F04F91B05FEA000810D0B1
:1083C000FE4E4FF00009307880B188F8019003200C
:1083D00088F80000012088F8040086F8009000F07A
:1083E000B5BB40F2C7211020FCF7D8FDDFF8D0A3C1
:1083F0009AF80000002835D10AF10204FCF7F2FFD8
:1084000005460120FCF7EEFF284400F0FF0B022098
:10841000FCF7E8FF451C0420FCF7E4FF284458441F
:1084200010F0FF054FF0000714D02088401C80B2E8
:108430002080A84228BFA4F800902088584501D386
:10844000A8420FD306A913F060F858B1781CC7B240
:10845000AF42EAD34FF6FF70208040F2D6211020C1
:10846000FCF79CFDBAF8020009900020FCF7BAFF67
:1084700004460120FCF7B6FF2044C0B20890401C1F
:10848000C1B202200491FCF7ADFF0499084400F04A
:10849000FF0BCC4C2068002852D0BAF80200049997
:1084A000884228BF83454BD9401AC0B2022112F03E
:1084B000A1FD002800F0F78222680546002A00F09E
:1084C000F28241469047002800F0ED8298F80000C3
:1084D000142803D017280DD000F038BB98F80400FA
:1084E000B0B90EF0B9FD002804BF01208AF80000E1
:1084F00000F02CBB98F80400002808BF8AF8009010
:1085000000F02483284614F0D4F8002840F01E839D
:10851000B8F806400121204612F06CFD002800F05A
:1085200015830088FDF740FC01212046FDF734F853
:10853000002800F00B8340F271111020FCF72EFD93
:10854000A14D286850B3BAF80200584526D3A0EBD5
:108550000B00C0B2042112F04DFD040000F0A38214
:108560002A6841469047002800F09D8298F8000054
:108570001B2807D0192840F0E98298F80400002849
:1085800000F0E48220890421FDF706F8002800F0BD
:10859000DD8240F219311020FCF700FD8B480168A4
:1085A00000297CD0BAF802200898824277D1404650
:1085B0008847002874D098F80000182803D00528B0
:1085C0001DD000F0C3BA98F80400012840F0BE8224
:1085D000B8F80600002112F00DFD040000F0B6828C
:1085E0002088FDF7E1FB20880021FCF7D5FF00285B
:1085F00000F0AC824FF485711020FCF7CFFC0EF038
:108600002BFD002800F0A28298F80000052803D076
:108610006D211020FCF7C2FC98F80E0010F0100F2E
:108620002AD008F104016A4891E87E1080E87E10A3
:1086300098F80C2008F120011C3011F02FFB644940
:10864000887A10F0040F02D0C87CFE281AD04FF0B0
:10865000040288F800200868C8F804004868C8F8D0
:1086600008000889A8F80C00887A10F0080F18BFD5
:1086700088F80E2044D129E04FF06E014FF0100031
:10868000FCF78CFC132088F80000087888F80400B8
:10869000012088F80500487888F8060001E068E0C5
:1086A00045E0D1F80200C8F80700C888A8F80B0018
:1086B000FE2088F80D004869C8F80E00088BA8F85D
:1086C0001200487A88F8140000F040BA10F0010F48
:1086D0001CBF10F0020F88F80E9011D110F0040F9B
:1086E0001CBF012088F80E000AD110F0010F0ED136
:1086F00010F0020F18BF022009D000BF88F80E004A
:108700000A7A1F2A0CD9B8211020FCF747FC10F078
:10871000030F08BF0320F1D0B5211020FCF73EFC69
:108720002C4908F10F0011F0B9FA00F00FBA2348F4
:108730004078002800F0B78188F80190142088F86C
:108740000000C8F80490C8F80890C8F80C90C8F861
:108750001090C8F81490C8F81890C8F81C9002201F
:10876000C8F8209088F80400144880F8019000F0C0
:10877000EDB9194C194D20682968084300F0938120
:10878000BAF8026006A9304612F0BFFE002808BF02
:10879000134F40F0888100BF9DF81800002807980B
:1087A00090F8800036D0002800F07D812A68002AE9
:1087B0006CD0414630469047002813E02104002049
:1087C00024040020200100202C0100203001002082
:1087D000841D0020A01D002028010020340100205D
:1087E000641D002052D0B87D10F0010F04BF98F82E
:1087F0000010202971D098F800101F296ED015297B
:1088000002BF10F0040F98F80E0010F0010FC3D053
:1088100000F09CB9002870D02268B2B341463046BF
:10882000904790B3B87D10F0010F04BF98F8001086
:1088300020290ED098F800101F2928D0152902BF32
:1088400010F0040F98F80E0010F0010FA4D000F003
:108850007DB9B8F80400ADF830000AA912F055FE51
:10886000D0BB0B9890F86A108DF8321090F86B100E
:108870008DF83310B0F86C00ADF8340002210CA86C
:108880000EF036F8002887D05AE028E08DE010F08E
:10889000020F40F05B81B8F804000DA9029015F0BA
:1088A00061FB58BB0298ADF82800BDF83A00ADF85E
:1088B0002A00BDF83C00ADF82C00BDF83600ADF83C
:1088C0002E00BDF83800ADF830000AA815F0EFFB17
:1088D00000283FF461AF63E019E010E035E007984D
:1088E00000F1800490F82C01E8BB94F824008DF886
:1088F00008009DF80800B8BB66E0D4E02FE0B8F8A7
:108900000400ADF828000CA912F0FFFD20B14FF4CF
:10891000C4711020FCF742FB0D9890F86A108DF896
:108920002A1090F86B108DF82B10B0F86C00ADF891
:108930002C0002210AA80DF0DBFF00283FF42CAF29
:108940004FF4CF711020FCF729FB10F0020F5DD11E
:10895000B8F804000DA9029015F004FB38B140F2FC
:10896000A511102001E02FE02CE0FCF717FB029886
:10897000ADF82800BDF83A00ADF82A00BDF83C007B
:10898000ADF82C00BDF83600ADF82E00BDF838006B
:10899000ADF830000AA815F08AFB00283FF4FCAEC1
:1089A0004FF4D7711020FCF7F9FA079800F1800412
:1089B00090F84C0140B994F824008DF808009DF817
:1089C000080008B1012500E0002594F847000028C0
:1089D0001CBF94F8480010F0020F18D088F80190DE
:1089E0004FF0010088F8000088F80490A8F80560AE
:1089F00094F8490088F80700B4F84A00A8F808007D
:108A0000B4F84C00A8F80A0084F847909EE030467D
:108A1000FCF784FF070019D012F0C1F8D8B188F82C
:108A200001900F2188F80010A8F80660A8F8080047
:108A30000121401E88F8041084B2002211463846F5
:108A400012F0E8F9611E8CB2F7D27FE040F22D21DE
:108A50001020FCF7A3FA3046FCF74AFFF0B115B33B
:108A600011F0BAFFF8B13046FDF79EF9002130460B
:108A7000FCF792FD01213046FCF78EFD88F801904D
:108A80000C2088F8000088F80490A8F8056094F895
:108A9000250088F8070084F8249057E04FF41171FE
:108AA0001020FCF77BFA0AF102040020FCF79AFC84
:108AB00005460120FCF796FC2844C7B20220FCF7CB
:108AC00091FC451C0420FCF78DFC2844384410F030
:108AD000FF054FF0000614D02088401C80B2208093
:108AE000A84228BFA4F800902088B84201D3A84229
:108AF0000BD30AA912F009FD38B1701CC6B2AE4200
:108B0000EAD34FF6FF70208005E0BAF8021009980A
:108B100081427FF4BEAC0F48016811B140468847DE
:108B2000A0B90D48016811B14046884770B90B489B
:108B30008178002902BF002011B0BDE8F08F88F8CD
:108B40000190242188F8001080F8029011B00120D3
:108B5000BDE8F08F3801002024010020210400200E
:108B600005494FF6FF73087000200A1D10705380EE
:108B7000A1F80100C87070472004002003490120BB
:108B80004870481E0078FBF71DBF0000210400203C
:108B9000014840787047000021040020054800216A
:108BA0004FF6FF7201704280001FA0F80110C170E3
:108BB000704700002404002001480078FBF702BF42
:108BC00020040020024901480860704777C4010072
:108BD0002001002004490348086005490348086053
:108BE00070470000D53E010028010020895F000089
:108BF00038010020024901480860704735F3000041
:108C0000300100200549044808600649044808600E
:108C1000064905480860704777C40100200100201C
:108C200041CB000034010020895F000038010020A2
:108C300030B490F86E508C88B1F808C015F00C0F65
:108C40001BD000BFB4F5296F98BF4FF4296490F88A
:108C50006F5015F00C0F17D0BCF5296F98BF4FF46B
:108C6000296C4A88C988A0F84C20A0F85010A0F8B8
:108C70004E40A0F852C030BC7047002B1CBF157886
:108C800015F00C0FDED1E2E7002B1CBF527812F07A
:108C90000C0FE1D1E5E700000148007870470000C3
:108CA0004304002070B4B0F838C012F00C0F4FF439
:108CB00074751CBF05EB8C1C1FFA8CF407D000BF29
:108CC00012F00C0F18BF4FF4296C14D10CE0022ADB
:108CD00007BF4FEA8C0C0CF13C0C4FEACC0C0CF1AA
:108CE000700C1FFA8CF4EBE7B0F84E60B0F84AC095
:108CF000664538BFB446A44528BFA446B0F84040F6
:108D000013F00C0F1CBF05EB8414A5B207D000BFF5
:108D100013F00C0F18BF4FF429640FD107E0022B9A
:108D200007BFA4003C34E4007034A5B2F0E7B0F80B
:108D30005240B0F84800844228BF0446AC4228BFE5
:108D40002C461348007888B113F00C0F18BF4FF46D
:108D5000496011D0844298BF044612F00C0F18BF2E
:108D60004FF449600ED0844598BF84460CEB040054
:108D700070BC0844801D7047022B0CBFC8204FF404
:108D8000C470E7E7022A0CBFC8204FF4C470EAE7BA
:108D90004304002070B46FF01F02010C02EA90251A
:108DA0001F23A1F5AA4054381CBFA1F5AA40B0F179
:108DB000550009D0A1F52850AA381EBFA1F52A40B8
:108DC000B0F1AA00012000D100204FF0000C624653
:108DD0004FEA0C048CEA0106F6431643B6F1FF3F56
:108DE00011D005F001064FEA5C0C4CEAC63C03F0DA
:108DF000010652086D085B08641C42EAC632162C54
:108E0000E8D370BC704770BC002070472DE9F04F6C
:108E10004FF00008DFF8BC9183B0474623264FF09F
:108E2000FF1A6FF01F0B6C4800F0DEF8044600EAF2
:108E3000440000EA400000EA400000EA400000EA86
:108E4000400010EA400F7DD1E04300EA400000EA14
:108E5000400000EA400000EA400000EA400010EA5A
:108E6000400F6FD1A01680EA6000411E084269D011
:108E7000E0B2411E0840411E084263D0A0B200F09B
:108E8000C9F80B285ED8204613F037FA182859D8AD
:108E90002046A1B2B1EB104F05D10AEA102104F02F
:108EA000FF1081424ED084EA0900411E08427CD066
:108EB00025466946002012F0A7F86846FCF7FAFA42
:108EC00040B902984169A9426FD06846FCF7F2FAAE
:108ED0000028F6D06946012012F096F86846FCF7A3
:108EE000E9FA40B902984169A9425ED06846FCF7A8
:108EF000E1FA0028F6D06946032012F085F86846AA
:108F0000FCF7D8FA40B902980168A9424DD06846EA
:108F1000FCF7D0FA0028F6D06946042012F074F865
:108F20006846FCF7C7FA40B902980068A8423CD0EE
:108F30006846FCF7BFFA0028F6D02746200C0BEA5B
:108F4000972400E031E0A0F5AA414FF01F0C5439FE
:108F50001CBFA0F5AA41B1F155010AD0A0F52851D6
:108F6000AA391EBFA0F52A41B1F1AA014FF00108AC
:108F700001D14FF0000800221146134682EA000595
:108F8000ED430D43B5F1FF3F20D004F00105520839
:108F900042EAC53249080CF0010564085B1C41EA4D
:108FA000C5314FEA5C0C162BE8D3761E03D0B8F11E
:108FB000000F3FF438AF002F1EBF384603B0BDE8A6
:108FC000F08F4FF4BC710F20FBF7E8FF4FF0000863
:108FD000EBE70000D6BE898E3C010020014813F06B
:108FE0006EB900003C010020D0E90021084B53433A
:108FF000514081EAB21282EA41224FEAF141C0E9CE
:1090000000214FEAF36303EB830318467047000027
:10901000BB79379E40F34E01484080B220F0AA0150
:109020000D4A21F42A4102EA5000084420F0CC0104
:109030000A4A21F44C4102EA9000084420F0F00171
:109040006FF0F00221F4704102EA1010084400EBC6
:109050001020C0B27047000055D5FFFF33F3FFFF6B
:109060002DE9F0410446807C002816BF022800202C
:10907000012084F85C0018B3607E68B3D4F8130054
:10908000C4F85D00B4F81700A4F86100A07C0228C1
:1090900016BF032801210021A1764FF00800E076D9
:1090A00094F85C004FF001074FF00005012804BF61
:1090B00094F8622012F0C00F1BD0012811D016E0E6
:1090C00004F15D010020FCF70FFF0028DED140F223
:1090D000AD412D20FBF762FF40F2B1412D20FBF79F
:1090E0005DFF94F8620000F0C000402801D000202D
:1090F00000E00120207731B194F8630004F16401AD
:10910000FEF770F8E076656510F053FCA0654FF04F
:109110000008E07EFDF74AFF0646A07E002818BF43
:10912000002E03D0E07EFDF735FF58B194F87600AD
:1091300000281CBF207F00281DD094F85C00012867
:109140000ED013E084F85C70424604F15D013046B5
:1091500012F03FF9E17E04F15D00FDF733FF0AE014
:1091600094F8620000F0C00040282FD0294604F196
:109170005D0012F01DF984F86A50A07810F0040F19
:1091800008BFBDE8F0810026E07EFDF799FF0500ED
:1091900008BFBDE8F0811021FEF79CFD002818BF34
:1091A000BDE8F08184F86A70324604F16B0128460C
:1091B00012F00FF904F16B01084CA06812F03CFFAB
:1091C000A068BDE8F041012112F03DBFFDF7B2FEFD
:1091D000424604F15D0112F0FCF8CCE744010020A6
:1091E000F8B50446243013F00BFB6188C1F300127C
:1091F00022B1BDE8F840282202F088BBC1F340024A
:10920000002A14BFB4F850C0B4F848C022791E4BED
:109210004FF47A75082A33F8123003F2E733B3FBC0
:10922000F5F608BF40250AD0042A08BF102506D04D
:10923000022A07BF042512230825192300E014235E
:1092400015FB03F3082A08BF402519D0042A08BFDC
:109250002E2515D00025022A0CBF182228222A44C8
:109260001A4412FB00626FF07F0303EBC01010443E
:109270000091014662790123604601F02FFEF8BD9E
:109280004FF4A872EBE70000A8B800002DE9F04FFA
:1092900080468DB00C46C269D8E90501D8E9007650
:1092A000D8E903A90592CDE90301D8F8200006907A
:1092B00001A813F04EFBA07A60F31749207860F301
:1092C0000707B4F80100ADF800009DF8000000F0B9
:1092D0000101C0F3400241EA4201C0F3800241EAC9
:1092E0008201C0F3C00241EAC201C0F3001241EAA8
:1092F0000211C0F3401241EA4211C0F3801041EA6A
:10930000801B207D6BF31F47012818BF022803D064
:10931000032808BF08200ED1617860F3070611F01A
:10932000100F0FD1A17D012918BF022908D00329F0
:1093300008BF082104D040F286210620FBF72EFE4C
:1093400061F30F26CAF30741012908D0617A01A809
:1093500013F0DAFA207D012102280FD10BE004215D
:10936000082808BF61F30706C6F30720082808BFCE
:1093700061F30F26EAE7607D401CC1B2A07E401C6D
:10938000C2B201A813F025FA380C10F0080F4FF004
:10939000000528D101A813F033FA0346607810F0D5
:1093A000100F7CD028225946184602F0AFFA00BFB1
:1093B00040F2712100F2D920B0FBF1F04843D4F81B
:1093C000021040F27122090A5143D4F8052040F2FC
:1093D0007123120A02FB03F5884298BF0D4602D999
:1093E000A84298BF0546A07C60F30F29207E012883
:1093F00018BF002060F3070AD8F8400011F0C8FE3B
:109400008346D8F8400011F06BFF834528BF5846CB
:1094100098B101A90891390CADF824108DF82C6091
:10942000310A8DF82D100A9508A901F0AFFF002828
:1094300002BF45200DB0BDE8F08FDDE90301059ABC
:10944000C8F80070C8F81C20C8E90501C8E9016522
:10945000C8E903A90698C8F820000198C8F82400B4
:10946000BDF80800A8F82800E07A002816BF0228F6
:109470000020012088F86300E068C8F86400208AB2
:10948000A8F86800E07D98F83A1060F3071188F8B2
:109490003A100DB04FF00000BDE8F08FFFE7F0B2DA
:1094A00020494FF47A72082831F8101001F2E731A0
:1094B000B1FBF2F208BF4FF0400C0DD0042808BFFA
:1094C0004FF0100C08D0022807BF4FF0040C1221F7
:1094D0004FF0080C192100E014211CFB01F10828B1
:1094E00008BF40251BD0042808BF2E2517D002280E
:1094F0000CBF182028202844084410FB03206FF0DC
:109500007F0101EBC3114518FCF7DCFA390C00911F
:10951000C6F307220123294601F0E0FC48E74FF497
:10952000A870E8E7A8B8000002490148C860704781
:10953000F4B8000044010020104A10B50021117059
:109540000F4CA060107820B140F22D312D20FBF798
:1095500025FD116051609160D1601161516191618F
:10956000D1610EF0F5F80DF0B7FEE068002818BFE5
:1095700010BD4FF44C712D20FBF710FDC01D0020D5
:109580004401002002494860C96809680847000092
:10959000440100200B4910B50878002818BF0C249E
:1095A00001D0204610BD00240C604C608C60CC6063
:1095B0000C614C618C61CC610EF0CAF80DF08CFE30
:1095C000EFE70000C01D0020054910B5097801290A
:1095D0001CBF002010BD01F069FE002010BD00007E
:1095E000C01D00200449034808600549034808607D
:1095F00070470000D5B600005801002069B5000092
:10960000540100202DE9F8430D00044616D004F162
:10961000240013F07BF938B9A078C0F3C00088B1FA
:1096200004F1240013F09DF904F1240013F029F94A
:109630000FF0C0F9217925200FF088F994F86A100D
:109640004DB904E02046BDE8F84301F02FBE0022EA
:10965000204601F075F8284EB068C17811F03F0F30
:1096600018D0017911F0100F14D012F07AFB0746D0
:1096700004F1240013F04AF9401CC2B220462179BB
:109680003B4601F0B7FB0090032304226946B06813
:1096900012F055FC194F3DB3BD68B06812F061FB84
:1096A000804604F1240013F0ABF8814604F1240055
:1096B00013F02CF9A9EB0000401EC1B220794246FC
:1096C00013F054F90544A078C0F3C00038B17868AD
:1096D00005442046FFF784FD2844C4F8E8002279B9
:1096E000294600200EF082FEB0680EF031FE062002
:1096F0003870BDE8F883000044010020C01D002040
:109700002DE9F0416E4E0F00044627D004F12400ED
:1097100013F0FCF8C0B9A078C0F3C000002838D01E
:1097200004F1240013F06CF8054604F1240013F052
:10973000EDF8281AC0B213F034F97168084470606B
:1097400004F1240013F00DF904F1240013F099F84A
:109750000FF030F9217925200FF0F8F8594D94F8E1
:109760006A800021A8680180017821F02001017041
:10977000618813292BD011DC102908BF022139D0B0
:10978000122908BF062135D040F26F612D20FBF76A
:1097900005FC2046BDE8F04101F088BD152918BF41
:1097A0001D29F1D14FF0010112F024FCA868B8F195
:1097B000000F017841F02001017011D004F16B011C
:1097C00012F03AFC0121A86812F03DFC14E00021DF
:1097D00012F010FCA868017841F0200101700BE044
:1097E00004F1640112F028FC94F86310A86812F0E8
:1097F0002AFC01E012F0FEFBA04604F15D01A8681E
:1098000012F02AFC98F85C10A86812F02CFC608812
:109810001D2818BF152805D0B4F84820616CA86829
:1098200012F07DFBA8680EF093FD0420307027B382
:109830006088102831D004F12400B56812F0E0FFF0
:10984000074604F1240013F061F8381A401EC0B234
:109850006188282202F080F80544A078C0F3C00097
:1098600030B17068054413F0A0F82844C4F8E8004B
:109870002279294600200EF0B9FD6088132815D002
:1098800010DC102808BFBDE8F08112280ED000BF00
:1098900040F673512D20FBF781FB217900200EF05B
:1098A00035F8EAE7152818BF1D28F1D12279BDE85F
:1098B000F0414FF001014FF000000EF0A3BF000097
:1098C000C01D0020440100202DE9F047044682B06D
:1098D0000E4690F838000FF06DF86179FF200FF018
:1098E00035F8934F934D4FF0000866B162794FF40D
:1098F000A57100200EF04CFFA07810F0030F41D0AE
:10990000002E3AD03EE0B86812F02BFA824694F866
:10991000049004F1240012F073FFB9F1080F04BFA2
:109920004FF4C87140220FD0B9F1040F04BF4FF4B7
:10993000BF71102208D0B9F1020F07BF08F118015A
:10994000042208F1280108220AF1050303FB021191
:10995000AA6800FB0121CA2202EBC010084428615A
:10996000A178C1F3C00111B16968084428610146BA
:10997000627900200EF03AFDBEE7627901210020F5
:109980000EF040FF94F86A102046002E7DD06188CA
:109990004646C1F34000002808BF48F0080611F011
:1099A000400F18BF46F04006002819BFD4F84CA05D
:1099B000B4F85090D4F844A0B4F84890B86807219F
:1099C000A0F8008012F016FB0021B86812F09EFA91
:1099D00000223146B86812F0D5FA16F0080F16D0FA
:1099E000B4F83900BDF80010022360F30B01ADF8A4
:1099F000001094F83A00032201099DF8010061F378
:109A000007108DF801006946B86812F098FAB86836
:109A100012F057F9AA89C0F1FE00A9EB02018142B8
:109A2000A8BF014601F0FF0802EB0800484536D206
:109A300046F010010022B86812F0A4FAB86812F0DB
:109A400040F9A989C0F1FE00A9EB01018142A8BF3C
:109A5000014601F0FF08B86812F02FF94044461C97
:109A6000A08F354982B204F12A00FEF7B1F984F8DB
:109A70003800617933460122204601F0BBF900909D
:109A8000BDF800009DF8021000E022E040EA01402D
:109A900001900323042201A9B86812F050FAA078BB
:109AA00010F0400F30D06079012808BF002014D09A
:109AB000022808BF012010D0042808BF03200CD0C2
:109AC000082808BF022008D040F2FE310620FBF72C
:109AD00065FA012200F034FE20E094F9102094F899
:109AE00038106B46F7F7E2FB20B140F606112D2047
:109AF000FBF754FA9DF800008DF8040001230622BC
:109B000001A9B86812F01BFAA889424600EB0A01C5
:109B1000B86812F0E4F9A8894044A881B8680EF04A
:109B200017FC072028700120687002B0BDE8F0879C
:109B300044010020C01D0020D6BE898E2DE9F843C7
:109B4000484E8146307802281CBF3078032805D063
:109B500040F6E5414FF02D00FBF720FA424C6568D6
:109B6000287B40B105F13B000EF0D2FE002804BF77
:109B70007F2085F83B00D4F808C061684FF00008EA
:109B80009CF800000A6A00F00F07002A18BF92F83C
:109B90007380B9F1000F49D001F15D0391F85C20A9
:109BA000C0090CF1090111F0F4FB00283ED06568F2
:109BB000052F1DD1A06890F8240000F01F00102888
:109BC00016D9E87BA0B1FF278DF800706A46052101
:109BD000284601F087F848B3A0682222C11C05F18D
:109BE000B50010F05BF885F8B470FEF7E5FF1DE0F6
:109BF0004146A06812F0C5F8C0B1327860683946B5
:109C0000022A1CBF3278032A05D040F6BE414FF02D
:109C10002D00FBF7C3F9E268337852696FF0070C47
:109C20000CEB8303D2589047054600E00125B07B3A
:109C300018B10DF08DFD0DF04FFB002D08BFBDE8F4
:109C4000F883606812F0C3FE38B10DF0BBFDE06828
:109C5000806801B0BDE8F04300476068BDE8F843A4
:109C600001F024BBC01D00204401002070B584B069
:109C7000032902D005296FD06AE0FF2604468DF83B
:109C8000086002AA032101F02DF8002860D0207B93
:109C9000364DD8B394F8AA008DF800009DF8000066
:109CA000A0BB9DF80800217884F8AB10FF2811D0E4
:109CB00004F1AD02511EFDF769FA30B194F8AC0021
:109CC00040F0020184F8AC1012E040F6AF712D2094
:109CD000FBF764F9A8680178C1F3801284F8AC201E
:109CE000D0F80320C4F8AD20B0F80700A4F8B10004
:109CF00094F93B007F2826D084F8B3007F212046CA
:109D000084F83B1080F8AA60FEF756FFA86800218F
:109D10000180042112F06EF904F15D01A86812F0CF
:109D20009BF994F85C10A86812F09DF9B4F85020E3
:109D3000E16CA86812F0A0F90D4905200870A86828
:109D40000EF006FB0EE040F625612D20FBF726F90C
:109D500004B0012070BDFFE70649096811B18847CA
:109D60000028F5D004B0002070BD000044010020A0
:109D7000C01D0020580100202DE9F0478AB00329BA
:109D800008D0052900F0FD8001F090FA0AB000200B
:109D9000BDE8F087FF2604468DF8146005AA03216C
:109DA00000F0A0FF002800F0E880207B7C4DD8B3B5
:109DB00094F8AA008DF800009DF80000A0BB9DF863
:109DC0001400217884F8AB10FF2811D004F1AD0203
:109DD000511EFDF7DBF930B194F8AC0040F0020100
:109DE00084F8AC1012E040F6AF712D20FBF7D6F8E6
:109DF000A8680178C1F3801284F8AC20D0F8032061
:109E0000C4F8AD20B0F80700A4F8B10094F93B0005
:109E10007F287CD084F8B3007F21204684F83B1053
:109E200080F8AA60FEF7C8FEA0780021C0F3801871
:109E30005C480679A86868F386160180072112F04D
:109E4000D9F80021A86812F061F800223146A8680C
:109E500012F098F80623002204F15D01A86812F0C0
:109E60006EF894F85C10A86812F0FDF8A86811F07C
:109E700028FFB4F85010C0F1FE008142B8BF084678
:109E8000C7B2B94231D9F81EC7B246F0100A002253
:109E90005146A86812F076F82646A86811F00DFF22
:109EA000384400F10109B08F3F4982B206F12A001F
:109EB000FDF78EFF86F8380071794B460122304657
:109EC00000F098FF0290BDF808009DF80A100323E7
:109ED00040EA01400790042207A9A86812F02FF871
:109EE00000225146A86812F04DF8B8F1000F33D0A7
:109EF0006079012808BF002017D0022808BF012080
:109F000013D0042808BF03200FD0082800E007E082
:109F100008BF022009D040F2FE310620FBF73EF8D0
:109F200040F625612D20FBF739F894F9102094F8BC
:109F3000381001ABF7F7BAF920B140F68E712D2039
:109F4000FBF72CF89DF804008DF808000123062289
:109F500002A9A86811F0F3FF3A46E16CA86811F075
:109F6000BEFF124EFF20B78161790EF0EFFC082092
:109F70003070A8680EF0ECF90DE0204601F096F97B
:109F800009E00B49096831B18847002802BF012068
:109F90000AB0BDE8F08700200AB0BDE8F0870000F5
:109FA00044010020A0B80000D6BE898EC01D00204C
:109FB00054010020094A0300506801D001F076B92D
:109FC000002908BF7047D168054A096912786FF007
:109FD0000F0303EB82028958084700004401002068
:109FE000C01D00202DE9F0410446FF2584F87A5079
:109FF000B4F87E6094F87C70FEF7DEFD0DF02CF86E
:10A0000001004FF0000008D00D4908702146206A79
:10A01000BDE8F041022202F003B8227884F89F20C4
:10A02000A4F8A06084F89E70617B00291ABF94F8A0
:10A030003C1084F8A21084F8A20084F89C50E3E756
:10A04000C01D002070B5194D01210446A9702430AF
:10A0500012F05CFC28B12046BDE870400121FFF7FA
:10A06000D1BA6088C0F30011D9B9A978C9B1B4F8E0
:10A070004810002908BF10F0010F0CD110F0020F9A
:10A0800008BF10F0200F06D1686950B100F1380008
:10A0900015F006F828B12046BDE870400021FFF712
:10A0A00013BC2046BDE8704001F000B9C01D00207F
:10A0B00070B504464088102810D0114DA87B20B1FF
:10A0C0000DF04AF940200DF051FB0E4880680EF06B
:10A0D0003FF9A07810F0040F0BD105E02046BDE851
:10A0E00070400121FFF70CBB0021227908460EF0D9
:10A0F00089FB00200DF042FF0220287070BD000097
:10A10000C01D00204401002010B5084CB0F85020BC
:10A11000A189914205D00121FFF7D6FB08202070CC
:10A1200010BDBDE8104001F0C1B80000C01D002006
:10A1300070B504464088214DC0F34001002908BF96
:10A1400010F0010F2AD04FF00001627908460EF09E
:10A1500059FBA078C0F34000002814BF0C20222037
:10A1600061790EF0F3FB03202870A87B48B10DF055
:10A17000F3F8607910F00C0F0CBF402045200DF073
:10A18000F5FA607910F00C0018BF28200DF0F6FEEB
:10A190000B488068BDE870400EF0DAB8A889B4F8C2
:10A1A0004810884204D12046BDE8704001F07EB8D6
:10A1B0002046BDE870400121FFF786BBC01D00208E
:10A1C0004401002070B51F4C6568287B40B105F143
:10A1D0003B000EF09DFB002804BF7F2085F83B006C
:10A1E000194DA87B18B10DF0B3FA0DF075F8606841
:10A1F00012F0EDFBA8B160684188C1F30012002A9B
:10A2000004BFC1F3C00100290BD0297802291CBF6B
:10A21000297803290AD04FF43F614FF02D00FAF757
:10A22000BDFE6068BDE8704001F040B8E1682A7882
:10A23000C9686FF0070303EB82028958BDE87040DC
:10A240000847000044010020C01D0020F8B5044666
:10A2500040880026092818BFF8BD124DAE816E70E7
:10A260002046FEF7BDFF696808446860E06B012185
:10A27000401CE0638DF800606846FAF73DFF9DF8EA
:10A2800000006968002201EB8000686094F86A10A1
:10A29000204600F055FA2046BDE8F8400121FFF7BE
:10A2A000B1B90000C01D00202DE9F04FA94E0446B1
:10A2B00089B0307800287DD12078FF287AD0002519
:10A2C000B58175607570B57084F87550A24802AF9D
:10A2D000DFF888820FC887E80F00D8F80C004068C4
:10A2E000059002A80DF00CFE0DF06CFF0EF070FE54
:10A2F0000DF02EFA0CF0F0FF99480EF013FB994880
:10A300000EF01AFB0020FAF71FFC04F1240012F0F3
:10A3100028FB04F1240012F0B4FA0EF04BFB217973
:10A3200025200EF013FB94F910000DF0E5FF2179C4
:10A3300000200DF027FC0127B060002801BF377016
:10A34000002009B0BDE8F08F207F002801BFA07E6B
:10A350000028A07810F0040F67D00FF02AFB814688
:10A360004946A06DF8F7F4F8DFF8FCA1834690FBAE
:10A37000FAF00AFB10B041424846F8F7B7F8A0657A
:10A380009BFBFAF0616D08446065FDF77DF8616D37
:10A39000884266D8C4E915594FF0010AE07EFCF7FF
:10A3A00005FE8146A07E002818BFB9F1000F05D038
:10A3B000E07E00E00EE0FCF7EDFD78B194F8760069
:10A3C00000281CBF207F002821D094F85C000128C1
:10A3D00012D017E009B00C20BDE8F08F3A4684F89F
:10A3E0005C7004F15D01484610F0F3FFE17E04F17A
:10A3F0005D00FCF7E7FD0AE094F8620000F0C000A1
:10A40000402813D0514604F15D0010F0D1FFA07830
:10A4100010F0040F25D0E07EFCF752FE5FEA000941
:10A420001FD01021FDF756FC40B11AE0FCF782FD69
:10A430003A4604F15D0110F0CCFFE8E73A4684F8B3
:10A440006A7004F16B01484610F0C3FF04F16B0120
:10A45000D8F8080011F0F0FD0121D8F8080011F03B
:10A46000F2FD04F14401206C10F008FF074604F1EE
:10A470004C01206C10F005FF94F8781038438DF8EB
:10A4800004109DF80410002918BF0121084323D0AF
:10A49000A078C0F30010F8B9B4F839000221C0F375
:10A4A0000B07ADF800706846FAF726FE28B1BDF834
:10A4B0000000C0F30B00B84204D1BDF80000401CFE
:10A4C000ADF80000BDF80000B4F8391060F30B01DE
:10A4D000A4F8391084F87850FDF7DEF8D8F80800B1
:10A4E000C01CFCF713FDB073A07810F0010F2CD046
:10A4F00006A9012010F088FD20B140F6B9112D20E9
:10A50000FAF74CFDFF20307606A8256AFAF7D2FF4D
:10A51000D8B9089CAC4213D06A7A607A05F10A0374
:10A5200004F10A0110F035FF50B1A0783076D4F86C
:10A530000300C6F81900B4F80700A6F81D0004E0EF
:10A5400006A8FAF7B7FF0028E3D009B00020BDE85D
:10A55000F08F0000C01D0020BCB8000044010020A6
:10A56000D6BE898EA5B8000040420F0010B582B05B
:10A570000446FFF799FE00281CBF02B010BD2078EA
:10A58000032110F037FD014616484161007801288B
:10A5900024D094F8770058B16846FDF7F7FB38B13E
:10A5A000694604F12A00FDF7E5FC002084F87700F5
:10A5B000A08F0D4982B204F12A00FDF709FC84F84E
:10A5C0003800A0784FF00001C0F3001000282046AA
:10A5D00002D0FFF795F801E0FFF714F802B0002071
:10A5E00010BD0000C01D0020D6BE898E2DE9F843A5
:10A5F000514E524C756820780027002808BFBDE8EE
:10A60000F883207802281CBF2078032811D1287BEA
:10A6100048B1A84605F13B000EF07AF9002804BFC6
:10A620007F2088F83B00A07B18B10DF091F80CF06A
:10A6300053FEFAF76DFA3078002877D0284612F0EA
:10A64000C6F9002872D070684188C1F3C0024AB3CD
:10A65000092904D0BDE8F8430121FFF751B8A781CB
:10A6600005466770FEF7BCFD616808446060E86BF2
:10A670000121401CE8638DF800706846FAF73CFD44
:10A680009DF800006168002201EB8000606095F891
:10A690006A10284600F054F87068BDE8F8430121BC
:10A6A000FEF7B0BF62781AB1BDE8F84300F0FEBD16
:10A6B000C1F3001179B10446243012F027F928B112
:10A6C0002046BDE8F8430121FFF71AB82046BDE84F
:10A6D000F84300F0EBBD0546243012F017F928B11D
:10A6E0002846BDE8F8430121FEF78CBF6888C0F317
:10A6F0000011D9B9A178C9B1B5F84810002908BF2F
:10A7000010F0010F0CD110F0020F08BF10F0200F55
:10A7100006D1606950B100F1380014F0C1FC28B1D5
:10A720002846BDE8F8430021FFF7CEB82846BDE82B
:10A73000F84300F0BBBD000044010020C01D002014
:10A740002DE9F04F044640888BB091468A464FF081
:10A75000000B10F0030F0FD010F0010F00F00201FA
:10A7600005D0002908BF4FF0010B05D00FE00029EC
:10A7700018BF4FF0020B0AD00026DFF840840746CE
:10A7800010F0010F00F0020115D029B117E040F2DE
:10A790009B612D20FAF702FC17F0040F0FD046F052
:10A7A0000800B9F1000F0EBF40F0100540F00100A5
:10A7B00040F00205D0E011B117F0040F0FD0FF49AF
:10A7C00017F0070F496911D017F0010F07F00202C7
:10A7D0005FD0002A08BF17F0040F47D067E0B9F137
:10A7E000000F18BF46F009054AD15DE0B9F1000F2E
:10A7F0000BD046F0080569B301F1380014F050FCA5
:10A80000002818BF012025D025E0B4F84820002AF0
:10A8100008BF10F0010F0BD110F0020F08BF17F0A6
:10A82000200F05D151B101F1380014F039FC28B1E5
:10A8300046F0180517F0200F03D08DE046F0010513
:10A840008AE0207910F00C0018BF0120C04360F3AB
:10A85000000581E0002060F3451517F0200F7BD143
:10A86000207910F00C0075D0012073E046F008004C
:10A87000B9F1000F05D02179022907D040F0010578
:10A880006AE0217940F010000229F7D020F001059C
:10A8900062E0002A18BF17F0040F08D0B9F1000FCA
:10A8A00018BF46F00B0557D146F0180554E017F0D5
:10A8B000030F58D117F0040F55D0B9F1000F0BD08A
:10A8C00046F00805A9B301F1380014F0E9FB0028AF
:10A8D00018BF01202ED02EE0B4F84820002A08BF6F
:10A8E00010F0010F0BD110F0020F08BF17F0200F6E
:10A8F00005D191B101F1380014F0D2FB68B146F0F6
:10A90000180517F0200F0BD0207910F00C0018BF9D
:10A910000120C04360F341051EE046F003051BE043
:10A92000207910F00C0018BF0120C04360F300052F
:10A93000EAE7FFE7002060F34515207910F00C01ED
:10A9400018BF012161F3410517F0200F04D110F069
:10A950000C0089D160F3000517F0400F2AD0B9F13F
:10A96000000F05D024E040F23E712D20FAF716FBCF
:10A97000B4F84800002804BF608810F0010F13D11C
:10A9800010F0020F08BF10F0200F0DD1D8F81400FE
:10A9900020B100F1380014F083FB28B917F0010F43
:10A9A00008BF17F0020F03D0207910F00C0F01D16F
:10A9B00045F04005824FB8680680017821F02001FB
:10A9C00001704FF0070111F015FB5946B86811F0FE
:10A9D0009DFA00222946B86811F0D4FA15F0010F4B
:10A9E0000DD04FF006034FF0000204F15D01B8688E
:10A9F00011F0A5FA94F85C10B86811F034FB15F06A
:10AA0000020F19D0B868BAF1000F4FF006034FF0EB
:10AA1000010208D004F16B0111F091FA0121B8682C
:10AA200011F011FB08E004F1640111F088FA94F8C8
:10AA30006310B86811F007FB15F0040F04D040F65E
:10AA40005C012D20FAF7AAFA15F0080F17D000962E
:10AA5000B4F83900BDF80010022360F30B01ADF823
:10AA6000001094F83A00032201099DF8010061F3F7
:10AA700007108DF801006946B86811F060FA15F00A
:10AA8000200F75D0D8F81410D4F8FC00CE6CD8F88C
:10AA90001010F7F72BFD3146F7F75AFDD4F8F410F4
:10AAA000D8F81020891A814268DA9DF80910B0F5AB
:10AAB000161F21F040018DF809105FDAB0F5703FE4
:10AAC000ACBF41F0200121F020018DF80910C9B27E
:10AAD000C1F34011002908BF1E2104D0002918BF6E
:10AAE0004FF4967145D0B0FBF1F0BDF8081040F27C
:10AAF000E24260F30C01ADF80810D8F81400016CC4
:10AB0000B1FBF2F1ADF80A10017DD0F81120437DC0
:10AB100061F31F62DDF80900DDF80D1062F31F60BC
:10AB200063F31C61120A62F31701CDF80900CDF836
:10AB30000D100CF06FFB01469DF8100061F34710FB
:10AB40008DF810009DF8090020F080008DF80900B4
:10AB5000D8F814000168CDF81110D0F80710059A44
:10AB600061F31F220592B0F86800401CADF8180090
:10AB70000BE040F2ED210620FAF710FA25F020054F
:10AB800000222946B86811F0FDF9B9F1010F58D13A
:10AB9000B4F84800E8B3A078C0F34000C8BBB86878
:10ABA00011F08BF8401C00F0FF0AB4F84810B8F818
:10ABB0000C000E1ACAF1FF00864203E0C01D0020FF
:10ABC00044010020A8BF0646B14230D9A07810F059
:10ABD000010F2CD145F0100500222946B86811F06C
:10ABE000D1F90AF10300C0B2F61E30441FFA80FA10
:10ABF000A08F3B4982B204F12A00FDF7E9F884F8FE
:10AC00003800617953460122204600F0F3F80190A4
:10AC100000E016E0BDF804009DF80610032340EAAA
:10AC200001400990042209A9B86811F088F9B2B26C
:10AC3000616CB86811F053F9B8F80C003044A8F80A
:10AC40000C0015F0200F05D01223052202A9B868C8
:10AC500011F075F915F0400F37D0B9F1000F1CBF96
:10AC6000657994F8381014D0012D08BF002017D052
:10AC7000022D08BF012013D0042D08BF03200FD0E0
:10AC8000082D08BF02200BD040F2FE310620FAF753
:10AC900085F9257904F1240011F0C2FD0146E3E7AE
:10ACA00094F910206B46F6F701FB20B140F6AB019A
:10ACB0002D20FAF773F99DF800008DF804000123A8
:10ACC000062201A9B86811F03AF90020002804BF53
:10ACD0000BB0BDE8F08F40F6BC012D20FAF75EF90D
:10ACE000D6BE898E2DE9F04790460D4604460329CD
:10ACF0001BBF94F8740000284FF000094FF00109C1
:10AD00000CF05AFD0646032D08D00127052D02BF81
:10AD1000A07810F00100BDE8F08707E0A0780227D6
:10AD2000C0F34000002808BFBDE8F087B9F1000F6C
:10AD300059D12E48807B40B110F0B7FB88F8000055
:10AD4000FF2802D0FCF73CFA0643294D94F8632013
:10AD500004F16403A96811F8030BC0F3801010F02C
:10AD600018FB98F80010FF2904D0B8B9E07E88429B
:10AD700016D113E0A0B1A96811F8030BC0F380103D
:10AD8000FCF730FA8046FCF7D3FB38B14046FCF7BD
:10AD900097F918B11021FCF79DFF08B1012000E0E0
:10ADA0000020A17811F0040F01D0E0B118E0BEB985
:10ADB000607C002818BFB84215D1A96811F8030BB0
:10ADC000C0F38010FCF70EFA0446FCF7B1FB38B173
:10ADD0002046FCF775F918B11021FCF77BFF10B184
:10ADE0000120BDE8F0870020BDE8F087C01D0020ED
:10ADF0004401002008B54FF0000CCDF800C0082930
:10AE000004BF4FF4C8714FF0400C10D0042904BFA8
:10AE10004FF4BF714FF0100C09D0022907BF0CF19D
:10AE200018014FF0040C0CF128014FF0080C5B1DC9
:10AE300003FB0C1390F838C09DF800106CF305016B
:10AE400041F040018DF80010407901280BD0022814
:10AE500010D0042818BF082812D040F2A4714FF077
:10AE60002D00FAF79BF89DF8020020F0E0008DF825
:10AE700002000CE09DF8020020F0E000203004E029
:10AE80009DF8020020F0E00040308DF80200CA205A
:10AE900000EBC21003FB02000E4A904204D34FF4B1
:10AEA000F7612D20FAF77AF821F080018DF8001073
:10AEB0000949A1FB0010BDF80110000960F30C0165
:10AEC000ADF80110BDF800009DF8021040EA014005
:10AED00008BD0000C4BF0300898888882DE9F84FA9
:10AEE00044F25525DDF828C00CF00104CCF3400AEB
:10AEF000A0F1EB0C009454EA0A0B1FFA8CFC0CF145
:10AF0000F60404FB05F44FEA94590CFB05F44FEAF0
:10AF10009457FCB26FF0F60514FB05F404EB0C0635
:10AF20001FFA86FC0CF105084FF0000C4FF4C874B2
:10AF30004FF4BF7500F0488101F5A571BAF1000F1B
:10AF40001BD0082A04BFA3464FF0400A0FD0042AA2
:10AF500004BFAB464FF0100A09D0022A07BF0CF11C
:10AF6000180B4FF0040A0CF1280B4FF0080A0AEBFB
:10AF70008A0E0EEB8A1ADA441AE0DBB1082A04BF03
:10AF8000A3464FF0400A0FD0042A04BFAB464FF04F
:10AF9000100A09D0022A07BF0CF1180B4FF0040A5F
:10AFA0000CF1280B4FF0080A0AEB8A1A0BEB8A0AFD
:10AFB000514421E0FF2834BF82464FF0FF0A0AF1D6
:10AFC000050B082A04BF4FF0400A0BFB0A1127D0DB
:10AFD000042A1FD0022A0CBF4FF0040A4FF0080ABF
:10AFE0000BFB0A1107BFE2464FF0180B4FF0000AA7
:10AFF0004FF0280BDA4451449C3102F00C0ABAF1AC
:10B00000000F18BF4FF0280A514418BF01F54161E5
:10B0100026D108E04FF0100A0BFB0A114FF02E0A60
:10B020004FF4A87BE6E7082A04BFA3464FF0400A86
:10B030000FD0042A04BFAB464FF0100A09D0022AF1
:10B0400007BF0CF1180B4FF0040A0CF1280B4FF05E
:10B05000080ACAEBCA0A0AEB4A0A0BEB4A0A51442D
:10B0600001F1980A0099C1B1082A08BF40200CD00C
:10B07000042A04BF2C46102007D0022A07BF0CF177
:10B08000180404200CF12804082000EB400101EB17
:10B090000010204400EB0A0191E0BBB1082A04BF74
:10B0A000A34640210CD0042A04BFAB46102107D090
:10B0B000022A07BF0CF1180B04210CF1280B082100
:10B0C00001EB81110BEB810151441CE0FF2834BFDF
:10B0D0000146FF2101F1050B082A04BF40210BFBAB
:10B0E00001AA1ED0042A18D0022A0CBF042108216C
:10B0F0000BFB01AA07BF61464FF0180B00214FF070
:10B10000280B59445144EB2859D913B3082A0ED0BF
:10B11000042A09D0022A0CD00FE010210BFB01AA4F
:10B120002E214FF4A87BECE72C46102008E04020AD
:10B1300006E00CF11804042002E00CF128040820B9
:10B1400000EB801004EB800000F5A57009FB0011F6
:10B1500035E0FBB2082A04BF204640270CD0042A61
:10B1600004BF2846102707D0022A07BF0CF1180099
:10B1700004270CF12800082707EB871700EB87004E
:10B1800000F5A57003FB00113004000C17D0082A4D
:10B1900007D0042A02D0022A05D008E02C4610204D
:10B1A00008E0402006E00CF11804042002E00CF155
:10B1B0002804082008FB0010204400F5A57101F5C3
:10B1C0008470BDE8F88F00BF01F5A57ABBB1082AED
:10B1D00004BFA34640210CD0042A04BFAB46102173
:10B1E00007D0022A07BF0CF1180B04210CF1280B21
:10B1F000082101EB81110BEB810151441CE0FF2878
:10B2000034BF0146FF2101F1050B082A04BF40218C
:10B210000BFB01AA21D0042A1BD0022A0CBF042157
:10B2200008210BFB01AA07BF61464FF0180B002154
:10B230004FF0280B59445144EB28C0D983B1082A58
:10B240003FF475AF042A3FF46FAF022A7FF475AF65
:10B250006FE710210BFB01AA2E214FF4A87BE9E731
:10B26000FBB2082A04BF274640200CD0042A04BFA2
:10B270002F46102007D0022A07BF0CF11807042020
:10B280000CF12807082000EB801007EB800000F588
:10B29000A57003FB00113004000C90D0082A80D068
:10B2A000042A3FF47BAF022A81D17CE72DE9F041EB
:10B2B0000446C06B344E401CE063B07B002520B1D7
:10B2C0000CF046FA0CF008F8B573357094F8750078
:10B2D00028B12046BDE8F041012100F06FBB607B42
:10B2E00000284BD0E16B884248D80121204600F06D
:10B2F00065FBA0784FF0FF0610F0010F1FD0206A09
:10B300004327B0F80080FDF757FC0BF0A5FE00289E
:10B3100018BFBDE8F081207884F89F00A4F8A080D1
:10B3200084F89E70607B00281ABF94F83C0084F873
:10B33000A20084F8A25084F89C60BDE8F0814FF62A
:10B34000FF784327FDF738FC0BF086FE002818BF76
:10B35000BDE8F081207884F89F00A4F8A08084F8EC
:10B360009E70607B00281ABF94F83C0084F8A2000D
:10B3700084F8A25084F89C60BDE8F0812046BDE8C6
:10B38000F041002100F01ABBC01D0020F8B50A7979
:10B3900012F0180F5CD105460C0028D02068002858
:10B3A0002AD011F02DFA237B627B042B08BF0823DF
:10B3B000042A08BF082229494FF47A7C082B31F867
:10B3C000131001F2E731B1FBFCF708BF4FF0400C5E
:10B3D00017D0042B08BF4FF0100C12D0022B07BF60
:10B3E0004FF0040C12214FF0080C19210AE040F232
:10B3F00005412D20F9F7D2FD40F206412D20F9F745
:10B40000CDFD14211CFB01F10026082B08BF4FF0D5
:10B41000400C1FD0042B08BF4FF02E0C1AD0B4469E
:10B42000022B0CBF182328236344194411FB00711D
:10B430006FF07F0303EBC0100144A088009000234D
:10B440002846FFF74BFDA16881423CBF3046F8BD5E
:10B450000120F8BD4FF4A873E6E70000A8B800008B
:10B46000F8B5044690F87A0016460D468DF80000AF
:10B470009DF8000020B140F624412D20F9F78EFD03
:10B4800084F87C302888A4F87E00002B18BFF8BD13
:10B49000286910F05EF8A4F89400288BA4F89600B0
:10B4A000688BA4F8980095F88D0184F89A00A07E26
:10B4B000002148B194F85C00012805D194F862009D
:10B4C00000F0C00040282ED094F8760040B194F8E7
:10B4D0005C00012804BF94F8620010F0C00F22D075
:10B4E000C4F88810A4F88C101E48FF2E80680178DC
:10B4F000C1F3801184F88110D0F8031021D0C4F872
:10B500008E10B0F80700A4F8920004F18202511ED8
:10B510003046FBF73BFE78B194F8810040F0020022
:10B5200084F8810017E0D4F85D00C4F88800B4F80E
:10B530006100A4F88C00D7E740F645412D20F9F7CB
:10B540002DFDC4F88210B0F80700A4F8860004F1BD
:10B550008E0013F0D8FD2888FAF7CAF9BDE8F84044
:10B560000FF00EBC440100202DE9F04F83B0564E81
:10B570004FF0FF0A05468DF800A0B0684FF0010BB0
:10B580006A460178C1F38018D0F803100191B0F831
:10B590000700ADF8080005212846FFF7A3FB0028A7
:10B5A0007DD0B0682C6A6F79D0F80F106161B0F867
:10B5B0001310A183417DA177B0F819000FF0BDFFF2
:10B5C00081462061B0684946807D10F0E2F9208410
:10B5D000B0684946B0F8170010F0D2F96062B06860
:10B5E000B0F81B102183B0F81D10618300F11F011A
:10B5F00004F1960013F082FDB06890F8241001F079
:10B600001F0184F8A11090F82400400984F88D01EE
:10B6100084F86E7004F1660084F86F7080F80AA0F8
:10B6200017F00C0F0CBF0021012104F1300010F0C5
:10B6300003FE287C84F8720000239DF80020284631
:10B64000296AFFF70DFF01222946286A00F0E8FC6D
:10B650001E48002101AC0768B0680180082110F085
:10B66000C9FC0021B06810F051FC00223946B068D6
:10B6700010F088FC0623002205F15D01B06810F08F
:10B680005EFC95F85C10B06810F0EDFC4146B068C7
:10B6900010F0D9FC062301222146B06800E00CE03E
:10B6A00010F04DFC6979FF200DF050F9B0680CF0F6
:10B6B0004FFE07490920087002E02846FFF7F6FD13
:10B6C00003B05846BDE8F08F44010020A0B8000048
:10B6D000C01D00202DE9F84FFF2704464FF0010957
:10B6E0008DF800706A460521FFF7FCFA70B1514EE3
:10B6F000DFF83C81B16898F8182008F1190311F8B7
:10B70000030BC0F380100FF044FE20B14FF000098E
:10B710004846BDE8F88FB068216A4FF0010A037807
:10B7200091F89520C3F340131A4081F89520256ABB
:10B73000D0F80F106961B0F81310A983417DA97783
:10B74000B0F819000FF0F9FE83462861B068594639
:10B75000807D10F01EF92884B0685946B0F81700B3
:10B7600010F00EF96862B068B0F81B102983B0F8C9
:10B770001D10698300F11F0105F1960013F0BEFC56
:10B78000B06890F8241001F01F0185F8A11090F81E
:10B790002400400985F88D0185F86EA005F166004A
:10B7A00085F86FA087724FF0000A5146363810F0C6
:10B7B00043FD207C85F8720000239DF80020204680
:10B7C000216AFFF74DFE84F87A70206A0025B0F8F0
:10B7D00000B0FDF7F1F90BF03FFCB0B188F800A024
:10B7E00000222146206A00F01BFCB068216AD0F8D4
:10B7F0000320C1F80320B0F80720A1F80720007843
:10B80000216AC0F38010887082E7217884F89F1045
:10B81000A4F8A0B084F89E50607B00281ABF94F86A
:10B820003C0084F8A20084F8A2A084F89C70D5E7BC
:10B83000C01D002044010020F8B5174F002678688D
:10B840004188092904D0BDE8F8400121FDF758BF1F
:10B85000124C0546A6816670FDF7C2FC616808447B
:10B860006060E86B0121401CE8638DF80060684669
:10B87000F9F742FC9DF800006168002201EB8000AE
:10B88000606095F86A102846FEF75AFF7868BDE8B0
:10B89000F8400121FDF7B6BE44010020C01D002084
:10B8A000030000000155555500002CA6E0A1000042
:10B8B00020A800000000000020A80000C5A1000092
:10B8C0003D9B0000B59F0000000000006D9C000043
:10B8D000799D0000B1A00000C7C7010045A000008D
:10B8E00031A1000009A10000E59F0000CDC70100C3
:10B8F0004DA200006DA50000EDA5000039B80000C4
:10B90000ECB80000D4B80000CCB8000010B5421E5E
:10B91000022A03D9CA212F20F9F740FB401E102923
:10B9200002BF0A4931F8100010BD122914BF1329B3
:10B93000074907D0152908BF064903D0D8212F2071
:10B94000F9F72CFB31F8100010BD0000C2C901004E
:10B95000BCC90100C8C90100421E10B5D2B2012AFB
:10B9600005D91D291ED0EE212F20F9F717FB132929
:10B9700014D008DC102902BF0D4830F8120010BDA9
:10B9800012290BD005E0152908BF0A4807D01D2948
:10B9900008D04FF481712F20F9F700FB064830F8EA
:10B9A000120010BD40F25A3110FB01F010BD000032
:10B9B000B0C90100B8C90100B4C901002DE9F843BC
:10B9C000002731B101297BD040F292713020F9F784
:10B9D000E5FA044690F8D900002640B13C48FDF74E
:10B9E00003FB42F21071B0FBF1F201FB120620469C
:10B9F00010F0F7FD8119D4F8FC00F6F777FDC4F8D4
:10BA0000FC0084F8F0704FF0010884F8FB800220FD
:10BA100084F8FA00204610F050FE002808BF6B257D
:10BA20001AD0204610F03BFE30B9204610F049FEF7
:10BA3000002808BF422500D049256846F9F728F9B3
:10BA40009DF8000010B90EF02AFA00B1ED1DF9F7CB
:10BA500073F8002818BF1835A4F8F85094F80801B6
:10BA600008BBD4F80401B8B1204610F0BAFD85191E
:10BA70002046FDF7B5FB00F229104119D4F8040166
:10BA8000884224BF411BC4F8041105D22046C4F8E3
:10BA9000048110F041FE06E094F8D80004F1F001B2
:10BAA000F6F7A6FE38B1A4F800710CF037FBBDE83C
:10BAB000F843F7F757BC40F2EF613020F9F76EFA20
:10BAC00080F8E0700CF02AFBBDE8F843F7F74ABCB9
:10BAD000740100202DE9F843044690F8EC00164666
:10BAE0000D4600283BD121466648F7F713FC202875
:10BAF00035D00027C4F8D870C4F8E070C4F8E470FA
:10BB0000C4F8E870C4F8EC70C4F8F070C4F8F470CD
:10BB1000C4F8F870C4F8FC70C4F80071C4F804717B
:10BB2000C4F8087184F8D8004FF00108C4F8DC505C
:10BB300084F8EC803DB15448FDF756FA00F0070058
:10BB4000401C85F83C01204610F0B7FD002808BFD6
:10BB50006B251ED0204610F0A2FD18B109E00C2084
:10BB6000BDE8F883204610F0ACFD002808BF422550
:10BB700000D049256846F9F78BF89DF8000010B908
:10BB80000EF08DF900B1ED1DF8F7D6FF002818BFB3
:10BB90001835A4F8F850022084F8FA0084F8FB80E5
:10BBA00084F8F070F6F71AFE0146B4F8F800814206
:10BBB00088BF084600F2BF6085B2204610F079FDCC
:10BBC00068B313F04EFA00F5CD6081B230460DF047
:10BBD00024FF3044C4F8F4000DF0EBFE2946F6F7DC
:10BBE00085FCC4F8FC0084F8D97084F8E080204615
:10BBF00010F059FD40B12046FDF7F2FA00F229108D
:10BC0000301AA0F57F7005E0012010F0CAFE00F2A6
:10BC10002910301AC4F80471C4F8E4001CE020466E
:10BC2000FDF7DEFA00F22910C4F8F40084F8D98098
:10BC30000DF0BFFE80461448FDF7D6F942F21071B0
:10BC4000B0FBF1F201FB120041194046F6F74EFC41
:10BC5000C4F80461C4F8FC0094F8D80004F1F001C1
:10BC6000F6F7C6FD40B1A4F800710021204610F09F
:10BC700050FD0020BDE8F8834FF4F5713020F9F74E
:10BC80008DF900002DCB01007C010020084810B583
:10BC900000210170012282704170183010F00FFBFA
:10BCA000044810F00CFBBDE8104000F005B800009F
:10BCB0005C0100207C0100202DE9F04186B069463E
:10BCC00002200FF0A1F920B14FF4A1713020F9F753
:10BCD00065F96846F9F7EEFB0126002510BB029CCA
:10BCE00094F8EC00C8B184F808610121204610F0F6
:10BCF00010FD94F8EC0080B194F8D800F7F7AAF89A
:10BD000094F8D800F7F7F8F994F8D800F7F7D2F9D3
:10BD1000002818BF84F8EC5010D06846F9F7CAFB29
:10BD20000028DCD02C4F7E7003A901200FF06CF9A5
:10BD3000002808BF4FF6FF762DD027E040F20721FC
:10BD40003020F9F72BF9059800281CBF90F84C110A
:10BD5000002920D00088B04218BF4FF0200835D00D
:10BD600001210FF047F904001BD094F88001F7F788
:10BD7000C3F984F84C5194F88001F7F79BF984F8E3
:10BD8000808103A901200FF03FF9D0B14FF48771F2
:10BD90003020F9F703F903A8F9F78CFB0028D2D07B
:10BDA00014E04FF497713020F9F7F8F8059800285F
:10BDB0001CBF90F84C11002903D00088B042CFD1AD
:10BDC00004E003A8F9F776FB0028EFD07D7006B0F9
:10BDD0000020BDE8F08100005C01002001490870EE
:10BDE000704700005C01002005494FF47A72B1FBF6
:10BDF000F2F110B501F2D71110F042FA80B210BD85
:10BE00007D5201002DE9F041144C0746D4E9015858
:10BE10000CF040F90646207828B1324641462846C3
:10BE20000FF0A8FB05466068854205D0E168281A36
:10BE30000844E060F7F776FB6560AE420AD83869DF
:10BE400041F64C5181429CBF6078002804BF01201C
:10BE5000BDE8F0814FF00000BDE8F0815C010020FA
:10BE60002DE9F84F044604206B4E00254FF47A77F5
:10BE7000062980F0CB80DFE801F0062503232AB0F5
:10BE800084F84C0110E071780029F9D10095B4F8DC
:10BE9000141101230022204600F094F920B140F251
:10BEA000CD613020F9F77AF80CF038F9F7F75AFA43
:10BEB000A4F87E51B4F88400A4F85E0184F86151BE
:10BEC000BDE8F88F032084F84C01BDE8F88F0CF032
:10BED000F5F8C4F8880194F86F000CF013FAD4F860
:10BEE0008811081A716801447160B1680844B06033
:10BEF00094F86201002808BFBDE8F88F94F84C015F
:10BF0000032818BFBDE8F88F94F86F6013F0A9F804
:10BF1000014694F88D010C2804D340F22731062005
:10BF2000F9F73CF83D4A32F81000014400F5C860CA
:10BF30001FFA80FA1FFA81F830460CF0E3F9D4F8C2
:10BF4000881116F00C0FA1EB00090ABF30464EF61F
:10BF500060200CF045FA00F2E730B0FBF7F0A9EBF7
:10BF6000000930460CF0CEF9D4F8201116F00C0F71
:10BF7000A1EB000B0ABF30464EF660200CF030FA01
:10BF80004AF2A1310844B0FBF7F0ABEB0000A0F19E
:10BF9000600101FB08F1B1FBFAF1292202EB50002C
:10BFA0006031A0EB510200EB51004A4501D84845F1
:10BFB00001D2F8F745FB414620690DF02EFD2169BD
:10BFC00041F64C52914234BF022100210844C4F88A
:10BFD000540184F86251BDE8F88F254694F86F400B
:10BFE00020460CF0FDF94DF641710844B0FBF7F026
:10BFF00014F00C0118BF2821084400F1BC022846A7
:10C00000BDE8F84F40F21B1110F0F9B84FF4EB61A6
:10C010003020F8F7C3FF00005C01002008CD0100CC
:10C020002DE9F84300260C468046012742B1012A3B
:10C0300061D0022A65D040F282713020F8F7AEFF5D
:10C040000CF028F8054684F8E060D4F8DC00D4F859
:10C05000FC9080F81F6184F8EC6084F8ED70012199
:10C06000D4F8DC00FBF706FDD4F8DC00C0F87491CE
:10C07000D4F8DC1094F8D80081F88001D4F8DC0002
:10C08000C0F88451D4F8DC00C0F87891D4F8DC50C2
:10C0900085F84C610023A5F87C611A4619462846AC
:10C0A000009600F08FF800285FD1C5F84861C5F808
:10C0B000406185F84C71A5F85E61A5F85C6185F872
:10C0C0006161B5F88400401EA5F88400A5F87E6182
:10C0D0000CF024F8F7F746F994F8D80042463849AE
:10C0E000F6F7D8FF002818BFBDE8F88340F26B715F
:10C0F0003020F8F753FF0BF0CDFFC8F88401BDE8FE
:10C10000F883D8F8849184F8E060D4F8DC1001203A
:10C11000D4F8FC5081F81F0184F8EC6084F8ED70CD
:10C120000121D4F8DC00FBF7A5FCD4F8DC00C0F852
:10C130007451D4F8DC1094F8D80081F88001D4F858
:10C14000DC00C0F88491D4F8DC00C0F87851D4F851
:10C15000DC5085F84C610023A5F87C611A4619462D
:10C160002846009600F02EF820B140F21B21302026
:10C17000F8F714FFC5F84861C5F8406185F84C71BF
:10C18000A5F85E61A5F85C6185F86161B5F8840089
:10C19000401EA5F88400A5F87E610BF0BFFFF7F7FD
:10C1A000E1F894F8D80042460549F6F773FF0028F5
:10C1B00018BFBDE8F88340F27C713020F8F7EEFE3E
:10C1C0006DC800002DE9FF4F8FB00446002000909D
:10C1D00094F86F009B4689460B93079012F041FF3D
:10C1E000014694F88D010C2873D2FC4A32F81000F5
:10C1F000084485B294F88E000D280CBF0120002061
:10C200000A901198002804BF94F84C01032828D103
:10C210000A9830B3B4F8AC01484522D1D4F854019F
:10C22000C4F840012069C4F84401B4F87E01B4F8B0
:10C2300026110844C4F84801204610F071FDD4F8D6
:10C24000B0016062B4F8AE012084D4F8B40120617A
:10C25000B4F8B8012083B4F8BA016083022084F8EE
:10C260004C01B4F8840004F5B276A9EB00000FFA93
:10C2700080F8B4F87C01A9EB000007B2002F09DABE
:10C28000D4F87401C4F8780101200B9000204746CF
:10C2900084F86301D2484FF0000A807800287DD0EE
:10C2A000F8F7ECF9002879D0B4F8380102287DD3EA
:10C2B00094F84C01022879D094F86201002875D1D5
:10C2C000206941F64C51884270D394F88D110C29A5
:10C2D00004D340F227310620F8F760FEBF4A32F857
:10C2E000111094F84C2101F5C86189B20D46012A5C
:10C2F00017D00DF092FB226941F64C518A422CBFB7
:10C30000002102210844B4F8262181B202EB080082
:10C31000C21BD4F85401C4F85411081A02FB00AA35
:10C3200041E094F89100032854D094F86F1094F8E9
:10C330001F010FF0FDF9616A084404902946D4F802
:10C3400044010DF06AFBD4F84021D4F84811821A58
:10C3500001FB02AAC4F84001294604980DF05DFBD8
:10C36000D4F85011C4F85001411A8A442946206972
:10C370000DF053FB226941F64C518A4234BF022131
:10C3800000210144B4F82621D4F848014244D21BCC
:10C39000101A421ED4F85401081A00E006E002FB0D
:10C3A00000AAC4F85411012084F86201CDF810A04D
:10C3B00094F84C014AF2A13A90B1012800F01281A0
:10C3C00002287DD0032800F03E8140F251513020F8
:10C3D000F8F7E4FD616AD4F8440108440490ADE73D
:10C3E00094F86F1094F81F010FF0A2F90746606AE5
:10C3F000294638440DF011FBC4F850012946206944
:10C400000DF00BFB0146226941F64C50824234BFCD
:10C41000022000200844C4F8540105A902A80BF02A
:10C4200067FDD4F87801059A0299F7F74FF9019062
:10C4300094F86F5028460BF0D3FF01464DF641703B
:10C4400008444FF47A78B0FBF8F015F00C0118BFEF
:10C450002821084400F1BC0240F21B1120460FF0D5
:10C46000CEFED4F88401009094F86F000BF0B8FF72
:10C470005044B0FBF8F0616A009A3944081AD4F8C5
:10C480005011401A1044019A2038801A0090480038
:10C49000218C603094F86F50471815F00C0F0ABFCC
:10C4A00028464EF660200BF09BFF5044B0FBF8F896
:10C4B00028460BF027FF4044384400F1220100E0F9
:10C4C0000EE047480161D4F884010099081AB0F5DC
:10C4D000EA7F00F2338140F2EA413020F8F75EFD56
:10C4E000616AD4F84401084429460DF096FAC4F86C
:10C4F0005001294620690DF090FA0146226941F663
:10C500004C50824234BF022000200844C4F8540139
:10C5100094F86F5028460BF063FF4DF641710144CB
:10C520004FF47A78B1FBF8F015F00C0118BF282110
:10C53000084400F1BC0240F21B1120460FF05FFEE0
:10C54000B4F82601E0B9BBF1000F19D094F86F5090
:10C5500028460BF045FF00EB0A01B1FBF8F0D4F8D8
:10C560005011626A0844D4F8441111440F1A284645
:10C570000BF0C8FED4F88811081A3844203806E0B9
:10C58000616AD4F844010844D4F85011401A00906C
:10C59000D4F84821D4F84011D4F8500194F86F50E1
:10C5A00001FB02004000218C6030471815F00C0F91
:10C5B0000ABF28464EF660200BF012FF00EB0A017E
:10C5C000B1FBF8F828460BF09DFE0549404438447D
:10C5D0000861012084F84C01B0E0000008CD0100A2
:10C5E0005C010020D4F854212069801A784300901F
:10C5F000B4F82601D4F848314044C01A411ED4F89A
:10C6000040C1D4F8500194F86F500CFB030001FBBB
:10C6100002004000218C6030471815F00C0F0ABF53
:10C6200028464EF660200BF0DBFE00EB0A014FF4CB
:10C630007A70B1FBF0F828460BF064FE884940445C
:10C64000384408617AE0206978430090BBF1000F1C
:10C6500007D0B4F82611002904BF002184F8631123
:10C6600003D094F86311002968D1D4F8541107FB62
:10C670001100009094F88D0024281CBF94F88E00BF
:10C6800024280BD1B4F8AC01A9EB000000B20028BB
:10C6900004DB94F8AF01002818BF07900B9808B38B
:10C6A000B4F82601F0B9D4F8880100287DD094F8B8
:10C6B0006F0010F00C0F14BF4EF660200BF090FED0
:10C6C00000EB0A014FF47A70B1FBF0F10098451AC3
:10C6D00094F86F000BF016FED4F88811081A28445D
:10C6E00020380090B4F82601D4F85411404448434F
:10C6F0004000079D00F1600715F00C0F0ABF2846A7
:10C700004EF660200BF06CFE00EB0A014FF47A70DD
:10C71000B1FBF0F828460BF0F5FD08EB0001C81955
:10C720004F490861206941F64C51884206D26B4658
:10C730004C4A39460FF013F984F8630100990498C4
:10C74000474A081A0090D4F8543120691169C01A78
:10C75000A0F289105061814298BF08460025C4F8B4
:10C760002001357064203081D4F878010099F5F704
:10C77000BDFEF06004F130000FF03FFDD4F8201151
:10C7800008447060F068C4F87801A4F87C9100F067
:10C79000B7F910B170681E307060B572B4F810014E
:10C7A000A0EB090000B2002800E036E0C4BF022080
:10C7B000B0720A9880B3BBF1000F1ED0B4F83811E4
:10C7C00000290CBF0020B4F83A01A4F83A0194F80B
:10C7D0003C21401C504388420FD2B07A68B1B572F8
:10C7E000B4F83A01401CA4F83A011F48FCF7FCFBDE
:10C7F00000F00700401C84F83C0194F880013146A9
:10C80000F5F7F6FF38B3119880F0010084F8600165
:10C8100013B00020BDE8F08F04E040F23C5130201E
:10C82000F8F7BCFBBBF1000FC8D194F84C0100280D
:10C83000E3D0D4F854112069411A30460FF02EF895
:10C840000004000CD9D01C99002918BF08800120D1
:10C8500013B0BDE8F08F40F29B513020F8F79EFBFB
:10C860005C0100206C010020740100202DE9F041E2
:10C8700082B004000BD020270026092980F03A81DD
:10C88000DFE801F009656F6F6AFCFBFAF900962199
:10C890003020F8F783FBC4F8886194F860112046D3
:10C8A00091B1B0F85E21B0F884108A4207D1B0F897
:10C8B0001421511AA0F81611A0F884200FE0511A83
:10C8C000A0F8161191B208E0B0F85C11B0F884201D
:10C8D000891AA0F81611B0F85C11A0F88410D0F8ED
:10C8E0007011C0F8741100F0E5FAF5F777FF014612
:10C8F000642898BF642194F86F0000F00C000028B1
:10C9000018BF28200844D4F8541100F2831001EB1A
:10C910000006204614BF2821002101F2E712016B16
:10C920000FF0F2FB05463246204621690FF0ECFB82
:10C9300072498542886038BF28464860D4F868014B
:10C94000AC38C86002B0BDE8F041F6F7EBBD02B00C
:10C95000BDE8F04100F0E4BB02B0BDE8F0410CF0EE
:10C960002FB80DF026F8D4F8742101461046F5F7DB
:10C97000EFFD2169002914BFB0FBF1F0304694F8B7
:10C980008E100D2915D0B4F88420B4F85E11131858
:10C99000CB1A1BB2002BAEBF481C401C1044A4F89D
:10C9A0005E0194F861018DF800009DF8000078B9EF
:10C9B00005E0B4F85E01401CA4F85E0108E0B4F89C
:10C9C0005E01B4F81411884204BF401CA4F85E0153
:10C9D000B4F87E010DF10408401CA4F87E01B4F8FF
:10C9E000B800B4F8B610401AB4F88410401E0844D9
:10C9F00085B249E000231A462046CDF80080FFF7B3
:10CA0000E1FB30B1012823D040F252613020F8F729
:10CA1000C5FA606F002804BF02B0BDE8F081B4F829
:10CA20005E01B4F8B220801A01B20029DCBF02B066
:10CA3000BDE8F081B4F878000144491E91FBF0F1A3
:10CA400089B201FB0020A4F8B20002B0BDE8F08179
:10CA5000B4F85E01B4F81011421A12B2002A09DAD1
:10CA6000BDF804200244AA1A12B2002AB8BFA4F8E2
:10CA70005E1109DB03E039E023E01AE03AE0BDF89B
:10CA800004100844A4F85E01B4F85E11681A00B2FC
:10CA90000028AFDA94F8910000280CBF3E2008204F
:10CAA00084F8A500FF2084F8A400204610F06AF95D
:10CAB0000FE00120F5F7E8FB02B0BDE8F0410EF011
:10CAC000F2BC94F84C01042803D0B8213020F8F7C8
:10CAD00065FA84F84C6194F88001F6F7EBFA84F873
:10CAE000807102B0BDE8F041FCF766B8C12130208A
:10CAF000F8F754FAC5213020F8F750FA5C0100200D
:10CB000002484069002818BF0120704784010020B6
:10CB1000064805490165064941650748054901651B
:10CB200006494165704700003DE50000A001002076
:10CB300021E6000049EE00000802002079EE000026
:10CB4000F8B50D46074601210EF054FA040052D004
:10CB500094F88000002808BFF8BD94F8D0018DF843
:10CB600000009DF800000026D0B16E7009202870EA
:10CB70000CE000BF84F8D0612685D4F8D20168604B
:10CB8000D4F8D601A860B4F8DA01A88194F8D001ED
:10CB90008DF800009DF800000028EBD12E714AE0CE
:10CBA00094F8DC01002839D094F8DC010D281BD062
:10CBB0000E2804D040F6DC213120F8F7EFF9208868
:10CBC000F8F796FE07460EF0B9F8A0B96E700E2081
:10CBD000287094F8DE0128712088E88084F8DC61F0
:10CBE00038460EF0C7F826E02088F8F781FE0746A1
:10CBF0000EF0A4F808B10020F8BD6E700D2028706A
:10CC000094F8DE0128712088E88094F8E201287207
:10CC100084F8DC6138460EF0ADF80CE094F81202AE
:10CC20008DF800009DF8000038B16E70102028705B
:10CC3000AF8084F812620120F8BD94F8E4018DF809
:10CC400000009DF8000090B16E700A2028702088C6
:10CC5000A880D4F8E801D4F8EC11C5F80600C5F8AE
:10CC60000A10B4F8F001E88184F8E461E3E794F88D
:10CC70000C028DF800009DF8000088B16E701D2038
:10CC8000287004E084F80C62D4F80E02686094F80E
:10CC90000C028DF800009DF800000028F2D1CAE7D0
:10CCA00094F822028DF800009DF8000060B16E70CB
:10CCB00008202870D4E98901D4F82C22EA60C5E95B
:10CCC000010184F82262B6E794F8F2018DF80000C1
:10CCD0009DF80000B0B16E701520287009E000BF0B
:10CCE00084F8F261D4E97D01D4F8FC21EA60C5E959
:10CCF000010194F8F2018DF800009DF80000002871
:10CD0000EED198E794F800028DF800009DF800003D
:10CD100070B16E701F202870D4F802026860D4F8D9
:10CD20000602A860B4F80A02A88184F8006282E7CB
:10CD300094F814028DF800009DF8000038B120200E
:10CD40002870D4F81602686084F8146273E794F8C7
:10CD50001A028DF800009DF80000002808BFF8BDF9
:10CD60006E701620287007E084F81A62D4F81C024E
:10CD70006860B4F82002288194F81A028DF8000047
:10CD80009DF800000028EFD155E700001F49002062
:10CD90004861886188701F481D4981601E49416053
:10CDA0001E4901601E4981621E49C1621E49C1605F
:10CDB0001E4981611E4901631E4901621E49C16409
:10CDC0001E4981641E4941641E4941631E49C16177
:10CDD0001E4941621F481E4981601F49C1611F49A8
:10CDE00041621F49C1621F4901611F4941611F49D9
:10CDF000416441631E4981611E4901631E4981648A
:10CE00001E49C1641E4981637047000084010020EF
:10CE10009DEB0000A001002055E20000B9E20000F7
:10CE200011E7000061E7000075E3000061EB00001E
:10CE300009ED000029E40000E1E60000ADE6000095
:10CE4000A9EA000011EB0000D5EB00008DE4000022
:10CE500095F0000008020020BDF0000005EE000083
:10CE600021EF0000D9ED0000F9EF0000A5EF000070
:10CE70001DF0000031F10000BDEE0000EDEE0000FD
:10CE8000C9EF000006480549816506490166074863
:10CE9000054981650649C1657047000081E70000CA
:10CEA000A001002071E800004DEF00000802002002
:10CEB0007DEF00002DE9F8430121914C002561F33D
:10CEC0000707A580E5702570A060064680F81B1155
:10CED0000088F8F723FD5FEA000810D0A0680088FA
:10CEE000F8F7DCFFA0680088F8F77EFFA068B0F8CC
:10CEF0001211C1B190F80411FE2905D018E040F6D6
:10CF0000B9313120F8F74AF890F890118DF80010F7
:10CF10009DF8001091B190F89020012319468030BF
:10CF20000EF03EFB98B1A06890F80401FE2805D0F1
:10CF3000A06890F8040100BF00F0B4FBD4F808C06A
:10CF40009CF81D01002818BFE58022D10FE0A068E1
:10CF5000A0F8BA5090F8911180F806110021022033
:10CF600001F06CF8A06880F81A510220E4E79CF800
:10CF7000D0018DF800009DF8000038B9BCF82800F9
:10CF8000BCF81810884288BFE08002D8BCF81800AE
:10CF9000E080BCF81601401E1FFA80F9BCF81801A9
:10CFA0004844ACF81801BCF8B6004844ACF8B600E8
:10CFB0009CF8930040B99CF88E20012306210CF1C7
:10CFC00080000EF0EDFA28B1A068D0F8A81049440E
:10CFD000C0F8A810A168B1F8120101289CBF401C3C
:10CFE000A1F81201B9F1000F18BF81F8245181F89E
:10CFF0001A51B1F8162101F18000FAF74DFF20B166
:10D0000040F6FD313120F7F7C9FFA26892F88E0093
:10D010000B2818BF0C2819D1B2F88410B2F8AC3123
:10D02000A1EB030109B2002910DB02F5D77102F16F
:10D03000960012F063F80321A068FAF71BFDA068C0
:10D0400080F88E50FF2180F8D61027E0242811D1D7
:10D05000B2F88400B2F8AC11401A00B2002809DB23
:10D0600082F88E5001F060F80028A06880F8C65160
:10D0700014D13EE092F88D00242818BF25280DD148
:10D08000B2F88400B2F8AC11A0EB010000B20028A5
:10D0900004DB82F88D5001F047F850B340460DF0A4
:10D0A0009BFC0028A06817BF90F81E0180F81E5155
:10D0B0000028BDE8F88313480090134B134A31460B
:10D0C0003846F8F7ADFFA16900291CBF60780AF067
:10D0D00059FBA0680123052190F88E2080300EF0C6
:10D0E0005FFA002808BFBDE8F883BDE8F843F8F709
:10D0F00091BFBDE8F8430021084600F0B5BB000031
:10D100008401002069D800003DD1000075E00000D6
:10D110000248002141618161084670478401002076
:10D120000548806890F81E0118B10021084600F0FB
:10D130009BBBF9F70FBA0000840100200F4902469B
:10D14000C878C0B9084680684AB1097911F0080F5B
:10D1500003D090F8900008280DD001207047016995
:10D1600041F64C52914206D3B0F85420018F9142BF
:10D1700001D3FEF747BE0020704700008401002065
:10D18000F8B5FC4CD4F808C09CF80411FE290CBF7B
:10D190000028F8BD9CF890204FF0010319460CF1CF
:10D1A00080000EF0FDF9002818BFF8BDA06890F8C7
:10D1B00090118DF800109DF80010002559B1A0F8CD
:10D1C000BA5090F8911180F80611BDE8F84000219E
:10D1D000022000F033BF90F88E200123042180301C
:10D1E0000EF0DEF906004FF002070ED0D4F808C0AA
:10D1F0009CF88E0010287CD014287BD015287AD07B
:10D200001B2800F00D8100F024B9A06890F88F1061
:10D2100011F0010F05D0BDE8F8400121092000F010
:10D220000DBF11F0020F0BD001210C2000F006FF02
:10D23000A06890F8C81041F0010180F8C810F8BD4E
:10D2400011F0040F05D0BDE8F8400121132000F0D3
:10D25000F5BE11F0080F09D090F8011180F8061101
:10D26000BDE8F8400121072000F0E8BE11F0300FC2
:10D270007DD090F8BD118DF800109DF800100029A8
:10D2800075D190F8BC118DF800109DF80010C9B14F
:10D2900090F88E1024291BBF90F88D1024290123AB
:10D2A000002300F5D77200F5DE71FBF7C1FCA06822
:10D2B00090F88F1021F0200141F0100180F88F10BC
:10D2C00080F8BC51A06890F88F1011F0100F4ED06C
:10D2D0000EF033FFA16891F86400012808BF81F8BF
:10D2E00064700BD0088801F5F97230310EF0E4FE5D
:10D2F00002E012E017E058E0FBF75EFCA068B0F82F
:10D300004E10A0F80611B0F85210A0F80811BDE8B0
:10D31000F8400121152000F091BEBDE8F840012140
:10D320000B2000F08BBE9CF80A01082810D200F1F7
:10D330000802C0F10800C1B20CEB020000F59470C5
:10D34000F7F7DAFEA16891F80A21104481F80A0182
:10D35000A36893F80A01A0F10801042910D2021F62
:10D360000838C0F10400C1B29818F83000E05DE060
:10D37000F7F7C2FEA16891F80A21104481F80A016A
:10D38000A06890F80A110C2938BFF8BD05D040F20A
:10D39000B6714FF03100F7F701FE80F80A51BDE891
:10D3A000F8400121042000F049BE9CF893010128B7
:10D3B0000BD0022818BFF8BD9CF8C6000621D0B1DA
:10D3C0008CF806110121022024E09CF8DC010028E1
:10D3D00018BFF8BD0CF1E80300220CF594710CF5B0
:10D3E000CA70FAF7B3FA0121052000F027FEA06801
:10D3F00080F89351F8BD9CF8CE00800810F0010F22
:10D4000008BF0D2005D0112003228CF806218CF8CE
:10D410000711012100F012FEA06880F89351F8BDB9
:10D42000BDE8F8400121062000F008BE90F88E10FB
:10D4300021290ED190F8C61102291DD090F8C611ED
:10D44000012906D190F8C7018DF800009DF8000071
:10D4500090B1A0680123002190F88D2080300EF05B
:10D460009FF8C8B1A0680123042190F88E20803075
:10D470000EF096F830B10FE0BDE8F840012117201A
:10D4800000F0DCBDA06890F8B40028B1BDE8F84019
:10D490000021122000F0D2BDA06890F88D200A2A49
:10D4A00015D0002E18BFF8BD0123002180300EF0EA
:10D4B00077F800287DD0A06890F8CD1189B10021BF
:10D4C0000E2000F0BBFDA06880F8CD51F8BD90F8AB
:10D4D000021180F80611BDE8F8400021072000F095
:10D4E000ADBD90F8CC1121B190F8C81011F0030F28
:10D4F00012D090F8BC118DF800109DF8001031B1D9
:10D5000090F8BD118DF800109DF8001091B190F8C1
:10D51000C61101294DD12FE000210C2000F08EFD15
:10D52000A06890F8C81041F0010180F8C81080F898
:10D53000CC51F8BD90F88E1024291DBF90F88D10A5
:10D5400024290023012300F5D77200F5DE71FBF7D3
:10D550006FFBA06880F8BC510021142000F06EFD24
:10D56000A068B0F84E10A0F80611B0F85210A0F85C
:10D570000811F8BD8401002090F8C7118DF8001043
:10D580009DF80010A9B990F88E2001230B2180305E
:10D590000EF006F868B9D4F808C09CF86E1001299E
:10D5A00008BF012310D0022908BF02230CD0042990
:10D5B00000E059E014BF0829032305D04FF41D7182
:10D5C0004FF00600F7F7EAFC9CF86F00012818BF3F
:10D5D000022804D0042814BF08280320EED19CF8A8
:10D5E000C821012B06D0022B07D0032B08BF042A29
:10D5F00005D014E0012A12D101E0022A0FD19CF8D3
:10D60000C921012806D0022807D0032808BF042A10
:10D610000FD004E0012A02D10BE0022A09D09CF8C5
:10D620008E20012303210CF180000DF0B9FFD8B941
:10D6300011E0BCF88430BCF8CA010CF5D6720EF0CB
:10D6400012F920B1A168252081F88D00F8BD0020D5
:10D6500000F0C8FD08E0A0680123022190F88E20A8
:10D6600080300DF09DFFB0B1A0680123002190F83B
:10D670008D2080300DF094FF002808BFF8BDA06811
:10D6800090F8A401002808BFF8BD0021BDE8F840CB
:10D69000FF2000F0D3BCBDE8F8400021162000F0C8
:10D6A000CDBC0000F0B585B005466846F8F7E0FB54
:10D6B00018B32A22002100980CF06AFB032100987D
:10D6C0000EF05BFA0098017821F0100101702946F4
:10D6D000FAF716FD0026634C44F62F170E2D71D075
:10D6E00010DCA5F102000C281ED2DFE800F0221D9C
:10D6F0004CAFAF221D591DAF383440F678113120A0
:10D70000F7F74CFC152D5ED008DC112D16D0122D2C
:10D7100018BF132D43D0142D55D005E0162D29D058
:10D72000172D69D0FF2D79D040F6EB113120F7F796
:10D7300035FCA168009891F806110EE0A06890F8F9
:10D74000061100980EF0DBF9A06890F80711009818
:10D750000EF0D7F97AE000980621017176E0009882
:10D760000C2101715921417186713621C17111213C
:10D7700001726BE0A168009891F8C821027191F8DC
:10D78000C911417162E0A06800F5987100980EF02F
:10D79000E5F9A06800F1FC0100980EF0DCF955E015
:10D7A00009F002FD3840CDE90206A1689DF80800A5
:10D7B00091F8CE1008408DF8080002A900980EF0EC
:10D7C000D7F943E02BE0A068B0F8501000980EF0B5
:10D7D000DEF9A068B0F8081100980EF0DCF9A06836
:10D7E000B0F84C1000980EF0DAF9A068B0F8061105
:10D7F00000980EF0D8F929E0A06890F8C611012928
:10D80000009914BF90F86A2090F8C8210A7114BFDB
:10D8100090F86B0090F8C901487117E00EE002968D
:10D82000039609F0C1FC38408DF80800000A8DF815
:10D83000090002A900980EF096F907E0A06890F898
:10D84000A721D0F8A81100980EF064F9F8F7E8FACB
:10D8500000281CBF05B0F0BD40F6EF113120F7F7EE
:10D860009DFB0000840100202DE9F04FF84C834619
:10D8700087B0A06888460088F8F750F8059060B136
:10D88000A0884FF0000510F4807FA0681CBFA0F8AE
:10D89000B65080F8245105D009E040F69751312068
:10D8A000F7F77CFBB0F8B610491CA0F8B610A068DA
:10D8B0004FF0FF0A4FF0010990F8931039B990F832
:10D8C0008E200123062180300DF06AFE38B3A08837
:10D8D00010F4006F07D0A06890F89310002918BFCB
:10D8E000C0F8A8501BD1A068D0F8A810491CC0F8F7
:10D8F000A810D0F8AC208A422CBF531A0023B4F8E9
:10D9000006C00CF1050C634598BF80F8B4909142B5
:10D9100005D3C0F8A85080F812A2FBF74DF9A088F3
:10D920004FF0020710F4407F11D0A06890F89110DA
:10D9300011B1032906D00AE080F891900121FEF789
:10D940008FFA04E080F891700121FEF789FAA0684F
:10D9500090F89110012905D1A18811F4806F18BFAA
:10D9600080F89170BBF1000F40F07C82A18811F02B
:10D97000400F18BFA0F8385104D1B0F83821521C1C
:10D98000A0F838215FEA080660D111F0080F43D0F3
:10D9900090F80411FE290ED0FE2180F8041190F8B1
:10D9A0008E1019290CD000BF90F88D101F2919D0A6
:10D9B000272923D028E040F24E713120F7F7EEFA04
:10D9C00080F8C55090F8C410491E49B280F8C410C0
:10D9D0000029A8BF80F88E50E6DA4FF4C7713120D5
:10D9E000F7F7DCFA90F88E000DF042FE002814BF25
:10D9F00026202020A16881F88D0005E080F8A591FF
:10DA000080F88D5080F8C050A06890F890100829D8
:10DA100004BF277080F80471207910F0010F59D0ED
:10DA2000206901230521C678A06890F88E208030F7
:10DA30000DF0B6FD58B1B01E0A2806D2DFE800F09E
:10DA400007070505070705050707082673E020698E
:10DA5000FAF728FB38B12069C678002E1CBF012ECA
:10DA6000162E04D019E000F04BFD064631E0A06808
:10DA700090F88D000DF0FCFD78B1A16891F88D0053
:10DA80001F280AD0202804BF262081F88D0004D04A
:10DA9000162E0CBF20263E464DE01A2E05D26D48AC
:10DAA00050F8260008B180470AE0FF2E06D16069D1
:10DAB00020B1A068002680F8A69102E000F020FDC9
:10DAC0000646A068D0E93812491C42F10002C0E9BC
:10DAD000381286BBA08810F0040F06D0A16891F818
:10DAE0009010072908BF84F8009010F0020F16D09C
:10DAF000E068C0781A2805D2574951F8201009B1BA
:10DB000088470CE0FF2804D040F244713120F7F739
:10DB100045FAA068272180F88D1080F8A45120795B
:10DB200010F0100F07D0A06890F88E100B2904BFDA
:10DB30000C2180F88E10E07810F0080F10D0A0684B
:10DB40000123052190F88E2080300DF029FD20B1B1
:10DB5000A068082680F8DC5102E00020F8F754FCA9
:10DB6000606946EA0808E8B30095019502950395B7
:10DB70000495A06890F86F000AF032FC4FF47A71B7
:10DB800000F5FA70B0FBF1F6A06890F86F000AF0AB
:10DB9000B9FB3044ADF80600A0680188ADF800106C
:10DBA000B0F88410ADF8041000690DF0D2FCADF8A7
:10DBB0000200A06890F8A60130B12069C11C039151
:10DBC0000DF052FF8DF81000A06890F8A5018DF8B7
:10DBD0000800616968468847A06880F8A65180F807
:10DBE000A55100E021E00399F9B190F8A411E1B941
:10DBF00090F88D10272918D09DF81010039AA1B124
:10DC00001378FF2B06D0072B02BF02295178FF297A
:10DC100002D00AE01B2908D880F8A4910399C0F823
:10DC2000A8119DF8101080F8A7114046FFF7A8FA38
:10DC3000A668B6F81801401CA6F8180196F81C0151
:10DC400060B1F8F771FC002818BFA6F818511EE063
:10DC500084010020A001002008020020F8F78EF9BE
:10DC600030B1A06890F81E01002808BFA6F818512E
:10DC7000F8F77EF958B196F82401401CC0B286F836
:10DC80002401022884BFA6F8185186F82451A06800
:10DC90000123002190F88E2080300DF081FC20B906
:10DCA000A06890F88E000C285CD1A06801230021A8
:10DCB00090F88D2080300DF073FCE0B3A068012354
:10DCC000002190F8902080300DF06AFC98B3A06895
:10DCD00090F89110022904BF90F82401002841D146
:10DCE00005980CF079FE30B3A16891F80401FE2884
:10DCF00038D1B1F81201012834D981F81A91B1F85C
:10DD0000B800B1F8B620831E9A42AFBF0120801A36
:10DD1000401E80B2B1F81821E3889A422FBF012239
:10DD20009A1A521C92B2904288BF1046012808BF2E
:10DD300081F81A5100E015E091F87B208DF8002061
:10DD40009DF8002092B94A6F82B1B1F8B220B1F8C3
:10DD50008410511A09B2002908DD8142D8BF084653
:10DD600080B203E0A168012081F81A51A17800294E
:10DD700018BF01289CBFA16881F81E5103D9A06873
:10DD800080F81E910120D4F808C0BCF88410084423
:10DD900080B2ACF814019CF89120002A18BF012A27
:10DDA00009D0022A18BF032A08D040F66D214FF08F
:10DDB0003100F7F7F3F8ACF8100153E09CF890202D
:10DDC000082A22D0BCF8B610BCF8B80000268A1C7D
:10DDD000904206D3401A801E0604360C1CBF701EEB
:10DDE00086B29CF8B40058B19CF88D20012309211B
:10DDF0000CF180000DF0D4FB002808BF00262BD0CA
:10DE0000A06890F8931099B90AE0BCF8B620032AEC
:10DE1000D1D3BCF8B8000844401CACF8100121E094
:10DE200090F88E200123062180300DF0B9FB78B1E7
:10DE3000A2680020D2F8AC10D2F8A820931C994216
:10DE400003D3881A801E18BF401EB04238BF86B266
:10DE5000002E1CBF701E86B2A068B0F814113144A9
:10DE6000A0F810112079C0F380100028A06818BF16
:10DE7000A0F8265106D1B0F82611B0F816211144A9
:10DE8000A0F82611A06890F890118DF800109DF868
:10DE9000001039B990F890200123194680300DF018
:10DEA0007FFB38B1A068B0F8BA10B0F81621114461
:10DEB000A0F8BA10A06890F8C01031B1B0F8BC203A
:10DEC000B0F816311A44A0F8BC2090F9C420002AFA
:10DED00006DDB0F8C230B0F816C16344A0F8C23015
:10DEE0003D23BBF1000F06D080F8A53000F1A4015E
:10DEF00081F800A075E094F800C0BCF1020F11D0C9
:10DF0000BCF1010F1AD0B8F1000F38D000F1A40114
:10DF100081F800A018F0100F1CBF1E2180F8A5107A
:10DF200015D05EE090F80611062918BF162180F87A
:10DF3000A51000F1A40181F800A052E090F8921120
:10DF400080F8A51000F1A40181F800A049E018F0C4
:10DF5000080F18BF80F8A53043D118F0200F18BF64
:10DF6000232102D080F8A5103BE018F0030F18BF62
:10DF70002A21F7D140F6B1413120F7F70FF829B146
:10DF8000B0F8BC10B0F8BE30994214D2002A05DDBA
:10DF9000B0F8C210B0F8BE2091420CD2B0F8BA204E
:10DFA000B0F8B8108A420ED390F890218DF8002076
:10DFB0009DF800203AB1222180F8A51000F1A401BB
:10DFC00081F800A00DE090F8912002B3B0F8B620DF
:10DFD0008A4206D3082180F8A51000F1A40181F837
:10DFE00000A090F8A4108DF800109DF80010D1B199
:10DFF00080F88D5080F88E5080F8915090F81B1169
:10E0000000290CBF03210221FDF72AFF0EE0B0F822
:10E01000B6100629E5D33E2180F8A51000F1A40131
:10E0200081F800A0DDE70021FDF71AFFA06880F865
:10E030001B5107B0BDE8F04FF7F7DCBE0C4A10B536
:10E04000926892F80431FE2B04D040F60221312070
:10E05000F6F7A4FF82F80401002000291CBFA2F8F3
:10E06000C20010BDA2F8BC00012082F8C00010BDA3
:10E070008401002070B52B4A034690881843908095
:10E080001046402B806811D013F0020F4FF00004AF
:10E090004FF0010C03F001050DD0002D08BFD16039
:10E0A00026D040F604513120F6F778FFBDE87040E5
:10E0B0000421FDF7D5BEB5B11161C978062909D093
:10E0C0000B2901BF90F88E10112980F8924080F83A
:10E0D000C6C008E090F88E10172904D10021C0E9CD
:10E0E000361180F892C013F0020F18BFD16813D018
:10E0F000C978052907D00B2902BF90F88E10102986
:10E1000080F8934008E090F88E10152904D1002182
:10E11000C0E9381180F893C013F0200F1CBF08200D
:10E12000D07070BD840100202DE9F0412C4C0125F8
:10E13000A26892F8AE01002814BF0126002692F8CA
:10E14000AF11002914BF4FF0010C4FF0000C002E4E
:10E1500008BF92F86E00BCF1000F08BF92F86F1074
:10E1600002F1660382F86E0082F86F10FF20987249
:10E1700092F8C601012804D0002E08BFBCF1000FA0
:10E1800003D04FF0000000F02DF8A06830300EF002
:10E1900034F806460521A068FDF762FEA06830301D
:10E1A0000EF02BF80746BE420BD2F4F78FF901466A
:10E1B000B81B652838BF6520F4F776F8002818BF2B
:10E1C0000025A0680DF0B9FF30B1A16801F5F97222
:10E1D000088830310DF070FF2846BDE8F08100005E
:10E1E000840100201A4910B589680A88A1F81E2206
:10E1F00081F81C0291F86E00012818BF02280BD08C
:10E20000042814BF0828032006D000BF4FF41D7156
:10E210004FF00600F6F7C2FE81F8200291F86F0079
:10E22000012818BF022804D0042814BF082803209E
:10E23000ECD181F8210201F21A204FF0FF020270A6
:10E240004FF0000081F8C601BDE81040FAF7B4BCF9
:10E250008401002010B5174C01230021A06890F81C
:10E260008E2080300DF09CF9002804BF012010BDE5
:10E2700020690DF0C8FBA168A1F8AC01B1F88420B9
:10E28000801A00B247F6FE728242A8BF002809DD5C
:10E2900001F5D77120690DF0B1FBA1680B2081F861
:10E2A0008E0005E0282081F8A500FF2081F8A40059
:10E2B000002010BD8401002070B52D4C01230021E9
:10E2C000A06890F88E2080300DF06AF9002804BF15
:10E2D000012070BDA06890F8731020690DF063FBF9
:10E2E000002838D02069A168B0F80D20A1F8AC2131
:10E2F000B1F88430D21A12B247F6FE739342A8BF27
:10E30000002A2CDD0DF082FB0DF017F90546A06800
:10E310002946C0F8B451206900790DF03AFBA16894
:10E32000A1F8AE0120692946B0F805000DF028FBE0
:10E33000A168C1F8B00120690DF06BFBA168A1F8DC
:10E34000B80120690DF068FBA168A1F8BA010D20A1
:10E3500081F88E0009E0BDE8704000F0D1B82820B7
:10E3600081F8A500FF2081F8A400002070BD000006
:10E370008401002038B52B4C01230021A06890F8BF
:10E380008E2080300DF00CF970B9A06890F88E20C6
:10E39000122A09D00123052180300DF001F900284F
:10E3A0000CBF0120082038BDA06890F8C61039B90C
:10E3B0000021A0F8C21090F8C410491C80F8C410C5
:10E3C00000F5947120690DF036FBA06800F1F801AA
:10E3D00020690DF027FBA06890F8E4118DF800107B
:10E3E0009DF8001021B14FF427713120F6F7D6FDCA
:10E3F0000188A0F8E61100F5F47120690DF016FB14
:10E40000A06800F5F87120690DF009FBA0680146CD
:10E41000FF2280F8E421142081F88E00FAF7CCFB6B
:10E42000002038BD8401002010B5174C82B0A068D0
:10E4300090F88F0010F0010F1EBF012002B010BD38
:10E44000694620690DF006FB08F0AEFE44F62F1178
:10E4500000EA0103A068DDF800C000220CEA030313
:10E46000C0F8CE30C0F8D220A0F8C22090F8C41076
:10E47000491C80F8C41090F88F1041F0010180F819
:10E480008F1002B0104610BD8401002070B51B4CE7
:10E4900082B00123A068072190F88D2080300DF014
:10E4A0007FF8002802BF012002B070BD69462069D4
:10E4B0000DF0D5FAA568009ECE3508F075FE304007
:10E4C00044F62F110840002128606960A06880F898
:10E4D000C01080F88D100288A0F8262280F824123F
:10E4E000009AC0F82822019AC0F82C22FF2180F857
:10E4F0002212FAF761FB02B0002070BD84010020F7
:10E500000D4A906890F88F1011F0080F1CBF012081
:10E51000704741F0080180F88F101169C97880F8C0
:10E5200001110021A0F8C21090F8C410491C80F815
:10E53000C41000207047000084010020F8B5374C5B
:10E54000A06890F88F0010F0300F1CBF0120F8BDBC
:10E5500020690DF0A1FA78B320690DF08FFA054615
:10E5600020690DF08FFA064620690DF085FA0746FE
:10E5700020690DF085FA01460095A06833463A46B9
:10E5800030300DF088FE207910F0020F03D0E068E3
:10E59000C078142815D0A16891F88D001C2810D0DF
:10E5A00091F86400012818D091F8BD018DF80000A1
:10E5B0009DF8000050B110E0FFE7BDE8F840FFF71C
:10E5C0009FBFA168012081F8640006E091F8BC01BA
:10E5D0008DF800009DF8000038B1A06890F88F1009
:10E5E00041F0100180F88F100DE091F88F0001F5D7
:10E5F000007240F0200081F88F0031F8300B0DF0F0
:10E6000052FEFAF7D9FAA0680021A0F8C21090F8DB
:10E61000C410491C80F8C4100020F8BD84010020FB
:10E62000F8B5214C01230A21A06890F88D20803094
:10E630000CF0B6FF002804BF0120F8BD20690DF0E2
:10E640002BFAC8B120690DF019FA054620690DF0C2
:10E6500019FA064620690DF00FFA074620690DF0F9
:10E660000FFA01460095A06833463A4630300DF067
:10E6700012FEA0680DF061FDA168002081F8C000C5
:10E6800081F88D0091F86400012804BF022081F810
:10E69000640007D0088801F5F97230310DF00CFDE7
:10E6A000FAF78AFA0020F8BD840100200B48806840
:10E6B00090F88F1011F0040F1CBF0120704700224A
:10E6C000A0F8C22090F8C42041F00401521C80F848
:10E6D000C42080F88F1000207047000084010020C3
:10E6E00010B50A4C01230921A06890F88D208030D4
:10E6F0000CF056FF002808BF10BD0020A16881F86B
:10E70000B40081F8C00081F88D0010BD84010020A4
:10E7100010B5124C01230021A06890F88E208030A3
:10E720000CF03EFF68B1A0680021A0F8C21090F87C
:10E73000C410491C80F8C410102180F88E100020ED
:10E7400010BDA0680123052190F88E2080300CF0C8
:10E7500027FF002814BF0820012010BD84010020DD
:10E760000648806890F88E1011291CBF022070475F
:10E77000122180F88E1000207047000084010020D4
:10E78000F8B53A4C01230B21A06890F88E20803018
:10E790000CF006FF002832D1A0680123002190F878
:10E7A0008E2080300CF0FCFE002804BF0120F8BD54
:10E7B000A06890F88D00242821D020690DF087F9F9
:10E7C000F8B1A068022390F8CE1041F0040180F85F
:10E7D000CE1021694A7902F0070280F86720097992
:10E7E00001F0070180F8661090F8C7C18DF800C0ED
:10E7F0009DF800C00025BCF1000F06D029E02020C4
:10E80000F8BDBDE8F840FFF77BBE90F8C6C1BCF18B
:10E81000010F1ED090F86F6000F16E0C8E4202BFA7
:10E820009CF80010914280F8C63112D00288A0F8FE
:10E83000162290F8662000F5E87180F8182290F80A
:10E84000670081F849004FF0FF0081F84400FAF7B3
:10E85000B3F9A068212180F88E10A0F8C25090F87A
:10E86000C410491C80F8C4100020F8BD84010020A9
:10E870002DE9F84F8B4CA06890F88D1020290CBF23
:10E880000125002590F88E10222908BF00F18E0680
:10E8900006D0002D12BF00F18D060220BDE8F88FD2
:10E8A00010F8CE1F4FF0010A41F0040101702069F9
:10E8B000F9F708FC4FF00008002853D027693846C4
:10E8C0000DF0D8F8814638460DF0E0F807460CF018
:10E8D00017FF01001DD0A26892F86E00884218D080
:10E8E00092F8C631012B28D092F86A303B4239D0D9
:10E8F000002D04BF92F867203A420AD110B30428D1
:10E9000018BF042923D0082818BF082922D088421C
:10E9100028D848460CF0F4FE010040D0A06890F8DA
:10E920006F208A423BD090F8C611012915D090F88B
:10E930006B0010EA090F15D031E092F8C8313B4264
:10E94000D6D10FE040F255110620F6F727FB88429A
:10E9500008D3DEE7884205D3DBE790F8C90110EA67
:10E96000090F1CD1A068002790F8C61101290ABF21
:10E970001E2080F8C681FFF735FC8DB32069C17871
:10E98000A06880F802110AFA01F111F0807F28D006
:10E990000A2180F88D1090F8C00038B339E06A463B
:10E9A0002169A068F9F7DEF8B0B320690DF06CF8C2
:10E9B000A168A1F8AC01B1F88420801A00B247F632
:10E9C000FE728242A8BF00284DDD9DF8000081F84C
:10E9D000AE019DF8010081F8AF012420307048E0BD
:10E9E00009E040F2BF313120F6F7D8FA40F2C731E2
:10E9F0003120F6F7D3FA86F80080A16891F8C400B8
:10EA0000401E40B281F8C400002842DBFFF778FDC9
:10EA100007463846BDE8F88FFFE7A26892F8C601BE
:10EA2000012818BF82F8C68107D0A06800F18E01C6
:10EA30008E4208BF80F88E801BE0B2F8843092F8D6
:10EA40006E10B2F8CA0102F5D6720CF00CFF20B1BC
:10EA5000A168252081F88D00E7E70020FFF7C2FBC1
:10EA600086F80080E1E7282081F8A500FF2081F8E2
:10EA7000A400A06800F18E018E4218BF80F8C0800B
:10EA80000CD190F8C410491E49B280F8C410002976
:10EA900004DA4FF4C7713120F6F780FA0020BDE8A0
:10EAA000F88F00008401002010B5184CA06810F801
:10EAB000CE1F41F00401017020690DF01CF81628EA
:10EAC0000AD120690DF019F8D4F808C09CF88D100F
:10EAD000202903D0262904D0002010BDFFF782FB97
:10EAE0000CE09CF88E2001230B210CF180000CF02F
:10EAF00057FD002804BF2A20FFF774FB0020A168FF
:10EB000081F88D0081F8C00010BD00008401002054
:10EB100010B5124CD4F808C020699CF88D1000790B
:10EB2000202917D026291CBF002010BD9CF88E205C
:10EB300001230B210CF180000CF032FD002804BFF2
:10EB40002A20FFF74FFB0020A16881F88D0081F893
:10EB5000C00010BDFFF746FBF5E700008401002070
:10EB60000D4810B5806890F88E1017291CBF022040
:10EB700010BD90F8C410491E49B280F8C410002995
:10EB800004DA4FF4C7713120F6F708FA1B2180F838
:10EB90008E10002010BD00008401002010B50C4C28
:10EBA00001231946A06890F8902080300CF0F8FC02
:10EBB00000281CBF002010BD20690CF069FFA1686F
:10EBC00081F89201072081F89000002010BD00001C
:10EBD0008401002070B54B4D00262946D5F808C0A9
:10EBE000096901209CF88D20097934460E2A08BF56
:10EBF00012291DD01C2A08BF142929D0042A08BFB5
:10EC00000E2940D0202A08BF16294DD0262A08BF39
:10EC1000162949D0172904BF9CF88E20222A56D0E5
:10EC20006A69002A51D0FF2908BF8CF8A6014CE080
:10EC3000012309210CF180000CF0B2FC002844D023
:10EC4000A86880F8B44080F8C04080F88D403CE06F
:10EC50008CF88D408CF8C0409CF8CE1021F020013B
:10EC60008CF8CE109CF86400012804BF02208CF8B8
:10EC700064002AD0BCF800000CF5F9720CF13001E8
:10EC80000DF01AFA0DE08CF88D408CF8C040BCF8FD
:10EC90000000ACF826021A208CF82402FF208CF821
:10ECA0002202F9F789FF10E08CF88D408CF8C04003
:10ECB0009CF88E00212808D09CF8CF0020F0090095
:10ECC0008CF8CF001A20FFF78DFA304670BD8CF813
:10ECD0008E409CF8C400401E40B28CF8C40000284E
:10ECE00004DA4FF4C7713120F6F758F99CF8C601E1
:10ECF000012804BF0020FFF775FAA86880F8C64114
:10ED0000E3E700008401002070B5324CA06890F861
:10ED10008F1011F0020F0AD090F88D2001230821E6
:10ED200080300CF03DFC002804BF012070BDA068BD
:10ED300090F8C80010F0020F14D120690CF0AAFE60
:10ED4000A16881F8C9002069B0F80520A1F8CA209F
:10ED5000B0F80700A1F8CC0091F8C80040F002001C
:10ED600081F8C800A0684FF0000590F8C81011F0B5
:10ED7000010F14D190F88F1011F0020F04D04FF44E
:10ED800036713120F6F70AF941F0020180F88F1050
:10ED9000A0F8C25090F8C410491C80F8C41090F834
:10EDA0008D10062905D180F88D5080F8C050F9F7F4
:10EDB00003FFA06890F8CC1151B180F8CC51F9F75D
:10EDC000FBFEA06890F88D10002908BF80F8C050A5
:10EDD000002070BD84010020094810B5806890F8BB
:10EDE0008E10142904D040F291613120F6F7D6F844
:10EDF000012180F8C510152180F88E1010BD00008B
:10EE0000840100200F4810B5806890F88F1011F031
:10EE1000010F11D090F8C420521E52B280F8C420C5
:10EE2000002AA2BF21F0010180F88F1010BD4FF41D
:10EE3000C7713120F6F7B2F840F27C613120F6F765
:10EE4000ADF800008401002010B50A4C0123002118
:10EE5000A06890F88D2080300CF0A2FB20B1A16852
:10EE60001C2081F88D0010BD40F2FF613120F6F7C3
:10EE700095F80000840100200F4810B5806890F8D4
:10EE80008F1001F03002102A04D040F206713120B8
:10EE9000F6F784F821F0100180F88F1090F8C41074
:10EEA000491E49B280F8C4100029A8BF10BD4FF414
:10EEB000C7713120F6F772F88401002010B50A4CB2
:10EEC00001230021A06890F88D2080300CF068FBB1
:10EED00020B1A1680E2081F88D0010BD40F2F261D2
:10EEE0003120F6F75BF80000840100200B488068B1
:10EEF00090F88F1021F0040180F88F1090F8C41062
:10EF0000491E49B280F8C4100029A8BF704710B547
:10EF10004FF4C7713120F6F741F80000840100205A
:10EF2000094810B5806890F88E10102904D040F27E
:10EF300089613120F6F732F8012180F8C5101121DE
:10EF400080F88E1010BD00008401002010B50A4C1E
:10EF500001230021A06890F88D2080300CF020FB68
:10EF600020B1A1681F2081F88D0010BD40F2127100
:10EF70003120F6F713F8000084010020084810B58E
:10EF8000806890F88E10212911BF0029222180F875
:10EF90008E1010BD40F219714FF03100F5F7FEFFF1
:10EFA00084010020074810B5806890F88E1015295C
:10EFB00002BF192180F88E1010BD40F29E613120F1
:10EFC000F5F7ECFF8401002010B50A4C0123002165
:10EFD000A06890F88D2080300CF0E2FA20B1A16892
:10EFE000042081F88D0010BD40F283613120F5F7D7
:10EFF000D5FF000084010020074810B5806890F814
:10F000008E10152902BF172180F88E1010BD4FF405
:10F01000D3613120F5F7C2FF8401002070B51C4D8B
:10F02000A86890F88E101B2904D04FF4D7613120C6
:10F03000F5F7B4FF002480F8C54090F8DC1121B149
:10F0400040F2BC613120F5F7A9FF90F8C61041B13C
:10F0500080F8C6400188A0F8E01180F8DE410E215A
:10F0600008E00188A0F8E01180F8DE41012180F875
:10F07000E2110D2180F8DC110088F6F739FC0BF065
:10F080007FFEF9F799FDA86880F88E4070BD0000FA
:10F090008401002010B5084C01231946A06890F89F
:10F0A000902080300CF07CFA002818BF10BD08209A
:10F0B000A16881F8900010BD840100201B4810B5A4
:10F0C000C16880680022097990F88D300A2B01BF51
:10F0D00090F802318B4280F88D2080F8C02008BF64
:10F0E00010BD90F88F3013F0080F12D023F00801F4
:10F0F00080F88F1090F8C410A1F1010149B280F896
:10F10000C4100029A8BF10BD4FF4C7713120F5F716
:10F1100045FFFF2904D040F276613120F5F73EFF2C
:10F12000272180F88D1080F8A42110BD84010020D3
:10F1300010B51B4CA06890F8C81011F0020F1DD03C
:10F14000002180F8C01080F8CC11A06890F88F10D2
:10F1500011F0020F08BF10BD90F8C420521E52B229
:10F1600080F8C420002AA2BF21F0020180F88F108D
:10F1700010BD4FF4C7713120F5F710FF90F88D20C6
:10F180000123002180300CF00BFA20B1A168062089
:10F1900081F88D00D9E740F2DE613120F5F7FEFEFF
:10F1A0008401002010B5114C626892F86020032A97
:10F1B00004D040F634413220F5F7F0FE022818BFA3
:10F1C000032805D040F642414FF03200F5F7E6FE45
:10F1D000002918BF02F0E0FE00206168A1F8A2003B
:10F1E00081F8A40081F8600010BD000070020020CA
:10F1F0000249496881F84800704700007002002009
:10F2000001484068A03070477002002070B5344C4F
:10F21000616891F83000002816BF02280020012004
:10F2200081F8310001F13201F6F75EFE606890F876
:10F230003010022916BF03290121002180F86D102A
:10F2400090F8312000F132034FF00005012A04BF8D
:10F250005B7913F0C00F0AD000F13203012A04D108
:10F260005A7902F0C002402A01D0002200E00122B7
:10F2700080F84920002A04BF002970BDC0F89050D2
:10F280000AF097FB6168486491F86D0000281CBF84
:10F290000020F7F7A5FE0026606890F84A100029C4
:10F2A0001ABF90F84910002970BD90F8312000F184
:10F2B0003201012A04D1497901F0C001402905D069
:10F2C0002946BDE8704032300CF072B8F7F732FED4
:10F2D00061683246BDE8704032310CF07AB8000007
:10F2E00070020020034810B5406874300FF068FECB
:10F2F000002010BD70020020044A0328526808BF95
:10F30000D16382F8400000207047000070020020A6
:10F31000074881B0406801788DF800109DF8001012
:10F32000002914BF80884FF6FF7001B070470000BD
:10F3300070020020F8B5054602F07AFB002861D182
:10F34000314E716891F822008DF800009DF80000A0
:10F350000127002440B16C7007202870486A68605B
:10F3600081F822400120F8BD08788DF800009DF852
:10F370000000002835D0C86B8A68C0F803208A894D
:10F38000A0F80720C879002816BF02280020012015
:10F39000CA6B01F1020190706C704FF0140028707C
:10F3A0004FF0200205F104000AF078FC17492C7296
:10F3B000C86B80F880707068047000F128021470C7
:10F3C000EA888A84CA6B92F8952081F82620FF2269
:10F3D00081F82220C06B0088F6F78AFA0BF0CAFC8D
:10F3E00010E091F828008DF800009DF8000000283A
:10F3F00008BFF8BD6C7018202870D1F82A0068602A
:10F4000081F828400120F8BD70020020E01D002096
:10F410000249496881F86E000020704770020020A0
:10F420000249496881F86F0000207047700200208F
:10F430000B484068416D002904BF0C20704700F163
:10F440005901FF220A70002242650A7090F85800A4
:10F45000012101FA00F00349086000207047000014
:10F460007002002008F5014002490148C860704759
:10F47000041A0100700200200D4910B58860C868A8
:10F4800088B148680021A0F8A21080F8A41080F884
:10F49000601000F0AFF8002808BF10BD40F68711DB
:10F4A0003220F5F77BFD40F683113220F5F776FD2B
:10F4B0007002002010B5104C636893F83030022BB6
:10F4C00014BF032B00280BD100291ABF02290120E9
:10F4D00000201146F7F786FE08281CBF012010BD4A
:10F4E000606890F83000002816BF02280020012034
:10F4F000BDE81040F6F726BD7002002070B5124D31
:10F500000C4600280CBF01230023696881F83930BC
:10F5100081F842004FF0080081F86B000CD1002CFC
:10F520001ABF022C012000201146F7F75BFE696824
:10F53000082881F86B0001D0002070BD022C14BF98
:10F54000032C1220F8D170BD7002002010B5A9B1B3
:10F550000D4A526882F84D000868C2F84E0088884B
:10F56000A2F85200D16B92F831004872D06BD2F8F9
:10F570003210C0F80A10D18EC18110BD40F6893119
:10F580003220F5F70BFD00007002002002484068B1
:10F5900090F94B0070470000700200200249496852
:10F5A00081F84B0070470000700200200249496852
:10F5B00081F83000704700007002002070B50446EA
:10F5C000F6F792FA0546F6F789FA014628460BF057
:10F5D0005AFC010006D00648C06802682046BDE813
:10F5E0007040104740F68E213220F5F7D7FC00001E
:10F5F0007002002070B5224D686890F860100129F3
:10F600001FBF90F8600000280C2070BDF6F790FA3C
:10F6100002F0DAFA68680024047000F122010C702C
:10F62000891D0C7090F86C0030B108F091F807F06B
:10F6300053FE686880F86C406868012180F84A4091
:10F6400080F8391080F8404080F86A4080F84B40DC
:10F6500080F89440072180F8381000F15901FF220A
:10F660000A7080F8584044650C7080F8974080F824
:10F67000984040310C70C0F89C40002070BD0000E4
:10F68000700200200548406890F83000002816BF3E
:10F69000022800200120F6F755BC0000700200206F
:10F6A0000249496881F83800704700007002002064
:10F6B0000178002211F0010F2349496809D04278EE
:10F6C0000023032A08BFCB6381F84020012281F880
:10F6D000A620037813F0020F0ED083784FF0000CB1
:10F6E000032B08BFC1F83CC081F84030022301EB76
:10F6F000020C521C8CF8A630037813F0040F0CD0C7
:10F70000C3784FF0000C032B08BFC1F83CC081F850
:10F7100040300A44082382F8A630027981F830206C
:10F720004279002A16BF022A0123002381F83930CA
:10F7300081F84120827981F83820C07981F8480029
:10F740004FF0000070470000700200200D4A0021B9
:10F7500010F0010F526802D0012182F8A61010F0BB
:10F76000020F05D0022302EB010C491C8CF8A630D5
:10F7700010F0080F03D01144082081F8A6000020E3
:10F7800070470000700200200148C06840680047D0
:10F790007002002038B5144C0022606890F85910AF
:10F7A0008DF800109DF8001031B9416D00291CBF83
:10F7B00090F85800F3F76CFF6068002590F86C0033
:10F7C00030B107F0C5FF07F087FD606880F86C5026
:10F7D0006068A0F8A25080F8A45080F8605080F8CB
:10F7E0002850002038BD000070020020064881B07B
:10F7F00090F899008DF800009DF80000002818BFCF
:10F80000012001B070470000E01D0020084840685A
:10F8100090F8401003290CBF0121002180F82A1024
:10F8200004BFC16B09888185FF2180F828107047CB
:10F83000700200200248406890F8400070470000C5
:10F84000700200200C48416891F84000032804D061
:10F85000012818BF022807D004E091F842000128CF
:10F8600008BF70470020704791F84100012814BF7D
:10F8700003280120F6D17047700200202DE9FF5FB8
:10F88000384C064600256068924690F86D100029B5
:10F890000CBF4FF001094FF00009B27CB168012A9A
:10F8A00006D1497901F0C001402908BF012700D0E5
:10F8B000002790F86C1000294AD090F840104FF0C3
:10F8C000000B032906D190F83910002918BF90F8D1
:10F8D0006B8007D1706810B90DF0AFFA18B360688B
:10F8E00090F86880B8F1FF0F18BFB8F1080F1AD070
:10F8F0004046F7F74FFB002818BF4FF001093FB310
:10F90000606890F8710030B10BF0DAFD0546606870
:10F9100080F871B01CE04046F7F748FBB1680BF087
:10F9200090FD054614E09FB1606890F8700078B9CA
:10F930000021B068F7F70AFC616881F86C0038B103
:10F940000BF0B3FDFF2803D06168012581F8680042
:10F950008AF8005001980770039880F8009004B06E
:10F96000BDE8F09F7002002070B50C46054607F018
:10F9700021FC10F0040F04D1A0780221B1EB501F3C
:10F9800023D007F017FC10F0020F04D1A07801215A
:10F99000B1EB501F19D0207800F03F00252814D279
:10F9A00008F09AFB217811F0800F0CBF1E214FF454
:10F9B0009671B4F80120C2F30C0212FB01F10A1A8D
:10F9C000B2F5877F28BF814201D2002070BD064872
:10F9D00021884068A0F8A210A17880F8A4102846D9
:10F9E000BDE8704003F040B8700200202DE9F041FE
:10F9F000284C80460D46606890F8A410A230490952
:10FA000008BF012607D0012908BF022603D002291A
:10FA100014BF00260826007800F03F07384608F09B
:10FA2000C9FF6068B8F1000F80F8827008D03146D5
:10FA3000012008F0A7F8002808BFBDE8F08104E025
:10FA4000416E3246012008F0D1FC606890F8A500B4
:10FA500002280CBF4020FF20314608F077FF606885
:10FA600090F8940080B9681DF7F750FA616881F842
:10FA70006C0048B116F00C0F0CBF5024552407F051
:10FA80006BFC204607F072FE284608F061FC01205E
:10FA9000BDE8F081700200202DE9F0411D4E0546C1
:10FAA0000F4670681C4990F86A000C5C204608F00C
:10FAB00081FF706880F8824090F88C10A6300C5C52
:10FAC000012C08BF25200ED0022C08BF0D200AD023
:10FAD000042C14BF082C0F2005D040F6F2014FF083
:10FAE0003200F5F75BFA214608F030FF384608F09F
:10FAF0002FFC21464FF0010035B108F043F80028F3
:10FB000008BFBDE8F08101E007F000FF0120BDE87B
:10FB1000F08100007002002047F101002DE9F84F4C
:10FB2000734C0F4606464068616890464FF0010AE4
:10FB3000072F04BF0028B8F1000F0AD04FF00009CA
:10FB40008DF80090EB4600287AD0727C012A11D003
:10FB500017E081F872A0D1F89C00002808BFBDE82A
:10FB6000F88F0FF0A0FA00281CBF606880F873A01F
:10FB7000BDE8F88F427902F0C002402A08BF012593
:10FB800000D00025072F28D191F86C20002A18BF3B
:10FB9000002D11D0B8F1000F04BF91F8A110012978
:10FBA00015D000BF0BF081FC0146606880F868103A
:10FBB00080F8691080F870A0606890F86810FF29DC
:10FBC00013D00846F7F7FCFA8DF8000038E0012161
:10FBD000F7F7BCFA616881F86C00606890F86C0017
:10FBE000002818BF002DE7D0DCE796F811C000F11F
:10FBF00068035A4660467168F7F75AFC90F0010FA7
:10FC00001ED0606880F8729080F873904FF0000208
:10FC1000B068002808BFBDE8F88F072F18BFBDE8FF
:10FC2000F88F616891F86810FF2914BF002ABDE8B9
:10FC3000F88FF7F719FC606880F871A0BDE8F88FBD
:10FC400061689DF80000072F91F8395009D3082FFB
:10FC500029D8B8F1000F02D091F8721019B3716869
:10FC600019B1002D08BF05461EE0B8F1000F05D1FF
:10FC7000707810F0100F18BF554615D10DF0DDF853
:10FC800030B1606890F87200002818BF012000D1E0
:10FC90000020284305D1F7F797FC002808BF00256E
:10FCA00002D0012500E04D46606880F8725011488E
:10FCB00002682AB1414630469047616881F8730076
:10FCC000706848B16068717C80F8831071680A6858
:10FCD000C2678988A0F88010606890F873100029C6
:10FCE00006BF90F872000028012291D18EE7000033
:10FCF000700200208002002010B50C4808F008FEB9
:10FD00000A4C002804BF7F202070606890F86C00C7
:10FD100038B107F01DFD07F0DFFA6168002081F8B7
:10FD20006C0007F04FFD052010BD000070020020A0
:10FD300010B5054808F0ECFD10B903497F200870A4
:10FD400002F02AF9012010BD7002002010B504480D
:10FD500008F0DEFD10B902497F200870012010BDB7
:10FD60007002002010B5044808F0D2FD10B9024915
:10FD70007F200870012010BD7002002010B50548DA
:10FD800008F0C6FD10B903497F20087007F01AFD7E
:10FD9000052010BD700200202DE9F04F054691B0FE
:10FDA0000E46F44808F0B4FD7F27F24C002808BF47
:10FDB0002770287800F00F08B8F1070F05D002F07F
:10FDC000EBF811B00120BDE8F08F04A928460DF032
:10FDD0002CFA61684FF0000A01F1950391F8950043
:10FDE00038B19DF81100CDF814A020F001008DF875
:10FDF0001100587838B19DF81100CDF818A020F006
:10FE000002008DF811009DF8102091F8A51004A8AB
:10FE1000914240F09D8131460CF0EAFF012570B916
:10FE20000998002800F094810088C0F30B0109981C
:10FE3000407800090CF0C5FF002800F089813246A7
:10FE4000414604A8FFF76AFE606890F87210002926
:10FE500004BF90F87300002800F0768106988DF8B2
:10FE60003CA08DF834A08DF838A04FF0FF0670B19B
:10FE70000EAB0FAA0DA904A8FFF700FD606890F86B
:10FE800031609DF83C00002818BF46F002060DF1D5
:10FE9000100B9DF810209DF83C009DF834809DF8D3
:10FEA0003890002A74D00921012A05D0022A70D086
:10FEB00002F072F800F04FB9D4F804C09DF8113088
:10FEC0009CF89520994305D0002A18BF13F0080F1D
:10FED00000F009819CF84010032904D013F0020FB0
:10FEE00006D058B114E0012607463546EABB23E0A8
:10FEF000FF21584601F008FD00F0F5B89DF82220DA
:10FF00009CF831000CF13201069B0BF042FA20B153
:10FF10003146584601F0F8FCE5E0606890F8410091
:10FF2000032818BF022879D1B8F1000F76D0FE213E
:10FF3000584601F0E9FCD6E00CF17C019CF8830006
:10FF40009CF84D200CF14E030BF023FA616891F8F8
:10FF50004220012A0AD032B938B991F8680091F8E4
:10FF60006B10884202D0002615E0FFE7069890B19A
:10FF700067B9B9F1000F0DD0616803469DF82220E2
:10FF800091F8310032310BF004FA18B1012502E08A
:10FF90000CE044E000252E4240D0606874300FF041
:10FFA00004F8002818BF0E2538D0D4E06168012776
:10FFB00091F84020032A22D09DF81120FF25C2F39A
:10FFC000400252B1354640B991F831009DF82220E7
:10FFD0003231069B0BF0DDF998B1606890F8730040
:10FFE00030B16548016800291EBF0B98002888477A
:10FFF0002946584600F01AFB002818BF03273D4643
:020000021000EC
:10000000A9E0606890F84100032818BF0228F6D1E3
:10001000B8F1000F18BFFE25DFD1F0E763E0D4F898
:1000200004C09CF84030032B5DD09DF81120914313
:1000300059D1022B02F0020119D000293FF458AF28
:1000400000287FF465AF9DF822209CF831000CF168
:100050003201069B0BF09DF900287FF459AF6068D0
:1000600090F84100032818BF02283CD166E071B324
:1000700060B9B9F1000F2BD09DF822209CF8310017
:100080000CF13201069B0BF084F908B394F900805F
:10009000B8F17F0F4DD02770032000F021FB60687E
:1000A00090F8691090F88220CDE90021CDE9028511
:1000B00090F8A13000F132023146584601F0A8FD17
:1000C00088B1606874300EF070FF60B12FE00CE012
:1000D000606890F84100032818BF022803D1B8F1E6
:1000E000000F7FF424AF012535E094F90080B8F1CA
:1000F0007F0F1ED02770032000F0F2FA606890F89E
:10010000691090F88220CDE90021CDE9028590F8B0
:10011000A13000F132023146584601F079FD002845
:10012000E1D0606874300EF040FF0028DBD00D2570
:1001300011E040F22C413220F4F730FFB8F1000F0B
:100140007FF4F5AECFE700BF01F026FFCBE700BF9D
:1001500001F022FF0125606890F86C0030B107F0D3
:10016000F7FA07F0B9F8606880F86CA011B028467B
:10017000BDE8F08F70020020840200202DE9F14FCD
:100180008AB04FF001084B4808F0C2FB494D0028E7
:1001900004BF7F2028700A98007800F00F0008281C
:1001A0007DD169460A980CF0BAFF9DF8000000283E
:1001B0007BD19DF80100032131EA000075D1686808
:1001C00000F1600490F83900002814BFE67A267A1E
:1001D0000027207B40B10BF068F9FF2804D0B04223
:1001E0000CBF01270027607294F823209DF81100AE
:1001F00004F11C0301990BF0CCF857EA000954D024
:10020000686800F1320790F831A0607B38B1304661
:10021000F6F762FF00281CBF07464FF0010A0024D2
:100220009DF812000299012807D1497901F0C00117
:10023000402908BF4FF0010B01D04FF0000B3B46A7
:10024000524602990BF0A5F807463BEA070018BF93
:10025000FF2E07D03046F6F7A9FE18B102990BF031
:10026000F0F8044647EA040019EA000F1DD0686858
:100270004FF0010100F174000EF0B1FE686890F8D3
:100280006C0038B107F064FA07F026F869680020BE
:1002900081F86C004FF0000801200A9900E004E0AA
:1002A00000F028F9032001F017FF0BB04046BDE82D
:1002B000F08F00007002002070B506468AB001255C
:1002C0001A4808F025FB194C002804BF7F20207035
:1002D000307800F00F00072825D1694630460CF031
:1002E000A4FF002002909DF80000E0B99DF80100F5
:1002F00010F0010F17D060689DF811C000F17C0369
:1003000090F88320604601990BF043F858B160687B
:10031000012174300EF063FEFF21684600F086F97B
:10032000002818BF032528460AB070BD70020020BF
:1003300070B504468AB03F4808F0EAFA3D4E0028FE
:1003400004BF7F2030702078694600F00F052046FA
:100350000CF06BFF0024072D2AD170689DF8001067
:1003600090F8A100022908BF9DF801001AD00129C8
:1003700001D079B11CE09DF80110029421F0020136
:100380008DF80110022813D021F001008DF8010032
:1003900001940DE010F00C0F1CBF9DF8010010F04F
:1003A000100F05D020F0030001948DF80100029495
:1003B000002229466846FFF7B1FB706890F8A1005B
:1003C00001280BD0022816D0042818BF082819D0FD
:1003D00041F292314FF03200F4F7E0FD082D13D2D4
:1003E000DFE805F0040404121212041629466846D8
:1003F00000F07CFB0FE0072D04BF9DF800000128F2
:1004000002D105E0072D03D007F0DCF9052503E054
:10041000684600F011FA0546706890F86C0030B13B
:1004200007F096F906F058FF706880F86C400AB043
:10043000284670BD7002002070B501788AB001F0C6
:100440000F06324601A901F0F7FD0298284C017809
:10045000606890F87C20914225D1029990F87D2027
:10046000497891421FD1029990F87E208978914273
:1004700019D1029990F87F20C978914213D102993D
:1004800090F88020097991420DD1029990F881204D
:100490004979914207D19DF8151090F88300814267
:1004A00008BF012500D0002507F08CF9104808F09E
:1004B0002FFA7F21002808BF2170042E10D17DB1B2
:1004C00094F900007F280ED021700090606890F8A9
:1004D000823090F8942090F8691001A80CF06AFD21
:1004E0000AB0052070BD40F22C413220F4F756FDD1
:1004F000700200202DE9F0414B4C06460F46606823
:1005000084B06D4601788DF808109DF8081021B16F
:1005100041F251513220F4F741FD4FF0000880F8CC
:100520000280C16B0A88828008690BF012F80146CC
:1005300060684183C16B0A8B8283498BC18380F8D9
:1005400020803EB1012138460BF0AFFB05463878DC
:10055000C00907E06946A0680BF008FCA0680078B5
:10056000C0F38010616891F86D20002A18BF002840
:1005700004D06A7902F0C002402A2CD091F84A20B7
:10058000002A18BF002803D0687910F0C00F22D0CD
:1005900001F10E000EF0B7FD606890F86930FF2B96
:1005A00024D000F10802C11D1846F6F7EFFDC0B1D6
:1005B0006068002EC17941F00201C17108BF7C3032
:1005C00003D0002138460BF070FB616802684A6175
:1005D0008088088316E02868C1F80E00A888488241
:1005E000DAE741F27C513220F4F7D8FC90F883101E
:1005F000C171C16F8160B0F880108181C0F8148032
:10060000A0F818806068C26B90F84B1082F87210E6
:10061000FF210170C06B0088F5F76AF90AF0B0FBA2
:1006200004B0BDE8F081000070020020F0B52B4C52
:10063000064685B0626892F87200002804BF05B0D3
:10064000F0BD002792F89400002830D092F86000A6
:10065000082808BF032503D0092814BF0125022557
:1006600094F900007F282AD07F23237092F8693004
:1006700092F882C0CDF800C00395CDE9013092F820
:10068000A1303046323201F0C3FAE8B1707810F090
:10069000100F20D00220B169FFF766F9B0B1616890
:1006A0000020012781F8A50007F08CF810E03078D1
:1006B000002814BF0220012082F89400C6E740F20F
:1006C0002C413220F4F76AFC022D01D001F064FCC9
:1006D00005B03846F0BD01F027FCF9E770020020B4
:1006E0002DE9F041534C074600216068032F00F1CB
:1006F0006006A068018002D0052F04D059E00321D4
:100700000BF078FC55E005210BF074FCD4E90105F1
:10071000C16B4969C5F80F10C16B8A8BA5F813200E
:10072000897F6975C06B0169008CF7F7C1FAA875FC
:10073000D4E90105C06B0169406AF7F7A7FAE875CB
:10074000000A2876D4E90105C06B00690AF001FFB0
:100750006876000AA876D4E90120D16B098BC176AE
:10076000090A0177D16B498B4177090A8177D16BEF
:100770001F3096310EF0C2FCD4E90105C06B95F82C
:10078000241090F8A10021F01F0100F01F00084381
:1007900085F8240006F03EFD072888BF072095F85D
:1007A0002410E02221F0E00102EA4010084385F81D
:1007B000240006F11C01A0680BF03EFC96F8231003
:1007C000A0680BF040FC606800F1320590F83160E1
:1007D00090F86D10A1B190F840104FF00108032976
:1007E00006D190F83910002918BF90F86B0001D19C
:1007F00090F86800F6F770FC00281CBF46460546D6
:100800002946A0680BF028FC3146A0680BF02BFCB1
:10081000A06807F09DFD052F18BFBDE8F081606856
:100820002A68C16BC1F80A20AA88CA81C06B4672C7
:10083000BDE8F081700200202DE9F04FAA4C87B08E
:100840004FF0050A616891F84820C2B191F8722012
:10085000002A04BF91F87310002910D001784FF0DE
:100860007F064FF001084FF0000571B14FF002070D
:100870004FF0180901297CD0022900F0FD8006F014
:10088000A1FF07B05046BDE8F08F074606F09AFF7B
:10089000606890F84000032800F01C817878C0F36D
:1008A0000019B9F1000F0CBF0121082131EA000045
:1008B00040F01081B868002818BF01208DF8105052
:1008C0008DF814508DF81850002808BFFF2117D05C
:1008D00006AB04AA05A93846FEF7D0FF61689DF86B
:1008E000102091F83100002A804618BF48F0020815
:1008F00005D1BA7C3231BB680AF04BFD38B34146B2
:10090000B9F1000F36D094F900007F2871D026701D
:10091000626892F8693092F882C0CDF800C0039501
:10092000CDE9013092F8A1303846323201F070F949
:1009300000287DD00120B969FFF716F8002877D08C
:10094000606880F8A55007B00320BDE8F08F6068AC
:1009500090F84100032818BF022869D19DF81400BF
:10096000002865D09DF81000002808BFFE21C7D0E0
:10097000B0E003E0384600F0C7FFABE0824606F087
:1009800021FF606890F8A11002299AF8011003D0A5
:1009900039EA010104D09DE0192232EA010147D170
:1009A00090F8401003293FD1DAF80410002914BF51
:1009B000002101214FF0010BD946D9B990F883C02D
:1009C00000F17C0190F84D2000F14E0360460AF0E2
:1009D000E0FC616891F84220012A0BD032B948B995
:1009E00091F8680091F86B10884203D04FF0000B2B
:1009F00006E073E0DAF80800002818BF4FF000099D
:100A00001BEA090F66D0DAF81800807810F0E00FC2
:100A100003D1616891F86E1051B1B7EB501F03D14B
:100A2000606890F86F0018B194F900007F2800E02A
:100A300050E053D02670616891F8692091F88230B7
:100A4000CDE90032CDE9020591F8A13001F1320281
:100A5000FF21504601F0DCF8E0B30120DAF818106D
:100A6000FEF782FF00281CBF606880F8A58031D0A7
:100A700007B00320BDE8F08F804606F0A3FE606853
:100A800090F84010032925D098F8011039EA0101A7
:100A900020D194F900107F2920D0267090F8692089
:100AA00090F88230CDE90032CDE9021590F8A130FE
:100AB00000F13202FF21404601F0AAF850B10120B6
:100AC000D8F81810FEF750FF00281CBF606880F8A7
:100AD000A570CDD107B00520BDE8F08F40F22C41C4
:100AE0003220F4F75BFA0000700200202DE9F04F8D
:100AF000EE4C7F260127002594F90030626883B010
:100B0000002967D001297CD00527022907D00629B2
:100B10002AD006F057FE03B03846BDE8F08F0546F0
:100B200006F050FE606890F87210C9B190F840105D
:100B3000012918BF022913D194F900107F2900F070
:100B4000B081267090F8822090F86930CDE90032AB
:100B5000029100F13202FF23022128460CF091F9A4
:100B600003B03846BDE8F08F92F8721029B192F8C0
:100B70004010022907D001291DD006F023FE03B042
:100B80000520BDE8F08F7F2B00F08B81267092F856
:100B9000821092F869C0CDF800C0CDE90113FF239F
:100BA000062132320CF06DF961680B2081F8945007
:100BB00003B0BDE8F08F7F2B00F07381267092F8B0
:100BC000821092F869C0CDF800C0CDE90113FF236F
:100BD000062139E092F87210002900F0418192F864
:100BE0004010022908D0012920D003292ED040F638
:100BF000F9613220F4F7D2F97F2B00F05281267090
:100C000000E05EE092F8821092F869C0CDF800C072
:100C1000CDE90113FF23002132320CF032F9606874
:100C200080F8947003B00B20BDE8F08F7F2B00F0AC
:100C30003881267092F8821092F869C0CDF800C011
:100C4000CDE90113FF2300213232A6E0416892F87A
:100C50004EC00B7863451FD14B7892F84FC0634567
:100C60001AD18B7892F850C0634515D1CB7892F8A1
:100C700051C0634510D10B7992F852C063450BD136
:100C8000497992F85330994206D1407C92F84D1040
:100C9000884208BF012000D0002092F842100129AC
:100CA0007ED000287CD1824890F86B10082978D03B
:100CB00090F86800884273D0D2E003B00520BDE808
:100CC000F08F054692F86D0092F872A0002814BFCC
:100CD0004FF000094FF001090027A87CA9680128FE
:100CE00007D1487900F0C000402808BF4FF0010844
:100CF00001D04FF0000892F84000032806D192F886
:100D00003900002818BF92F86B0001D192F86800F2
:100D10000090F6F74BF95FEA000B43D00098F6F726
:100D200039F9002818BF4FF00109B8F1000F39D088
:100D30005846A9680AF085FB0700606890F831B052
:100D400018BF4BF0020B014690F8400003282DD04D
:100D500006F038FDBAF1000FAFD06068AA7C00F150
:100D6000320190F831C0AB6860460AF012FB0028EF
:100D700008BF002F77D094F900007F286FD026702D
:100D8000616891F8822091F86930CDE900320290D3
:100D900001F132025B46012128460CF072F88CE723
:100DA00058E05DE0606890F831B0CCE7686891F891
:100DB0004E3002789A4220D1427891F84F309A42D0
:100DC0001BD1827891F850309A4216D1C27891F8AE
:100DD00051309A4211D1027991F852309A420CD195
:100DE000407991F85320904207D1687C91F84D20CA
:100DF000904208BF4FF0010801D04FF000082C4C82
:100E000094F86800082805D094F86B20904208BF39
:100E1000012600D0002657B9B9F1000F09D091F88A
:100E20003100AA7C3231AB680AF0B3FA08B1012173
:100E300000E00021BAF1000F09D094F84200012827
:100E400003D020B958EA060001D0012000E00020BC
:100E5000014205D003B00C20BDE8F08F03E020E094
:100E600006F0B0FC29E7606890F84110032918BF2C
:100E700002297FF422AFB8F1000F3FF41EAF94F9BE
:100E800000107F290DD0267090F8822090F86930EC
:100E9000CDE900320291FE2300F132020121284601
:100EA0007BE740F22C413220F4F778F87002002002
:100EB000E01D00202DE9F0413D4C8046606890F82F
:100EC000A410490908BF012507D0012908BF022540
:100ED00003D0022914BF00250825406E68B1F4F73D
:100EE00003FE0646F4F7FAFD0146304609F0CBFF53
:100EF000010015D00020FEF779FD6068D0F8880069
:100F000007F006F860680126002790F840100229D3
:100F10000CD0032904BF90F8A51001290AD016E0CF
:100F200040F2D1514FF03200F4F738F890F8A510A4
:100F300002290CD12A4615F00C0F04D090F84C0071
:100F4000012808BF04220021084607F05BFC606806
:100F5000B8F1000F09D000F8956F4670606880F80E
:100F6000A15080F87070BDE8F08190F8A51000F1F4
:100F70009506022904BF37707770EFD0012908D099
:100F80000029EBD10BF059FF30700BF068FF707047
:100F9000E4E790F8A110022914BF0021012131706B
:100FA00090F8A10002280CBF012000207070D5E746
:100FB000700200202DE9F0410746F4F795FD044644
:100FC000F4F78CFD0146204609F05DFF05000ED0C8
:100FD000324C606890F8400001281CBF02280328AA
:100FE0000AD041F227514FF03200F3F7D7FF41F218
:100FF00021513220F3F7D2FF6FF0130627B32846B2
:101000000AF0DBFD18B928460AF01EFFE0B161685E
:10101000284691F86020052A04D241F2AB413220E3
:10102000F3F7BCFF91F860200B2A04D341F2AC41E6
:101030003220F3F7B3FFE26891F86010526906EBD3
:101040008101515888471AE0606890F860100529BE
:1010500004D241F217513220F3F7A0FF90F860104C
:101060000B2904D341F218513220F3F797FFE168BE
:1010700090F86000896906EB8000085880470F28C7
:1010800004D341F23C513220F3F788FFE16809694B
:1010900051F82000BDE8F041004700007002002038
:1010A00010B518B1BDE8104000F04CBA002908BFD7
:1010B00010BD1048416891F860200B2A04D241F21B
:1010C000E3513220F3F76AFF91F860200F2A04D32E
:1010D00041F2E4513220F3F761FFC06891F86010EB
:1010E00080686FF02B0202EB81014058BDE8104090
:1010F000004700007002002070B51D4C606890F839
:10110000A1100E2007F022FCF4F7EEFC0546F4F7E0
:10111000E5FC0146284609F0B6FE050023D007F09D
:1011200017F9606890F8A10010F00C0018BF282093
:1011300006F024FF606890F8A160681DF5F7E6FEF0
:10114000616881F86C0048B116F00C0F0CBF502597
:10115000552506F001F9284606F008FB61680A20CB
:1011600081F8600070BD40F225613220F3F716FF70
:101170007002002070B50E4C0025606890F86C007D
:1011800030B106F0E5FA06F0A7F8606880F86C5018
:101190006068A0F8A25080F8A45080F86050002049
:1011A000A168FFF7A7F9BDE87040022000F094BFE6
:1011B0007002002070B5134C606890F8A110FF20F9
:1011C00007F0C4FBF4F790FC0546F4F787FC0146F2
:1011D000284609F058FE78B107F0BAF8606890F830
:1011E000A10010F00C0018BF282006F0C7FE6168AF
:1011F000092081F8600070BD40F23C613220F3F7B5
:10120000CDFE00007002002010B5F4F76DFC04461E
:10121000F4F764FC0146204609F035FE50B107F0B2
:1012200097F8002006F0AAFE05490620496881F8D3
:10123000600010BD40F211613220F3F7AFFE0000F4
:1012400070020020104910B5486890F86020062A06
:1012500004D241F211613220F3F7A0FE90F8602031
:101260000B2A04D341F212613220F3F797FEC968CA
:1012700090F86000C9686FF0130202EB8000085814
:10128000BDE81040004700007002002010B505487E
:1012900007F03EFB10B903497F200870BDE81040FD
:1012A00000F050B97002002010B500F075FE05483E
:1012B00007F02EFB10B903497F200870BDE81040ED
:1012C00000F040B97002002010B5084807F020FB7C
:1012D000064A002804BF7F20107000215068743037
:1012E0000DF07DFEBDE8104000F02CB9700200202A
:1012F00010B5084807F00CFB064A002804BF7F2001
:1013000010700021506874300DF069FEBDE8104087
:1013100000F018B97002002010B5064807F0F8FA7E
:1013200010B904497F20087006F04CFABDE810405F
:1013300000F052B9700200202DE9F8435E4D0446DA
:101340000E46686890F86010002918BF012904D083
:1013500003291CBF0C20BDE8F883217B80F88C108A
:10136000A1684166217B00F1A602895C80F8A1108A
:101370002168C0F888102079022832D006F022FFB8
:1013800006F0E6F905F0A8FF07F022FE4B4806F04C
:10139000B7FD4B4807F0D0FA4A4807F0C3FA68682F
:1013A00090F85C0000280CBF01200220F3F7CCFB72
:1013B000207903281CBF304606F0CAFF2079032895
:1013C0000FD16868406E20B140F64E213220F3F70D
:1013D000E5FD31460120FEF709FB002808BFBDE806
:1013E000F883607B78B16868012290F859108DF815
:1013F00000109DF8001031B9416D00291CBF90F814
:101400005800F2F745F9207930B1012823D002289D
:1014100018BF03282FD03AE06A68DFF8ACC04FF05D
:10142000000092F8381000BF92F86A3003F101030F
:10143000ACFB03874FEA5707A7EB87073B4482F8CB
:101440006A3021FA03F313F0010F04D100F1010017
:10145000C0B20328E8D3686890F94B0006F04CFF4F
:1014600031460120FEF718FB002808BFBDE8F883CD
:1014700000F0E2F908E0686890F94B0006F03CFFE4
:101480006968042081F860002079022805D0686826
:1014900090F8390068B1F5F751FD0C480068032851
:1014A0001CBF0020BDE8F88340F681213220F3F70D
:1014B00075FDF6F7F1F8F0E770020020201A010040
:1014C00044F10100D6BE898EABAAAAAA50150040ED
:1014D00038B51B4C0022606890F859108DF8001048
:1014E0009DF8001031B9416D00291CBF90F85800DB
:1014F000F2F7CEF8606890F8601005291ED2DFE898
:1015000001F003030603090000F01CF814E000F0EA
:1015100063F811E090F8940038B10120FFF7CAFC9D
:101520006168082081F8600006E00020FFF7C2FC37
:101530006168072081F86000002038BD0C2038BDAC
:101540007002002070B50C4C0025606890F86C00AB
:1015500030B106F0FDF805F0BFFE606880F86C5011
:101560006068012180F86010A0F8A25080F8A450B3
:10157000BDE8704001F0D6BA700200200349032094
:10158000496881F8600000F0E1BF000070020020AF
:10159000044841680020A1F8A20081F8A40081F865
:1015A000600070477002002010B50020FFF782FC39
:1015B00002490720496881F8600010BD70020020D0
:1015C00010B50120FFF776FC02490820496881F830
:1015D000600010BD700200202DE9F041F4F784FA9C
:1015E0000446F4F77BFA0146204609F04CFC05005E
:1015F00037D000F0C5FA334C606800F1A60290F8CD
:101600008C108E5C80F8A160002001F02DFA00287B
:101610002DD0606890F86000022803D02946002091
:10162000FEF73AFA012E07BF012703200027052005
:101630002844F5F76BFC6168002581F86C0040B127
:10164000002F18BF402616D005F086FE304606F063
:101650008DF8606890F84010032918BF02291CD14A
:101660000FE040F204514FF03200F3F797FCBDE871
:10167000F041FFF767BF16F00C0F14BF5526502638
:10168000E2E790F88C1000F1A600085C012804D174
:1016900000210122084607F0B5F86068FF2180F8B4
:1016A000681080F8691080F8715080F8705080F8E8
:1016B000725080F8735080F89450052180F86010C3
:1016C000BDE8F0817002002070B5F4F70DFA044611
:1016D000F4F704FA0146204609F0D5FB040025D0B2
:1016E000062001F0C1F930B3154E0E2086F86000D7
:1016F000012000F0F1FC134D0121686890F8A12051
:10170000002007F07FF820786968C0F3401081F866
:1017100084000520FEF7E4FFF16B012081F89500BD
:10172000A868017821F02001017070BD40F2A66127
:101730003220F3F733FCBDE87040FFF703BF000031
:10174000E01D00207002002010B5052001F08CF98A
:1017500060B1084C0121606890F8A120002007F0DA
:1017600051F861680D2081F8600010BDBDE810409F
:10177000FFF7E8BE7002002070B5F4F7B5F9044633
:10178000F4F7ACF90146204609F07DFB04002CD0AB
:101790001A4D686800F16006042001F065F948B34D
:1017A0000C203070002000F097FC20786968C0F3AE
:1017B000401081F884000520FEF792FF1049A868C8
:1017C0004FF0200CCA6B037892F8952023F0200389
:1017D0000CEA42121A430270C86B96F8242090F863
:1017E0009510114080F8951070BD4FF4D0613220F3
:1017F000F3F7D4FBBDE87040FFF7A4BE70020020F1
:10180000E01D002010B5032001F02EF968B103207F
:10181000FEF766FF01221146002006F0F3FF05499E
:101820000B20496881F8600010BDBDE81040FFF74B
:1018300089BE0000700200202DE9F041304C0026E6
:10184000606880F8946090F84910002904BF90F80F
:101850006D00002845D008F0ACF8054660682946C0
:10186000406CF0F775FEDFF89C80074690FBF8F0BF
:1018700008FB107041422846F0F738FE6168486462
:1018800097FBF8F0D1F890201044C1F89000F5F7DC
:10189000FBFD01466068D0F89020914221D8C0F845
:1018A0009060456490F86D0000281CBF0120F5F79A
:1018B00097FB0121606890F84A20002A1CBF90F82D
:1018C0004920002A0DD090F8313000F13202012B6E
:1018D00004D1527902F0C002402A08D0323009F017
:1018E00067FD6168022081F86000BDE8F081012594
:1018F000F5F720FB61682A46323109F06AFDF0E70E
:101900007002002040420F0030B5184A85B092F9AD
:1019100000C0BCF17F0F24D07F231370526892F86F
:101920006030052B08BF002305D092F86030082BEB
:101930000CBF0323012392F8695092F88240CDE94D
:1019400002C3CDE9004592F8A130323200F060F9CF
:10195000002804BF05B030BD05B0BDE8304000F040
:10196000E3BA40F22C413220F3F718FB700200205A
:101970009115010045150100B5CD01007D1501004F
:10198000B5CD0100D9150100B5CD0100A9150100A3
:10199000C1150100B5CD0100B5CD0100051801004C
:1019A0007917010049170100C91601000912010049
:1019B00075110100B5110100F910010000000000CF
:1019C000191301008D120100A9120100F11201008A
:1019D000C9120100F9FC00007DFD000031FD00008E
:1019E00031FD000065FD00004DFD000031030100E8
:1019F00039040100A9CD0100AFCD0100B9020100F9
:101A00007D01010039130100D1140100AC1901005E
:101A1000BC19010070190100EC190100D419010072
:101A200045120100B50F0100A1100100BFCD01005A
:101A30002DE9F04F8BB08046F4F756F8834609F055
:101A4000C6F8040004BF0BB0BDE8F08F4FF00109E9
:101A500001466A46584609F0EDF80546F4F73EF8A7
:101A6000A84204D04FF498713320F3F797FA01A9F4
:101A700000980BF0DAFB08F10405204609F037F86E
:101A8000064601461C22284608F008F9B07A3B4C6D
:101A900010F0100F4FF000070FD010F0040F18BF18
:101AA0002F723BD19DF8142005F11C00049908F019
:101AB000F5F89DF81400287230E020784FF0010A04
:101AC00020B9F07E252838BF84F800A020780028AF
:101AD0001ABF9DF8040002282F7218D063784FF0C7
:101AE000E50205F11C0100980AF0C4F8287261783B
:101AF0000844607000980AF0B5F86178884206D012
:101B0000A87A4FF0000920F060002030A872B07A67
:101B1000C0F34111012918BF277015D0052088F89E
:101B2000017088F80000B9F1000F09D0584608F09C
:101B3000F9FFE8B100221146584609F06BF96770C9
:101B40000BB00120BDE8F08F2278002A08BF84F88E
:101B500000A0E3D00321012A02D0022A06D0DDE74B
:101B600010F0020F1CBF02202070D7D12170D5E7E2
:101B700040F273113320F3F711FA000088020020BD
:101B800010B582B0F3F7B0FF01AA694609F044F836
:101B9000009808F0ACFF04461C22002108F0F8F879
:101BA0007F20A076FF21A1736170E174A07A0549BE
:101BB00020F060002030A07200204860488002B011
:101BC00010BD00008802002010B582B0F3F78CFF32
:101BD00001AA694609F020F8009808F088FF044639
:101BE0001C22002108F0D4F87F20A076FF21A173E9
:101BF0006170E174A07A054920F060002030A07285
:101C0000002048600870488002B010BD88020020A3
:101C10002DE9FF4F85B090F80080DDE914B61F462E
:101C200005464FF0010AC6B1D146F3F75DFF044601
:101C300008F05FFF01280CD02878022812D0B9489C
:101C4000297C4288114440F27262914298BF4180DF
:101C500008D909B00020BDE8F08F4FF00009F3F774
:101C600043FF0446204609F085F8204601AA69464C
:101C700008F0D2FF009808F03AFF80F800A0044670
:101C800080F809B096B1012F08BF01201DD0022FA6
:101C900008BF022019D0042F14BF082F032014D02E
:101CA0004FF41D714FF00600F3F778F9012F08BFCC
:101CB000012008D0022F08BF022004D0042F14BF37
:101CC000082F0320ECD1207300E060731298E076B7
:101CD000686918B3F3F708FF01AA694608F09CFF8A
:101CE000009808F004FF16B1032E08D00BE0287806
:101CF000002804BF687810F0100F04D113E0807A38
:101D000010F0080F0FD1686940784FEA1010A073E7
:101D100068690088C0F30B00A4F80F00012E04BF0F
:101D20002878002801D04FF00100E96921B100288E
:101D300004BF4888A4F811002978A07A01290CBFB3
:101D400040F0010020F00100A07210F0020F2AD133
:101D5000022918BF20F0020025D0A07210F0020F57
:101D600004D0002908BF40F0080001D020F008008E
:101D7000A072A868F0B1CDE90215BB46B246022EAA
:101D80001FD0F3F7B1FE01AA694608F045FF00989D
:101D900008F0ADFECDE900BADDE9022101230BF028
:101DA00071F918B106E040F00200D6E7A07A40F0E1
:101DB0000401A172012E04D1B8F1000F18BF012156
:101DC00000D10021A869491E084205D1A07A20F05F
:101DD0006000A0729EB90BE0B0F80100C004C00C16
:101DE000A07A20F060000CBF40302030A072F1E7F4
:101DF00017F00C0F1CBF687810F0100F04D1286A80
:101E000000281CBF0078A076686800B3F3F76CFE6A
:101E100001AA694608F000FF009808F068FECDE9C5
:101E200000760023424629460BF02CF978B9139826
:101E3000A21C04F1010AFF280ED05146F5F7A6F9BD
:101E400030B19AF8000040F002008AF800000BE080
:101E500050213320F3F7A2F8687C8AF80000686804
:101E60000168116080889080A868002818BF022E41
:101E700029D0F3F739FE01AA694608F0CDFE009893
:101E800008F035FECDE900760123424629460BF0E5
:101E9000F9F8C0B904F1140106984A1E02281CBFC3
:101EA0000346032807D0AB68D3F800C0C1F800C0D0
:101EB0009B888B8006E0079BD3F800C0C1F800C068
:101EC0009B888B801070B9F1000F21D0F3F70CFEC6
:101ED0000546A07A10F0600F1CBF284608F050FF9E
:101EE00010484460F3F7FAFD01460122284608F045
:101EF000A6FD88B1F6F760FE284601AA694608F0FB
:101F00008BFE009808F0F3FD1C22214607F0C6FE68
:101F100009B00120BDE8F08F4FF4C5713320F3F70D
:101F20003DF800008802002010B582B0F3F7DCFD18
:101F3000044601AA694608F06FFE009808F0D7FD34
:101F4000407B70B9204608F0D4FD012804BF02B0E0
:101F500010BDF3F7C3FD01460122204608F06FFDD6
:101F600070B1204608F0C5FD78B1204608F002FFA8
:101F700008490020488002B0BDE81040F6F71CBEBA
:101F800040F22A213320F3F709F840F22D213320C3
:101F9000F3F704F88802002070B582B0F3F7A4FDCF
:101FA00001AA694608F038FE009808F0A0FD407BC1
:101FB0000026002804BF02B070BD1E4D6968887AF3
:101FC000C0F34112012A03D120F060004030887232
:101FD000F3F78AFD044601AA694608F01DFE009841
:101FE00008F085FD407B70B9204608F082FD01288D
:101FF00004BF02B070BDF3F771FD01460122204617
:1020000008F01DFD60B1204608F073FD68B1204660
:1020100008F0B0FE6E8002B0BDE87040F6F7CCBDAF
:1020200040F22A213320F2F7B9FF40F22D2133206C
:10203000F2F7B4FF8802002070B516460C4605463C
:1020400009F09BFE6074284609F08DFEA074EB1C1D
:10205000DFF880C0981D0021072E34D2DFE806F09B
:1020600004131B33273304009CF800206270C4E97A
:1020700001316A78921F12F0FF02227401D0E060F1
:1020800070BDE16070BD9CF801206270C4E9013050
:102090002174E16070BD9CF802206270C4E90131D6
:1020A0006A78921F12F0FF022274EAD0E7E79CF8E8
:1020B00003206270C4E901316A78921F12F0FF02B6
:1020C0002274DED0DBE761706160A1602174E160A1
:1020D00070BD00004AF101002DE9F04F0026DFF845
:1020E000C89285B0002808BF002512D0012808BF7B
:1020F00001250ED0022808BF002400F0F580032837
:1021000008BF012400F0F08040F6D3313520F2F70B
:1021100045FFD9F8187005F0BDFF8046FDF770F84F
:102120004478D9F8200080F86E4080F86F4066301F
:10213000FF21817214F00C0F14BF01210021D9F886
:10214000200030300AF078F82846214609F0F0FAED
:102150008246204606F044F90146002D08BF4FF4A0
:10216000FC731AD0082C04BF4FF4C87240200DD065
:10217000042C04BF4FF4BF72102007D0022C07BFFD
:1021800006F11802042006F128020820C0EBC00363
:1021900003EB4010104400F1980307EB08001844CB
:1021A00000EB0A03814801F2E731D9F820A030F8AA
:1021B000140001444FF47A70B1FBF0F0181ADAF809
:1021C0001010CDE9001004F00FF8794988420DD0C5
:1021D000DDE90012DAF810010BF081F8009988426D
:1021E00016D940F2F6513520F2F7D8FE9AF873006E
:1021F00070B1D9F838B003F065FF20B9BAF92801F9
:10220000AAF828618344DDE9001258460BF067F80C
:102210006849824649688842D9F8200001693CBF74
:102220008A4441620AD35046F5F730FDD9F82010B0
:10223000096909F0A5FBD9F820104862D9F82000F7
:102240000169052009F0A5FBD9F8201080B20884A7
:10225000D9F82010496AAAEB0101884204D840F657
:10226000F2213520F2F79AFE002D08BF4FF4FC70E2
:1022700019D0082C04BF4FF4C87040210DD0042C95
:1022800004BF4FF4BF70102107D0022C07BF06F126
:102290001800042106F128000821C1EBC10202EB5D
:1022A000411108449830404400EB0A062146284674
:1022B00009F03EFA3518204606F092F800F2E731B0
:1022C0003A4830F8140001444FF47A70B1FBF0F052
:1022D000291A3846F0F70AF9D9F82010C1F8100188
:1022E00005B0BDE8F08F00BFF6F766FC012089F865
:1022F000240089F82540D9F8201081F82C6199F83C
:102300000000052804D040F61C313520F2F746FEC7
:1023100039B191F82C0148B140F2FA413520F2F779
:102320003DFE40F2F9413520F2F738FE91F82D01DB
:10233000202804D040F2FC413520F2F72FFE1E4841
:10234000F0F7E8FFD9F82010202881F82D0120D0DF
:1023500000230122684601F07DF8D9F82000694683
:1023600090F82D01F0F744FAC0B1C9F8206099F84F
:102370001400002804BF05B0BDE8F08F05F0CEFEC4
:10238000F0F7F0FF89F8146089F8156005B0BDE832
:10239000F08F4FF4A0613520F2F700FE40F20351B8
:1023A0003520F2F7FBFD00009C1E00206C3E010072
:1023B000D41E0020900200202133010070B505F0EA
:1023C00069FE0E4C0646607870B1D4E90151324680
:1023D000284609F0CFF86060A84205D0E168401BAC
:1023E0000844E060F1F79EF86068B04224BF2078AE
:1023F000002814BF0020012070BD00008C1E0020AA
:102400002DE9F04104224E4E84B04FF47A7705292D
:102410006FD2DFE801F00C3303396F0080F82C2114
:1024200005F07CFE04B0BDE8F041F0F79BBF044628
:1024300044480078002818BF84F82C2107D000BF3A
:1024400005F06CFE04B0BDE8F041F0F78BBF01224F
:1024500000232146684600F0FDFF94F82D016946EF
:10246000F0F7C6F928B1B4F88400401CA4F8840041
:10247000E6E740F63D213520F2F790FD032180F894
:102480002C1104B0BDE8F0812F49044600690860B2
:10249000D4F858016062B4F854012084D4F85C0187
:1024A0002061B4F860012083B4F86201608394F87D
:1024B0006F5094F86E80284605F092FF36F8181099
:1024C00000F29D700844B0FBF7F015F00C0118BF46
:1024D0002821084400F1BC050AF0B3FE01462A4653
:1024E000204609F08CFE022084F82C0104B0BDE8DF
:1024F000F0811FE090F86F40804690F86E502046C3
:1025000005F06EFF36F8151000F29D700844B0FB20
:10251000F7F014F00C0118BF2821084400F1BC04A6
:102520000AF08FFE014604B022464046BDE8F04165
:1025300009F065BE40F65C313520F2F72FFD000052
:102540006C3E01008C1E0020900200202DE9F04F0F
:102550008BB0FCF755FE0446851CFDF76BF903288C
:1025600065D0022806BF607902284FF0020B5ED0CA
:10257000A878400908BF012407D0012808BF022419
:1025800003D0022814BF00240824297811F0800FFA
:102590000CBF1E204FF49670B5F80120C2F30C0258
:1025A00012FB00F6C80908BF4FF01E0904D000282E
:1025B00018BF4FF496793DD005F08EFD074605F023
:1025C00069FD06902878F71BC0F3801007EB090619
:1025D000002808BF4FF4FA7502D018BF32252ED05C
:1025E0000CF03FFDF749284400FB0610491CB0FBE6
:1025F000F1F805F05DFD05F0F3FE00F2E7314FF470
:102600007A70B1FBF0F0381AA0EB0800A0F1100AC4
:1026100059385B250090F2F78FFA002818BF732510
:1026200008A8F2F735FB9DF8200080B90CE04FF0C8
:10263000010B9DE740F2DA210620F2F7AFFC4FF4E0
:1026400040710620F2F7AAFC07F029FC00B1ED1D4D
:1026500005F23910009900274FF4C8754FF4BF7682
:10266000814240F2E780D8484078002840F0CC8092
:1026700004912046DDF818A005F044FE09EB48015E
:102680000144D2484AF2A13250F8240002444FF4E7
:102690007A70B2FBF0F0084400F1600804985044EE
:1026A0000190204605F02EFEA8EB0009C74850F81F
:1026B00024A0204605F094FEAAEB00014FF47A70A6
:1026C000B1FBF0F0A9EB0002082C2CD0042C23D095
:1026D000022C30D0282007F51473134400F59C72A7
:1026E0005FF0080101EB0111084482422BD2082C53
:1026F00004BF294640200CD0042C04BF31461020D2
:1027000007D0022C07BF07F11801042007F12801A8
:10271000082000EB00102CE002F2CE53304640F2CD
:10272000EE321021DEE741F2D023134428464FF465
:1027300035624021D6E707F596731820134407F158
:10274000B4020421CEE7082C04BF294640200CD057
:10275000042C04BF3146102007D0022C07BF07F11C
:102760001801042007F128010820C0EBC00202EB89
:1027700040100844184414F00C0118BF282100EB45
:102780004101082C08BF40200CD0042C04BF354662
:10279000102007D0022C07BF07F11805042007F10D
:1027A0002805082000EB801005EB8000084400F2AB
:1027B0001D2501208DF818708DF823005B24F2F799
:1027C000BBF9002818BF732404A8F2F761FA9DF83A
:1027D000100010B907F063FB00B1E41DADF8204014
:1027E000794C8DF822B00199E069EFF77FFE0795EB
:1027F0000990C4F83480E562E061FCF701FD0078DF
:1028000006A9EFF7F5FF80B16F4C207D002804BFCB
:102810000BB0BDE8F08F00BF05F080FCF0F7A2FD23
:10282000277567750BB0BDE8F08F40F6F1113520C4
:10283000F2F7B4FBCDF82080DDF818802046CDF803
:1028400010B005F05FFD014608980AEB080202EBA4
:1028500040004844DFF874910592014459F824007F
:1028600000F2E7324FF47A70B2FBF0F00844203007
:102870000390204605F046FD0146039859F8249040
:10288000A0EB0800A0EB0A00A0EB010B204605F02E
:10289000A7FDA9EB00014FF47A70B1FBF0F0ABEBB0
:1028A0000002082C2CD0042C23D0022C30D028205D
:1028B00007F514731A4400F59C73082101EB01110C
:1028C000084483422BD2082C04BF294640200CD058
:1028D000042C04BF3146102007D0022C07BF07F19B
:1028E0001801042007F12801082000EB001008441B
:1028F0002CE0304640F2EE33102102F2CE52DDE7FA
:1029000041F2D0231A4428464FF435634021D5E7DD
:1029100007F596731A441820783B0421CEE7082C5B
:1029200004BF284640210CD0042C04BF304610219F
:1029300007D0022C07BF07F11800042107F1280077
:102940000821C1EBC10303EB41110844104414F00A
:102950000C0118BF282100EB4100082C08BF4021C2
:102960000CD0042C04BF3546102107D0022C07BF21
:1029700007F11805042107F12805082101EB811151
:1029800005EB8101084400F596710F4C5144414418
:10299000E06AF131884223D20D1A652D38BF6525D2
:1029A0002844B0F1807F04D228460499EFF77CFCDC
:1029B00070B101210220FCF7F5FBF6F7FDF8607815
:1029C000F0BB2FE03F420F009C1E0020803E010024
:1029D000E06A24492844E062E038C860F0F7A2FDCC
:1029E000059808900398069094F826008DF8240026
:1029F00002208DF81C008DF8257006A8FCF7DEFD7E
:102A000020B140F62B213520F2F7C8FAFCF7BCFEC6
:102A1000002804BF0BB0BDE8F08F40F62C21352014
:102A2000F2F7BCFA00221146684600F0A1FE002829
:102A300004BF0120E07008D0FCF7E2FB007800E062
:102A400003E06946EFF7D4FE30B1207D002804BFD3
:102A50000BB0BDE8F08FDFE640F667213520F2F7D6
:102A60009DFA00008C1E002070B5064606F0A1FFFE
:102A70002B4C0146A2691046EFF76AFD0546FCF7AC
:102A8000BFFB40780022072E45D2DFE806F0044263
:102A900042272E42420008280DD004280FD00228D9
:102AA00013D00821012804BF2A20282310D0DF21B9
:102AB0000520F2F773FA402114200A4602E01021A3
:102AC00014202E224FF4A87302E0042112201823B0
:102AD0001A4411FB002080B2983008E010F00C007E
:102AE00018BF282000F5577001E04FF4FC70E16A30
:102AF0002E18F1398E4209D3002500F0C7FD30B100
:102B0000E06AF138864228BF002500D20125284618
:102B100070BD012070BD4FF4B2613520F2F73EFA6E
:102B20009C1E002010B584B0F6F746F8134C607870
:102B300080B900221146684600F01AFE002804BF42
:102B40000120E07006D0FCF75BFB00786946EFF7E8
:102B50004FFE68B1207D002804BF04B010BD05F011
:102B6000DDFAF0F7FFFB00202075607504B010BDA2
:102B700040F667213520F2F711FA00009C1E002074
:102B800070B554220021124807F002F9FCF738FB17
:102B9000202101700F490020086048608860C860EB
:102BA0000D494860486841F66A01884204D340F6FE
:102BB000F4313520F2F7F2F900F010F8044C42F24B
:102BC0001075A81060600AF03CFB281AA06070BD68
:102BD0009C1E00208C1E0020900200202DE9F04356
:102BE000354F83B03878002818BF00F059F901201C
:102BF000DFF8C88088F800006946002008F004FA71
:102C0000002804BF00254FF6FF762DD027E002985C
:102C100000281CBF90F82C11002925D00088B04254
:102C200018BF4FF020093FD0002108F0E3F904005D
:102C300020D094F82D01F0F75FFA84F82C5194F825
:102C40002D01F0F737FAD0B184F82D9104F5887092
:102C500003F094FA6946002008F0D6F9F8B140F282
:102C60003E213520F2F79AF96846F2F723FC002856
:102C7000CDD019E040F241513520F2F78FF94FF4F1
:102C8000A6613520F2F78AF9029800281CBF90F857
:102C90002C11002903D00088B042C5D104E0684659
:102CA000F2F708FC0028EFD088F80050A7F8505041
:102CB00003B00020BDE8F0839C1E00208C1E002085
:102CC000F0B5324C074685B020780D4600281EBF6F
:102CD0000C2005B0F0BDFCF793FA0646276297F882
:102CE0002C0120B14FF484613520F2F757F905200B
:102CF00020700020607084F8240084F82600002DE5
:102D000008BFA07007D00120A07042F21070616867
:102D100068430844A0620020A4F8500005460AF069
:102D200090FA94F82720002104EB8103491C9B684A
:102D300005EB000CC9B203EB0C058A42F4D200216A
:102D40001348E563F0F7E6FA3070202813D000222C
:102D50000121684600F00CFD90B130786946EFF72C
:102D600047FD00281EBF002005B0F0BD40F23341F2
:102D70003520F2F713F940F22F413520F2F70EF922
:102D800040F232413520F2F709F900009C1E002084
:102D90006D3001000249096A016000F081B800004D
:102DA0009C1E002001494870704700008C1E0020C6
:102DB00070B5054607494FF47A70B1FBF0F40AF09C
:102DC00040FA204400F1BC01284609F059FA80B2CB
:102DD00070BD0000F922010000291CBF11207047BE
:102DE00070B52D4D044684B0287800281EBF0C20F5
:102DF00004B070BDFCF704FA064600206870042198
:102E0000297085F82600002C08BFA87007D0012083
:102E1000A87042F21070696860430844A8620020FC
:102E2000A5F8500004460AF00CFA014695F8272050
:102E3000002000BF05EB8003401CD3F808C06318D6
:102E4000C0B20CEB03048242F4D200211348EC63BD
:102E5000F0F760FA3070202813D000220121684674
:102E600000F086FC90B130786946EFF7C1FC00288D
:102E70001EBF002004B070BD40F299413520F2F72A
:102E80008DF840F296413520F2F788F84FF49361BF
:102E90003520F2F783F800009C1E00206D30010001
:102EA0002DE9F0410026FCF7ABF93F4C07462078AE
:102EB00004281FBF207805280C20BDE8F0814FF0C2
:102EC00001006070207D4FF00005B0B1EFF3108875
:102ED00072B6207D00281CBF607D002809D0FCF759
:102EE00059FC207D28B105F019F9F0F73BFA25755A
:102EF0006575B8F1000F0ED10CE03878EFF7AAFF36
:102F0000B7F80300C004C00C05D000210320FCF773
:102F100049F900E062B63878F0F7EEF894F824004A
:102F2000002820782FD0052804D040F28F3135209A
:102F3000F2F734F8E06C20B104F1380003F0D4F873
:102F400003E004F1380003F019F9657094F82400E7
:102F5000002818BF0C26FCF76BFAE57084F82450A3
:102F600025622078042808BFFFF716F82570FCF7C3
:102F700047F904460078F0F79DF878B120202070DA
:102F80003046BDE8F0810528DBD1E06C0028D8D1BF
:102F9000206A00F5887003F0F1F8D2E74FF4A561DC
:102FA0003520F1F7FBFF00009C1E0020014800784F
:102FB000704700009C1E0020F0B52B4C83B0217898
:102FC00021B140F24F413520F1F7E8FF0022009295
:102FD000019202920378154613F0010F11466B46D9
:102FE00004D0D0E9012101250091294690F800C0C4
:102FF0001CF0020F06D0D0E9032C43F821C045F0A5
:103000000205491C90F800C01CF0040F06D0D0E95E
:10301000052043F8210045F00805491C481E84F8A6
:1030200027001F46002662600AF00BF915F0010F19
:1030300003D00099091A0126A16015F0020F06D0ED
:1030400057F8262004EB8601121A761C8A6015F0C8
:10305000080F05D057F8261004EB8602081A906076
:1030600003B00020F0BD00009C1E00202DE9F047B9
:1030700084B00D46FCF7C4F800267D4C80464FF026
:103080000109092D80F0EF80DFE805F00587ADAD7F
:10309000A8EDD7E3E80084F81490607800281CBFFE
:1030A00004B0BDE8F08798F80000EFF781FA054614
:1030B000A0612946A06BEFF74BFA6168B0FBF1F015
:1030C000002814BF4FF0010A4FF0000A029694F84E
:1030D0002700002808BF314626D00AF0B2F807467C
:1030E0002946A06BEFF734FA6168B0FBF1F0414379
:1030F000A06BEFF7FBF92946EFF72AFA94F827308F
:1031000000215B1C04F108025FFA83F3D2F800C0CF
:10311000BC44844503D8491CA0EB0C00C9B2121D65
:103120005B1E13F0FF03F1D184F826108DF80C100C
:10313000B8F80300C004C00C07D0606B00900320F7
:103140008DF804008DF80D6015E0BAF1000F14BF82
:103150008DF804608DF804902946A06BEFF7F8F91C
:103160006168B0FBF1F201FB120000280CBF0120E6
:1031700000208DF80D006846FCF720FA20B140F2DF
:10318000FF213520F1F70AFF3A49E06AE038C860CC
:10319000F0F7C8F904B0BDE8F087607880B1FCF7BB
:1031A000F9FA207D002804BF04B0BDE8F08704F0E0
:1031B000B5FFF0F7D7F82675667504B0BDE8F0875F
:1031C00084F81590FCF7E0FA002804BF04B0BDE8CD
:1031D000F08740F212313520F1F7E0FE04B0BDE88F
:1031E000F04705F0EDBB98F80050FCF709F8B0F88F
:1031F0000300C004C00C05D001210320FBF7D2FF5F
:10320000F5F7DAFC01220021684600F0B1FA68B156
:1032100028466946EFF7ECFA00281CBF04B0BDE869
:10322000F08740F683213520F1F7B8FE84F803904B
:1032300000F022F804B0BDE8F08700F027FA00287B
:103240001CBF04B0BDE8F08704B0BDE8F04709F04A
:10325000A9BD04B0BDE8F04700F00EB840F2363129
:103260003520F1F79BFE40F23A313520F1F796FE1A
:103270009C1E00208C1E002070B5284C207870B158
:1032800094F82410204600250029C06C21781BD01A
:10329000052909D040F28F313520F1F77FFE40F249
:1032A000B2213520F1F77AFE20B104F1380002F0A6
:1032B0001BFF03E004F1380002F060FFE07888B102
:1032C00094F8240050B10DE0052908BF0028F1D181
:1032D000206A00F5887002F051FFEBE7FCF796FAE0
:1032E000F5F76AFCFCF7A4F8E57084F82450256231
:1032F0002078042808BFFEF74FFE2570FBF780FFFB
:1033000004460078EFF7D6FE00281EBF202020706C
:1033100070BD4FF4A5613520F1F740FE9C1E0020E2
:1033200070B584B0040009D0002009297ED2DFE8FE
:1033300001F00A3C4646418A5A62850040F25E210D
:103340003520F1F72BFE94F82C0148B3204600F00D
:1033500049FF94F86F5009F074FFBD3080B215F04A
:103360000C0118BF28214618216B2069884238BFFC
:1033700001463246204608F0C7FE354D32466860A9
:103380002046216908F0C0FEA86004F1300008F072
:1033900034FFAC38E86004B0BDE87040F0F7C2B864
:1033A00040F266213520F1F7F9FD04B0BDE8704028
:1033B00001F0B6B904B0BDE8704005F001BB0022D1
:1033C00001232146684600F045F894F82D0169462E
:1033D000EFF70EFA00281CBF04B070BD40F63D2187
:1033E0003520F1F7DBFD0120EEF74EFF04B0BDE81C
:1033F000704008F058B894F82C11042904D040F219
:103400009A213520F1F7CAFD84F82C0194F82D019A
:10341000EFF750FE68B1202084F82D0104F5887084
:1034200002F0ACFE04B0BDE8704000E00BE0F5F740
:10343000C3BB4FF4A6613520F1F7B0FD40F2A521E2
:103440003520F1F7ABFD40F2A9213520F1F7A6FDBB
:103450008C1E00202DE9FF4F0546002791F88D00B6
:10346000D1F8248081B09B460C46B9460D2818BF80
:103470000C2815D024281EBF94F88E0024284FF065
:10348000000A0DD04FF05B06F1F756FB002818BF7D
:1034900073266846F1F7FCFB9DF8000030B902E0A6
:1034A0004FF0010AEEE706F0FAFC00B1F61DBBF1A1
:1034B000000F03D00121204601F06EF894F82C0192
:1034C00050B101283CD0022832D0032838D040F631
:1034D0003D113520F1F762FD039820B3012084F8F7
:1034E0002C0194F86E0094F86F800090404604F030
:1034F00077FF00F29D726349009831F810004FF495
:103500007A711044B0FBF1F018F00C0118BF2821BB
:10351000084400F1BC0809F094FE014642462046EA
:1035200008F06DFE0DE040F603113520F1F736FD91
:103530005548006800EB0807032084F82C0100E0E0
:10354000276902F0BFFD58B9B4F92801022108F03B
:10355000F6FEB4F828118146A1EB0900A4F8280171
:1035600007EB0901D4F81001EEF7C0FFC4F8100111
:10357000E8604FF0000885F800802E81204609F0B1
:1035800076FEAAF10101084208BF85F80A8005D03D
:1035900094F82C01012818BF0220A8720120E872BB
:1035A00004F1300008F029FE6860BBF1000F04BF91
:1035B00005B0BDE8F08F3946284608F06FF986B2AD
:1035C000204609F054FEBAF1000F12D1B04210D8D3
:1035D000064685F80A8007FB06F1D4F81001EEF7DD
:1035E00085FFE86087B13946284608F057F930442E
:1035F00086B23146204600F0CFFF02F063FD00287E
:1036000018BFE86805D01CE040F678113520F1F7C6
:10361000C5FC4FF40040B0EB460F94BF47F6FF7077
:10362000700081B2B4F9280108F089FEB4F82811BD
:10363000091AA4F82811EA6801461046EEF756FF69
:10364000E860C4F81001606F002804BF05B0BDE851
:10365000F08FB4F88400B4F8B220801A01B20029C7
:10366000DCBF05B0BDE8F08FB4F878000144491E16
:1036700091FBF0F189B201FB0020A4F8B20005B083
:10368000BDE8F08F6C3E0100900200202DE9F0476C
:1036900006F08FF9334C07462078A16904280AD137
:1036A000606800EB80004500A06BEEF751FFA84278
:1036B00038BF022600D301263046EEF7BDFE054690
:1036C00065283FD3B5F1FF3F08BF206B24D0E06AE7
:1036D000226B41198A4298BF151A6FF0390138469A
:1036E000EEF704FF8046A078A0B11F48A16A81428E
:1036F00010D2A06BEEF7FAFE814629464046EEF75F
:10370000F5FE01464846EEF723FF002802DD2D1A9C
:1037100048BF0025E06A2844E16A451A41F2883032
:10372000854288BF41F2883506F043F901463846A4
:10373000EEF70EFF9D30854204D331462846EEF762
:10374000B3FD10B10020BDE8F087E06A07492844C6
:10375000E062C8682844C860EFF7E4FE0120BDE8D5
:10376000F08700009C1E00200040420F8C1E0020AD
:103770002DE9F74F92B017468046FBF741FD0890C0
:1037800006F017F9002504468DF81C50FE4ED6F8B9
:1037900008A009F056FDB1680844716888420CBF62
:1037A000012000200742109008D0F7480178002936
:1037B0001ABFB0F850000028012001D04FF00000DF
:1037C0000F90139800287DD04FF4FA612046EEF751
:1037D0008DFE009002F07CFC02F00CFDEA4F814669
:1037E0003878052826D1386AD0F8140102F0E2FCB6
:1037F000064648453CD0386A314600F5887002F0EC
:1038000097FC0021C7F84C10D7F820B0BBF1000F8F
:103810003BD0002E08BFCBF810510BD002F052FC69
:10382000002837D0D6E900010844CBF81001308BCE
:10383000ABF82801494607F1380002F079FCB9F1EC
:10384000000F1CBFB9F81800A7F850007E68009A56
:1038500008BF002023D0D9E900010844314609F00F
:103860003EFDB0421BD940F2E3513520F1F796FB03
:10387000396A01F58871F964396AF86BD1F8141165
:10388000884238BF0846F863BEE740F2C55135208C
:10389000F1F784FB40F2CB513520F1F77FFB064670
:1038A00002F01CFC31460098EEF720FE06467868D0
:1038B00041423046EEF71AFE4FF00109B86300F0BE
:1038C000EBB9FFE70F9800287ED0AF4E089896F826
:1038D0002610801D085C082808D004280AD0022879
:1038E0000ED00821012811D000F0E4B940211422A3
:1038F0000B4602E0102114222E234FF4A87C09E08D
:10390000042112222B464FF0180C03E02A222B46EA
:103910004FF0280C634411FB02318FB204F060FDBC
:103920004AF2A13101444FF47A70B1FBF0F038440F
:1039300000F1F109B07800284DD09448B16A814275
:1039400049D88DF828505B27CDF82C90F1F7F4F882
:10395000002818BF732704A8F1F79AF99DF8100002
:1039600010B906F09CFA00B1FF1DADF830700120CF
:103970008DF833005B27F1F7DFF8002818BF7327B5
:1039800004A8F1F785F99DF8100010B906F087FA40
:1039900000B1FF1D07F1FF012046EEF7A7FD0D90D6
:1039A00002208DF832000AA8EFF7F6F807464946DC
:1039B0000D98EEF79BFD8146B16AB06BEEF796FD70
:1039C000014637B1484600E009E0EEF7C1FD0028A6
:1039D00001DA4FF0000A2646A94600F05DB9002F33
:1039E0007ED0694E2146B06BEEF7B2FD7168B0FB38
:1039F000F1F04143B06BEEF779FD7168EEF776FDBB
:103A0000834601462046EEF7A3FD81465B27F1F78A
:103A100093F8002818BF732703A8F1F739F99DF828
:103A20000C0010B906F03BFA00B1FF1D07F1FF00D2
:103A3000814516DAF169B06BEEF78AFD7168B0FB6B
:103A4000F1F04143B06BEEF751FD5946EEF780FDC2
:103A50007168B0FBF1F95846EEF748FD064600F0F4
:103A60001BB98DF82850306B5B270B90F1F764F889
:103A7000002818BF732701A8F1F70AF99DF8040080
:103A800010B906F00CFA00B1FF1DADF8307001203E
:103A90008DF83300F169B06BEEF75AFD7168B0FB39
:103AA000F1F04143B06BEEF721FD01460D90307807
:103AB00004280AD1706800EB80004700B06BEEF775
:103AC00047FDB84238BF022000D301208DF83200F4
:103AD0000AA8716807F0E2FE81460D9EDCE0FFE770
:103AE000294E07A809902146B06BEEF731FD7168A9
:103AF000B0FBF1F04143B06BEEF7F8FC21460490C7
:103B0000EEF726FD0746FBF77BFB83465B26F1F7C6
:103B100013F8002818BF732602A8F1F7B9F89DF82A
:103B2000080010B906F0BBF900B1F61D06F1FF0060
:103B300007444FF000093E4609F083FB124B8246D2
:103B40005868B04298BF361A93F82700002818BF6B
:103B500003F108010CD00A685244B24204D8B61AE4
:103B600009F1010202F0FF09401E01F10401F2D146
:103B7000054800EB89000C9080680A900BEB090067
:103B8000807908280CD003E09C1E00200040420FE2
:103B9000042809D002280DD00822012810D089E07D
:103BA00040221421134602E0102214212E234FF448
:103BB000A87C09E0042212212B464FF0180C03E0E8
:103BC0002A212B464FF0280C634412FB01311FFAC7
:103BD00081FB04F005FC01464AF2A13008444FF491
:103BE0007A71B0FBF1F0584430440A99F1308842C0
:103BF00004D80C988068A0EB060A0EE0994890F86B
:103C000027104068494515D9B8420ED90C988068EC
:103C100000EB0A070C98D0F808A0BAF1000F18DAE8
:103C200040F217713520F1F7B9F940F2F161352012
:103C3000F1F7B4F93946874238BF0746EAD3B1EB0A
:103C4000400F38BF4700E5D340F20E713520F1F741
:103C5000A5F90998394680F800900498EEF746FCDB
:103C6000804F0646B969B86BEEF772FC7968B0FB15
:103C7000F1F04143B87828B1B86A884226BF401AAB
:103C8000B862BD62B86BEEF731FC3146B863EEF74F
:103C90005FFC7968B0FBF1F99DF81C1008980844A6
:103CA000807908280AD004280CD0022811D00823D3
:103CB000012813D0DF210520F1F770F940231421EA
:103CC0009C4603E0102314214FF02E0C4FF4A872F1
:103CD00007E004231221AC46182202E02A21AC4658
:103CE0002822624413FB01218FB204F079FB4AF2CF
:103CF000A13101444FF47A70B1FBF0F03844594FD0
:103D000000F1F10BB878A8B15748B96A814211D2D5
:103D1000B86BEEF7EBFB039051463046EEF7E6FB4F
:103D200001460398EEF714FC002803DDBAEB000A05
:103D300048BFAA469DF81C0007EB800080685045EC
:103D400098BF8246C7F830A00F98E8B9B9F1000FC4
:103D50001AD04FF6FF7000EA4901B7F9500008F099
:103D6000EEFAB7F85010091A0AB2A7F85020396ACB
:103D700031B1A1F82821D1F810210244C1F8102155
:103D8000B96B06440844B8631398002818BFBE6195
:103D9000FE611098002812BFC7F82CB0386BF8628B
:103DA0004FF0010A88F80BA04FF05B09F0F7C4FE52
:103DB000002818BF4FF0730902A8F0F769FF9DF8BB
:103DC000080010B906F06BF808B109F10709A8F866
:103DD00008903878314604280BD1786800EB8000D1
:103DE0004FEA4009B86BEEF7B3FB484538BF0220F5
:103DF00000D3012088F80A00F86AC8F804000F9878
:103E0000002804BF88F80050C8F80C6021D088F85A
:103E100000A02646B878144C00281CBFB96AA142FD
:103E200013D2B86BEEF762FB814621463046EEF7BF
:103E30005DFB01464846EEF78BFB002805DDC0F52B
:103E4000103414F1746448BF2C46A4EB0B00C8F87E
:103E50000C00386B58452CBF0120002015B0BDE880
:103E6000F08F00009C1E00200040420F00002CA696
:103E7000E0A1000020A800000000000020A8000031
:103E800000000000141E00003011000000000000BF
:103E900060EA0000000000000000000000000000D8
:103EA00060EA000006480549016506494165074882
:103EB000054901650649416570470000415501000B
:103EC000A802002009560100615D010010030020D6
:103ED000915D01002DE9F8430D468046002107F071
:103EE00089F8040054D094F88000002808BFBDE889
:103EF000F88394F8D2018DF800009DF800000026A8
:103F00002F1D50B16E700920287004F5EA713846F3
:103F10000BF002F984F8D2614BE094F8DE010E2830
:103F20001AD094F8DE010D282BD094F8C4018DF836
:103F300000009DF8000000283ED06E700820287018
:103F4000D4F8C601D4F8CA11D4F8CE216860A960AB
:103F5000EA6084F8C4612CE02088F1F7C9FC0746C8
:103F600006F0ECFEA0B96E700E202870D4F8E001C7
:103F7000686084F8DE61384606F0FCFE0120BDE88A
:103F8000F8832088F1F7B4FC074606F0D7FE10B19D
:103F90000020BDE8F8836E700D202870D4F8E00191
:103FA0006860B4F8E401288184F8DE61384606F0E0
:103FB000E1FE0120BDE8F88394F89A018DF8000035
:103FC0009DF8000038B16E7010202870A5F80480AC
:103FD00084F89A61EDE794F89C018DF800009DF853
:103FE0000000B8B16E70152028700AE084F89C615A
:103FF000D4F89E01D4F8A211D4F8A6216860A96073
:10400000EA6094F89C018DF800009DF800000028FB
:10401000ECD1CEE794F8AA018DF800009DF80000DD
:1040200050B16E701F20287004F5D67138460BF021
:1040300073F884F8AA61BCE794F8B6018DF8000023
:104040009DF8000040B16E7020202870D4F8B801AF
:10405000686084F8B661ACE794F894018DF80000CC
:104060009DF8000090B16E701D20287005E000BF23
:1040700084F89461D4F89601686094F894018DF8FE
:1040800000009DF800000028F2D192E794F8BC01EE
:104090008DF800009DF80000002808BFBDE8F883F7
:1040A0006E701620287004F5DF7505E084F8BC6199
:1040B000294638460BF02BF894F8BC018DF8000027
:1040C0009DF800000028F1D173E700001D481C494D
:1040D00081601D49C1611D49C1621D4901611D49C0
:1040E00041611D4941641D4981611D4901631D49AB
:1040F00041621D49C1641D4981641D4941631D49D7
:1041000081631E481C4981601D49C1611D490162CE
:104110001D4941601D4901601D4981621D49C162FF
:104120001D49C1601D4981611D4901631D498164AB
:104130001D49C1641D4941641D4941627047000029
:10414000A95A0100A8020020E95A0100FD56010009
:1041500015540100ED590100455901002D5A010087
:10416000B95B01004D540100CD5601009556010088
:10417000DD590100215701007D5F0100100300207F
:10418000B15F0100315D0100955C0100C55C01007B
:10419000315E0100655E0100F55C0100595F0100C0
:1041A000F15F0100F15D0100215E0100455F01004A
:1041B000C15D01000648054981650649C16507489A
:1041C0000549816506490166704700008557010071
:1041D000A8020020A5580100915E010010030020F4
:1041E000C15E01002DE9F041E74C84B0002660601B
:1041F000668066700546267037460088F1F74EFEE9
:1042000060680088F1F7F0FDB5F82E016168401C88
:1042100082B201F18000F3F73FFE20B14FF4AD719F
:104220003620F0F7BBFEA5F82E6195F88E00242805
:104230000DD1B5F88410B5F83001081A00B2002885
:1042400005DB85F88E6001F041F8A0B973E095F8C0
:104250008D00242818BF25280DD1B5F88410B5F895
:104260003001A1EB000000B2002804DB85F88D606E
:1042700001F02CF8F0B3606890F8C01041B1B0F8CC
:10428000BC10B0F8BE20914224BF04B0BDE8F0815C
:1042900090F8C41041B1B0F8C210B0F8BE209142FD
:1042A00024BF04B0BDE8F081B0F8BA20B0F8B8106F
:1042B0008A4224BF04B0BDE8F08190F891204AB34F
:1042C000B0F8B6208A4224BF04B0BDE8F08100BF38
:1042D00090F80481B8F1FE0F00F03B816846F1F7D9
:1042E000C7FDC0B12A220021009805F051FD03212D
:1042F000009800E01FE007F040FC0098017821F0F2
:10430000100101704146F3F7FBFEB8F1190F80F080
:10431000038101E016E01DE0DFE808F0342C215DA8
:10432000FEFEF2268192F2F276FEFEFEFEE6F2F24A
:10433000A6A6BFFEC80004B00021BDE8F0410846B3
:1043400000F0E6BCB0F8B610062924BF04B0BDE802
:10435000F081BDE740F679013620F0F71FFE616875
:10436000009891F8491103E06168009891F80611EE
:104370000171C5E06068D0F83401411C009807F075
:10438000C2FBBDE06068009ED0F85C11B0F854013B
:10439000F3F78EFC30716068009ED0F85C11D0F8A5
:1043A0005801F3F773FC7071000AB0716068009EE9
:1043B000D0F85C0107F0CDF8F071000A3072626845
:1043C0000098B2F860114172090A8172B2F8621164
:1043D00007F09CFB94E0606800F26711009807F01A
:1043E000AEFB606800F26F11009807F0A1FB6068F7
:1043F00000F28111009807F0A7FB606800F1F80156
:10440000009807F098FB7BE000980C21017159217E
:10441000417186713621C1711121017270E00296DD
:10442000039602F0C1FE44F62F1108408DF80800F3
:10443000000A8DF8090002A9009807F094FB5FE0DC
:1044400002F0B2FE44F62F110840CDE90206616881
:104450009DF8080091F8CE1008408DF8080002A9D8
:10446000009807F085FB4BE06068B0F84C100098AE
:1044700007F095FB6068B0F80611009807F093FB11
:104480006068B0F85010009807F081FB6068B0F8E1
:104490000811009807F07FFB32E06168009891F8FE
:1044A0004C21027191F84D11417129E0606890F83A
:1044B000330107F034F90146009807F07CFB61688E
:1044C00091F8320110F00C0F1CBF91F86E1011F032
:1044D0000C0F02D0884218BF002007F020F90146D7
:1044E000009807F052FB0BE0606890F80611009806
:1044F00007F005FB606890F80711009807F001FBD2
:10450000F1F78EFC68B10098C17801290ED0A1B1F5
:10451000182919D01DE0FFE740F60E113620F0F7FC
:104520003DFD40F614113620F0F738FD6168B1F812
:104530003C114172090A81720BE06168B1F85211B5
:104540004173090A817304E06168B1F8301107F022
:104550002EFB0E4800900E4B0E4A29463846F1F7C6
:104560005FFD60680023052190F88D20803007F002
:1045700017F8002804BF04B0BDE8F08104B0BDE81E
:10458000F041F1F747BD000098020020114D0100F5
:1045900079470100A95101002DE9F8430446481E5E
:1045A00085B238BFBDE8F8834FF0010904F19607E2
:1045B00000264FF0FF0800BFB4F82E01401CA4F8FD
:1045C0002E01B4F8B600401CA4F8B60094F893008D
:1045D00040B994F88D200023062104F1800006F0F4
:1045E000DFFFC0B1D4F8A800401CC4F8A800D4F87C
:1045F000AC1081422CBF0A1A0022238B5B1D934210
:1046000028BF84F8B490884205D3C4F8A86084F821
:104610009A81F4F7D1FA94F8C00020B1B4F8BC0044
:10462000401CA4F8BC0094F8C40020B1B4F8C20047
:10463000401CA4F8C20094F848018DF800009DF8D1
:10464000000040B994F890200023012104F180007B
:1046500006F0A6FF20B1B4F8BA00401CA4F8BA00D6
:1046600094F88D000C2802D00D2824D04DE0B4F829
:104670008400411CB4F83C01814246D1D4F8340195
:10468000411C38460AF03AFD03212046F3F7A0F911
:10469000D4F83401007848B10121FE2001F0DAFCA1
:1046A000204684F88D6080F8D6802EE04FF4F371B8
:1046B0003620F0F773FCB4F88400411CB4F85201C2
:1046C000814222D12188A4F8D611D4F85C0106F0E9
:1046D00040FFA4F8D801B4F86011A4F8DA11B4F8D6
:1046E0006211A4F8DC11204684F8D46180F8D281EC
:1046F00080F850610221F3F76BF9F4F75DFA0321BA
:104700002046FDF77DFE84F88D60B4F88400401CDF
:10471000691EA4F884008DB2BFF44EAFBDE8F883E3
:104720001448406890F8C01029B1B0F8BC10B0F837
:10473000BE2091421AD290F8C41029B1B0F8C2102C
:10474000B0F8BE20914211D2B0F8BA20B0F8B8103B
:104750008A420BD290F89120B0F8B60022B188427C
:1047600004D200BFF1F7F6BE0628FBD300200146B5
:1047700000F0CEBA980200200F4A5178C9B911460C
:104780000128496809D0907810F0040F03D091F8FF
:10479000900007280DD001207047086941F64C525F
:1047A000904206D3B1F85420088F904201D3FDF710
:1047B00005BE0020704700009802002070B5FE4C36
:1047C00082B0606890F80411FE291CBF02B070BD71
:1047D00090F8902000230121803006F0E1FE0028AF
:1047E0001CBF02B070BD606890F848118DF80010D1
:1047F0009DF8001029B102B00220BDE8704000F021
:10480000E5BD90F88D2000231946803006F0C8FEE3
:1048100048B1606890F8B40028B102B01220BDE839
:10482000704000F0D3BD6068002590F88D20122AFA
:1048300023D004DC032A31D0112A24D003E0182A23
:1048400026D0232A36D000230421803006F0A8FE8B
:1048500000281CBF02B070BD606890F88E10192946
:1048600000F01E812EDC01293CD0022949D0032909
:104870002FD0042900F01981C9E002B00B20BDE857
:10488000704000F0A3BD02B0BDE8704000F04ABC2B
:1048900002B00620BDE8704000F098BD90F802110B
:1048A00080F80611072000F091FD606880F88D50B7
:1048B00002B070BD182000F089FD6068A0F8BC50FF
:1048C00002B070BD1D2918BF1E2921D0212968D032
:1048D0009DE090F8011180F80611072000F076FDA8
:1048E00060680BE00C2000F071FD6068A0F8C25019
:1048F00090F8C81041F0010180F8C81080F88E507F
:1049000085E0132000F062FD6068A0F8C250F5E772
:1049100090F83F218DF800209DF80020002A76D1E4
:1049200090F83E218DF800209DF800209AB12429AE
:104930001BBF90F88D1024290123002300F59972E4
:1049400000F59F71F4F774F960681E2180F88E10ED
:1049500080F83E5101E01E2959D1606807F0EDFB57
:10496000616891F86400012804BF022081F86400A6
:1049700007D0088801F5CE72303107F09DFBF4F7BF
:104980001BF96068B0F84E10A0F80611B0F852108C
:10499000A0F80811152000F019FD6068A0F8C250B9
:1049A000ACE790F84A11012906D190F84B118DF827
:1049B00000109DF8001021B190F84A11022952D040
:1049C00025E0D0F84C21D0F86610B0F86E00ADF8B4
:1049D0000000104606F0E1FE9DF80020C1B28A42B8
:1049E00019BF626882F83211616881F832519DF80E
:1049F0000110C0F30720814203D0616881F83301C0
:104A000002E0606880F83351182000F0DFFC606835
:104A100090F80411FE291CBF02B070BD90F88D20E3
:104A200000231946803006F0BBFD00284BD060689B
:104A300090F850118DF800109DF8001029B190F8F1
:104A40008E0006F015FE00286FD0606890F86611A1
:104A500081B390F8921071B390F89300002818BFBA
:104A60000A2029D07EE0D0F86A20D0F86610B0F88D
:104A70006E00ADF80000104606F08FFE9DF8002095
:104A8000C1B28A4219BF626882F83211616881F846
:104A900032519DF80110C0F307208142B1D0ACE73C
:104AA000112000F093FC606828E7092000F08EFCDC
:104AB000606823E708E004E040F25D713620F0F71B
:104AC0006DFA00F02FFBA8E090F86511002918BFDF
:104AD000082047D190F86411012699B190F8C800D8
:104AE00010F0030F40D10C2000F070FC6068A0F8BB
:104AF000BC5080F8C06090F8C81041F0010180F807
:104B0000C8108AE090F83E118DF800109DF8001052
:104B100031B190F83F118DF800109DF8001029B1C7
:104B200090F84A11012978D11FE01BE090F88E100F
:104B300024291DBF90F88D1024290023012300F59E
:104B4000997200F59F71F4F773F8606800F59F7132
:104B50000D70B0F84E10A0F80611B0F85210A0F881
:104B60000811142000F032FC57E090F84B118DF83A
:104B700000109DF80010A9BB90F88E0006F078FD9B
:104B800080BB626892F86E10012908BF01230FD024
:104B9000022908BF02230BD0042914BF08290323CC
:104BA00006D000BF4FF41D714FF00600F0F7F6F984
:104BB00092F86F00012801E09802002018BF022837
:104BC00004D0042814BF08280320EBD192F84CC16C
:104BD000012B08D0022B0AD0032B08BFBCF1040F15
:104BE00008D017E019E0BCF1010F13D102E0BCF1CD
:104BF000020F0FD192F84D31012806D0022807D0BC
:104C0000032808BF042B5CD004E0012B02D158E03C
:104C1000022B56D0162000F0D9FB606890F80411E2
:104C2000FE291CBF02B070BD90F88D2000231946EC
:104C3000803006F0B5FC002804BF02B070BD60688B
:104C400090F83A118DF800109DF80010002904BF6B
:104C500002B070BD90F88E0006F00AFD00281CBF5F
:104C600002B070BD6068B0F884000A289CBF02B032
:104C700070BD6846F3F78AF8002804BF02B070BD23
:104C80000522606800F19601684604F0F5FF0028EF
:104C9000606802BF80F83A5102B070BDD0F83401AC
:104CA000017801B3411C0522684604F0E5FF0028A5
:104CB0001CBF02B070BD6068D0F834010078C8B97C
:104CC00011E0B2F88430B2F84E0102F5987206F0A5
:104CD000CAFD20B16168252081F88D009DE7002084
:104CE00000F03CFB99E760686946D0F83401401C4D
:104CF0000AF004FA6068D0F834110878401C087093
:104D0000012000F063FB606880F83A5102B070BD8A
:104D10002DE9F84FF84D81468A4668884FF0000724
:104D200010F4807F2846406818BFA0F8B67004D100
:104D3000B0F8B610491CA0F8B61090F893100124F2
:104D40004FF0FF0839B990F88D20002306218030FC
:104D500006F026FC38B3688810F4006F07D0686846
:104D600090F89310002918BFC0F8A8701BD168688C
:104D7000D0F8A810491CC0F8A810D0F8AC208A427E
:104D80002CBF511A0021028B521D8A4228BF80F885
:104D9000B440D0E92A12914205D3C0F8A87080F837
:104DA0009A81F3F709FF688810F4407F08D068689B
:104DB00090F8911021B980F891400121FDF720FB76
:104DC00059EA0A004FF0080640F0EE80698811F0B9
:104DD000040F0BD0686890F88D20032A29D090F832
:104DE0009020072A04BF2C7080F8907011F0020FF9
:104DF00008D0A868C0781A2820D2C04951F82000ED
:104E0000E0B18047A87810F0080F25D0686800212D
:104E100090F8040101F01EF9686890F80411FE2969
:104E200011D0FE2180F8041190F8901008290FD0BD
:104E300012E040F2D7513620F0F7B0F840F2D661D8
:104E40003620F0F7ABF840F2E2613620F0F7A6F832
:104E50000221297080F89070A978002011F0010FCC
:104E600033D0E86800230521C478686890F88D2065
:104E7000803006F095FB002818BF062C0CD006DC0D
:104E8000022C1CBF042C052C06D030461DE00B2C38
:104E90001CBF0D2C112CF8D1E868F3F703F948B1C9
:104EA000E868C0781A2805D2954951F8200008B161
:104EB000804702E0002000F007FB6968D1E9382351
:104EC000521C43F10003C1E938238246687810F090
:104ED000080F11D068680023052190F88D208030DC
:104EE00006F05EFB28B168684FF0080A80F8DE71B2
:104EF00002E00020F1F788FA6C6894F88D000C2825
:104F000002D00D2824D04DE0B4F88400B4F83C1150
:104F1000401C884246D1D4F83401411C04F196006B
:104F20000AF0ECF803212046F2F752FDD4F83401E0
:104F3000007840B10121FE2001F08CF884F88D70DA
:104F400084F8D6802EE04FF4F3713620F0F726F87F
:104F5000B4F88400B4F85211401C884222D1208851
:104F6000A4F8D601D4F85C0106F0F3FAA4F8D8014D
:104F7000B4F86001A4F8DA01B4F86201A4F8DC0125
:104F800084F8D47184F8D28184F8507102212046CB
:104F9000F2F71EFDF3F710FE03212046FDF730FA6D
:104FA00084F88D70FFF70AFC686800F1800490F8BF
:104FB00048018DF800009DF8000030B9227C0023E4
:104FC0000121204606F0ECFA10B1608F401C60878A
:104FD0003D21B9F1000F18BF84F8251003D000BFA0
:104FE00084F824806CE0287802280DD0012811D0A4
:104FF000BAF1000F31D01AF0100F13D01E2084F830
:10500000250084F824805BE0162084F8250084F8CD
:10501000248055E0686890F8380184F8250084F809
:1050200024804DE01AF0080F18BF84F825103AD1FB
:105030001AF0030F05D02A2084F8250084F8248074
:105040003EE01AF0200F1CBF232084F82500C7D1B2
:1050500040F68A313620EFF7A1FF94F8400028B1DE
:10506000A08F411CA187E18F884219D294F8440097
:1050700038B1B4F84200411CA4F84210E18F8842D4
:105080000ED2618F208F814207D36A6892F848213F
:105090008DF800209DF8002012B9E28F914205D3CF
:1050A000222084F8250084F8248009E0617CD9B1AD
:1050B000E18E814228BF84F8256001D384F82480E2
:1050C00094F824008DF800009DF8000010B3677379
:1050D000A773677402216868FDF792F9686890F811
:1050E000041101290ED012E0E08E062824BF3E20D4
:1050F00084F82500E4D3E1E79802002010030020A3
:10510000A8020020D0F834010178491E0170F3F79D
:1051100053FD03E000216868FDF772F9BDE8F84F20
:10512000F0F768BE10B51F4C626892F80A010828B3
:105130000DD2C0F108011044C9B200F28110EFF79E
:10514000DBFF616891F80A21104481F80A01626866
:1051500092F80A01A0F1080104290DD20838C0F123
:1051600004011044C9B2F830EFF7C6FF616891F846
:105170000A21104481F80A01606890F80A110C298C
:1051800038BF10BD05D040F668114FF03600EFF77C
:1051900005FF002180F80A11BDE81040032000F04F
:1051A00015B900009802002070B5474B4FF000047D
:1051B0004FF0010C5A8800F0010502435A801A464C
:1051C00010F0020F526808D0002D08BF99600AD075
:1051D00040F6FF213620EFF7E1FE002D18BFD96021
:1051E00010F0020F14D0CD78062D08D00B2D02BF81
:1051F00092F88DC0BCF1120F82F8934008E092F84B
:105200008D40182C04D10024C2E9384482F893C0A0
:1052100010F0200F1CBF4FF0080C83F801C010F0F5
:10522000800F08BF70BDB2F88440D2F810C0138B55
:10523000062041F64C55654584BF4AF6C870B0FB60
:10524000FCF020441844CB7880B2012B08BFA2F8B0
:105250003C011FD0002B08BFA2F852011AD0182B16
:1052600018D192F83231002B04BF92F833C1BCF14F
:10527000000F0BD013F00C0F1EBF92F86EC01CF085
:105280000C0F634504D092F833310BB94FF0000096
:10529000A2F830010846C978012909D071B118294E
:1052A00018BF70BDB2F83011BDE8704006F07FBC89
:1052B000B2F83C114172090A817270BDB2F8521104
:1052C0004173090A817370BD980200202DE9F041F5
:1052D000214C0125616891F83201002808BF91F83E
:1052E0006E0091F83321002A08BF91F86F2081F8F1
:1052F0006E0081F86F206631FF208872002000F078
:105300002DF86068303006F078FF064604216068AA
:10531000FDF776F86068303006F06FFF0746BE4252
:105320000BD2EDF7D3F80146B81B652838BF6520CE
:10533000ECF7BAFF002818BF0025606806F0FDFEF4
:1053400030B1616801F5CE720888303106F0B4FEE4
:105350002846BDE8F0810000980200201A4910B5E7
:1053600049680A88A1F8C02181F8BE0191F86E0051
:10537000012818BF02280BD0042814BF08280320D6
:1053800006D000BF4FF41D714FF00600EFF706FE88
:1053900081F8C20191F86F00012818BF022804D0DB
:1053A000042814BF08280320ECD181F8C30101F5BB
:1053B000DE704FF0FF0202704FF0000081F84A01EA
:1053C000BDE81040F3F7F8BB9802002010490C2804
:1053D000496881F804011ABF1328182870474FF054
:1053E0000002112811D0072814BF0928704715287A
:1053F0000BD001281ABF002802287047A1F8BC2052
:105400004FF0010081F8C0007047A1F8C22070473A
:105410009802002010B50C4C606890F88D1013298C
:105420001CBF022010BD00F28911E06806F00DFBE0
:10543000606800F1FC01E06806F004FB616816207A
:1054400081F88D00002010BD9802002030B51D4D60
:1054500083B000236868072190F88D20803006F023
:105460009FF8002802BF012003B030BD6946E868FC
:1054700006F0F5FA01F098FE44F62F1100EA010259
:105480006868009B00241A40C0F8CE20C0F8D240C3
:1054900080F8C04080F865410188A0F8C81180F804
:1054A000C641009AC0F8CA21019AC0F8CE21FF2156
:1054B00080F8C411F3F780FB686880F88D4003B072
:1054C000002030BD980200202DE9F0411B4C002641
:1054D0000327D4F804C00125A0B1E068C0788CF897
:1054E000020105FA00F010F4000F06D08CF88D7060
:1054F000ACF8BC608CF8C0501CE040F26251362021
:10550000EFF74CFD00239CF88E2019460CF180002B
:1055100006F046F8002804BF0120BDE8F081E068ED
:10552000C178606880F8011180F88E70A0F8C260C0
:1055300080F8C4500020BDE8F081000098020020EF
:10554000F8B5304C00231946606890F88E20803002
:1055500006F026F8002804BF0120F8BDE06806F038
:105560009BFA50B3E06806F089FA0546E06806F059
:1055700089FA0646E06806F07FFA0746E06806F01A
:105580007FFA01460095606833463A46303006F0AF
:1055900082FE6168012591F88D001C2816BF91F8E4
:1055A000640081F86450012814D091F83F018DF80F
:1055B00000009DF8000030B10CE0BDE8F8404FF06D
:1055C0000000FFF781BF91F83E018DF800009DF8C3
:1055D000000018B11E2081F88E000AE01D2081F81D
:1055E0008E0001F5D57231F8300B06F05CFEF3F752
:1055F000E3FA60680021A0F8C21080F8C4500846A1
:10560000F8BD000098020020F8B5214C00230A21C3
:10561000606890F88D20803005F0C2FF002804BF3C
:105620000120F8BDE06806F037FAC8B1E06806F07E
:1056300025FA0546E06806F025FA0646E06806F019
:105640001BFA0746E06806F01BFA01460095606801
:1056500033463A46303006F01EFE606806F06DFDB7
:105660006168002081F8C00081F88D0091F8640025
:10567000012804BF022081F8640007D0088801F5E2
:10568000CE72303106F018FDF3F796FA0020F8BD1F
:105690009802002010B50C4C00231946606890F861
:1056A0008E20803005F07CFF002804BF012010BD53
:1056B00000216068A0F8C210012180F8C410022106
:1056C00080F88E10002010BD9802002010B50A4C02
:1056D00000230921606890F88D20803005F060FF7C
:1056E000002808BF10BD0020616881F8B40081F86F
:1056F000C00081F88D0010BD980200200748406866
:1057000090F88D100F291CBF02207047002180F8EF
:105710009210122180F88D1000207047980200200E
:1057200010B5174C002382B06068194690F88E209F
:10573000803005F035FF002802BF012002B010BD07
:105740006946E06806F08BF901F02EFD44F62F1152
:1057500000EA01036068DDF800C000220CEA0303E0
:10576000C0F8CE30C0F8D220A0F8C220012180F8C5
:10577000C410042180F88E1002B0104610BD000045
:1057800098020020F0B5464C002587B060682B4693
:10579000294690F88E20803005F002FF002802BFD5
:1057A000012007B0F0BD606890F88D00232811BF7C
:1057B0002428202007B0F0BD6846F0F745FB0028FC
:1057C00008BF002104D0009801A9C0788DF804001A
:1057D000606804AB162290F88D0005F0C2FF012628
:1057E000002788B160689DF81020162180F80721F5
:1057F00080F80611192180F88E1080F8C460A0F896
:10580000C27007B00020F0BDE06806F060F998B102
:10581000E2686168107900F0070081F8660052794B
:1058200002F0070281F8672091F84B318DF80430BF
:105830009DF804302BB127E00020FFF745FE054618
:105840002AE091F84A31012B1ED091F86FC001F186
:105850006E03844501BF18789042022081F84A0106
:1058600012D00A88A1F8B82191F8662001F5CA7013
:1058700081F8BA2191F8671080F827104FF0FF01E6
:1058800080F82210F3F798F96068212180F88E10D3
:1058900080F8C460A0F8C27007B02846F0BD0000D0
:1058A0009802002038B5264C606890F88D001F28BB
:1058B0001CBF012038BDE06806F013F9002836D07F
:1058C000E06862680179407901F0070161F307053A
:1058D000294600F0070060F30F21012082F8C00084
:1058E0000025A2F8BC50232082F88D00D2F84C018C
:1058F000B2F86E20ADF8002005F04FFF9DF80020B3
:10590000C1B28A4207BF616881F83251626882F889
:1059100032119DF80110C0F30720814219BF616860
:1059200081F83301606880F83351002038BD0120D0
:10593000FFF7CAFD04461E20FFF710FD204638BDC4
:105940009802002070B5074D0024E86806F0D3F8EF
:10595000032805D1E86806F0D0F800F005F8044601
:10596000204670BD9802002070B51B4D696891F803
:105970008D20162A13BF132A91F8C620002A022070
:1059800018BF70BD81F800014FF0000481F8C540D8
:10599000024681F8C04091F8DE0128B140F2ED21C5
:1059A0004FF03600EFF7FAFA0888A1F8E20181F823
:1059B000E02181F8E4410D2281F8DE2181F8664181
:1059C000EFF796FF05F0DCF9F3F7F6F8686880F872
:1059D0008D40002070BD0000980200200248C06881
:1059E0000079FFF7C1BF00009802002010B50E4CEF
:1059F000606890F88D1016291CBF022010BD00F1C0
:105A0000E80300F28111002200F27110F1F79EFF0D
:105A100060680021C0E93611012180F89210182138
:105A200080F88D10002010BD9802002070B51D4D2B
:105A3000686890F88D101A291CBF022070BD0024E0
:105A400080F8C54080F8C04080F8664190F8DE11CB
:105A500021B140F215313620EFF7A0FA90F8C610C8
:105A600041B180F8C6400188A0F8E21180F8E04119
:105A70000E2108E00188A0F8E21180F8E041012140
:105A800080F8E4110D2180F8DE110088EFF730FF77
:105A900005F076F9F3F790F8686880F88D400020FB
:105AA00070BD00009802002010B50E4C00230121AB
:105AB000606890F89020803005F072FD00281CBFCF
:105AC000002010BDE06805F0E3FF616881F838014F
:105AD000072081F89000002081F8C40081F8C00000
:105AE00010BD00009802002070B5324C002609213C
:105AF0006068334690F88D20803005F051FD002518
:105B000018B1E0680079122811D060680A210023DA
:105B100090F88D20803005F043FD18B1E0680079E1
:105B2000142815D0E0680079162841D12EE060686D
:105B30000023092190F88D20803005F031FD20B33D
:105B4000606880F8B45080F8C05080F88D502FE025
:105B5000616881F88D50A1F8BC5081F8C05091F86F
:105B6000CE0020F0200081F8CE0091F864000128DA
:105B700004BF022081F864001AD0088801F5CE72B3
:105B8000303106F099FAF3F717F811E0606890F8F1
:105B90008D101F290CD180F88D5080F8C05090F8DE
:105BA000CF1021F0090180F8CF101A20FFF7D6FBA3
:105BB000304670BD9802002070B5354C0023194660
:105BC000606890F88E20803005F0EAFC58B9606873
:105BD0000023082190F88D20803005F0E1FC00289A
:105BE00004BF012070BD606890F8C80010F0020F7B
:105BF00014D1E06805F04EFF616881F8C900E068E3
:105C0000B0F80520A1F8CA20B0F80700A1F8CC0030
:105C100091F8C80040F0020081F8C80060684FF0B9
:105C2000000590F8C81011F0010F0FD190F88E20E8
:105C300000231946803005F0B3FC68B1606801218B
:105C400080F88E1080F8C410A0F8C250606890F8F8
:105C50008D1001290BD104E04FF454713620EFF779
:105C60009DF980F88D5080F8C050F2F7A5FF60686C
:105C700090F8641151B180F86451F2F79DFF6068AB
:105C800090F88D10002908BF80F8C050002070BD2A
:105C90009802002010B50A4C00231946606890F85D
:105CA0008D20803005F07CFC20B161680C2081F8EB
:105CB0008D0010BD40F21F613620EFF76FF9000034
:105CC0009802002010B50A4C00231946606890F82D
:105CD0008D20803005F064FC20B161680D2081F8D2
:105CE0008D0010BD40F225613620EFF757F9000016
:105CF0009802002010B50D4C00231946606890F8FA
:105D00008D20803005F04CFC18B9606890F8C60012
:105D100038B16068012180F8C510132180F88D101A
:105D200010BD40F23A613620EFF738F998020020B2
:105D300010B50A4C00231946606890F88D20803019
:105D400005F02EFC20B16168042081F88D0010BDA3
:105D500040F213613620EFF721F90000980200208D
:105D600010B50A4C00231946606890F88D208030E9
:105D700005F016FC20B161681C2081F88D0010BD73
:105D800040F271613620EFF709F900009802002017
:105D900010B50A4C00231946606890F88E208030B8
:105DA00005F0FEFB20B16168002081F8C40010BD41
:105DB0004FF4CF613620EFF7F1F800009802002091
:105DC00010B50A4C00231946606890F88E20803088
:105DD00005F0E6FB20B16168002081F8C40010BD29
:105DE00040F219613620EFF7D9F800009802002040
:105DF00010B50A4C00231946606890F88D20803059
:105E000005F0CEFB20B16168052081F88D0010BD42
:105E100040F264613620EFF7C1F8000098020020DC
:105E200002490020496881F8C400704798020020A8
:105E300010B50B4C00231946606890F88D20803017
:105E400005F0AEFB38B16068012180F8C5100F2164
:105E500080F88D1010BD40F22B613620EFF79EF8D0
:105E600098020020094810B5406890F88D1012295A
:105E700004D040F233613620EFF790F8012180F82A
:105E8000C610112180F88D1010BD0000980200206E
:105E900010B50A4C00231946606890F88D208030B8
:105EA00005F07EFB20B161681F2081F88D0010BDD8
:105EB00040F281613620EFF771F80000980200206F
:105EC00070B51F4C606890F83211002905BF90F83A
:105ED000331100290021012190F88E304FF0240267
:105EE0004FF00005212B08D090F88D30232B19D0CE
:105EF00040F2AD613620EFF751F8002908BF80F875
:105F00008E200BD080F88E5090F84A01012804BFF3
:105F10000020FFF723FA606880F84A51606880F833
:105F2000C45070BD002908BF80F88D2004D080F8CF
:105F30008D500020FFF712FA606880F8C05070BDE5
:105F40009802002003490020496881F88E0081F8FA
:105F5000C400704798020020074810B5406890F8C8
:105F60008D10182902BF1A2180F88D1010BD40F243
:105F700043613620EFF712F89802002010B50B4C61
:105F800000230121606890F89020803005F008FB24
:105F9000002818BF10BD0821606880F8901000210B
:105FA00080F8C01080F8C41010BD000098020020D6
:105FB00070B50E4C00231946606890F88E20803032
:105FC00005F0EEFA002500281CBF606880F8C45078
:105FD00060680023194690F88D20803005F0E0FAC3
:105FE00000281CBF606880F8C05070BD9802002077
:105FF00070B5174C4FF00005606890F8C81011F0AC
:10600000020F1CBF80F8C05080F864510DD060684A
:106010000023194690F88E20803005F0C1FA002840
:106020001CBF606880F8C45070BD90F88D200023BC
:106030001946803005F0B4FA20B16168012081F87A
:106040008D00E4E74FF4CA613620EEF7A7FF0000A9
:10605000980200201A4A0129526811D00021D8B1B3
:10606000012824D0032818BF704792F88D00132808
:1060700014BF16287047182818BF82F86611704799
:1060800092F80401012808BF704700BFD2F834011C
:106090000178491E01707047B2F88400B2F852319D
:1060A000C01A00B20028A8BF82F850117047B2F899
:1060B0008400B2F83C11401A00B20028E6DA7047BA
:1060C0009802002001480079704700007803002002
:1060D0000149012008717047780300200149002020
:1060E000087170477803002010B5416919B1426802
:1060F0004B689A4203D2C1213720EEF74FFF026965
:106100000A61C368CB60002A12BFD160074A1160E0
:10611000CA68002A08BF002005D01161D0E901201B
:1061200010444A68801A886010BD0000780300207F
:1061300010B500230161C1B1CA68C860C260002AFD
:1061400018BF106101698360002908BF10BD8A680B
:106150007AB1D0F804C0624524BFA2EB0C02826081
:1061600007D22A213720EEF719FF0349C3600860E0
:10617000E8E78B6010BD000078030020016949B199
:10618000D0E901231A448B681A448A60D0E90312CB
:10619000D16002E0064AC1681160C1680069002947
:1061A0001CBF0861704700281CBF00218160704738
:1061B000780300200B498446002009680246431EEC
:1061C00069B18A68624528BF934284BF1346084676
:1061D0000A46C9680029F4D1002818BF7047104644
:1061E00070470000780300200148006870470000F5
:1061F00078030020054801680020002908BF704787
:106200000846C9680029FBD17047000078030020C8
:1062100002480021016041607047000078030020BF
:10622000044900200A68002A12BF0C2000224A609C
:10623000704700007803002000B5417995B041B166
:10624000012906D0022904D0032902D0122015B05A
:1062500000BD01798DF80010017B8DF801104279A5
:1062600000210123E2B3022A3BD08DF8023000BFA7
:10627000D0F80620CDF803204289ADF807208DF82C
:10628000093030F8012B40F271235A430392B0F8E1
:1062900001205A4306928289ADF82420C289ADF8C4
:1062A0002A20028AADF83020428AADF83620828A50
:1062B000ADF83C20C08AADF8420007208DF84810A8
:1062C0008DF84C00ADF84A10069800F067FD58B103
:1062D000039800F057FD38B1684600F0B9F8B6E70A
:1062E000FFE78DF80210C3E73020B0E703494A8882
:1062F000028009788170002070470000641D002032
:106300003EB50C4605460088694605F0FEF80022B9
:1063100028B1C4F80220A271228002203EBD01995A
:1063200011F1800181F85620D1F81600C4F802005E
:10633000887EA0712888208091F856008DF808008A
:10634000029802909DF808000028EBD13EBD0000A5
:1063500010B5044608F0C9FB30B10448818821809B
:10636000C0886080002010BD012010BD761F002075
:106370003EB5054608F0F5FB10B3002402A88DF8E1
:1063800004408DF808400090AA786978287801AB1D
:1063900008F020FD002812D19DF8040008F000FA52
:1063A00080B19DF8080008F0FBF958B106489DF847
:1063B000041081749DF80810C174848200203EBDD1
:1063C00001203EBD11203EBD641D0020FEB50446E7
:1063D000002000F047FE607800B3002518E000BF01
:1063E00004EB85060221B07804F004FE20B1217888
:1063F000012903D031B10FE04220FEBDB11C00F0F5
:106400001BFD01E008F019FC0028F6D16D1CEDB26F
:106410006078A842E4D818E01220FEBD2078002859
:10642000FAD16946022004F0EFFD48B141F27751FC
:106430003920EEF7B3FD029808F0FFFB0028ECD1FD
:106440006846EFF737F80028F5D00020FEBD0000C1
:106450002DE9F0470546B9A0DFF8E882D0E90076DB
:10646000687A88B0810705D598F8081011B940F00E
:1064700001006872284608F0F5F900280CD108F0F0
:10648000D1FB40B9F2F784FB28B9F8F741FFA0F53A
:106490007F41FF3903D00C2008B0BDE8F08703210D
:1064A00005F1180000F086FC0022114607A8EFF75E
:1064B00027F8040012D00021F1F78AFABDF81C0079
:1064C0002080A148C4F8340108F00FFB9F49002840
:1064D00004F1300004D04B888A8803E00920DBE710
:1064E0001B231A46C384028598F8080000B10120D6
:1064F00084F87300884608464978009103788288BA
:10650000B8F802102088EFF72DF910B140F6F161CC
:106510000FE1F2F77BFC606104F11C0000F006FC67
:10652000688D05F00AF82061288E2083E88E60834C
:10653000687A08F017F8D8F808102046216306F0AA
:106540007DFEC4F8967084F89A60FF2084F83A01C2
:106550007D48001F036823B1012204F59F71204686
:1065600098472146002000F0B1FB064600278DF831
:10657000007001216846EEF7CDFD9DF8000000F0A7
:106580000701C0F3C1021144C0F3401008448DF864
:106590000000401D84F8A100092802D2083084F8C8
:1065A000A10001212046F1F713FA6878F8F7FEFF01
:1065B000002E0ED1A9782878EA1CF8F77BFF48B1A5
:1065C000F8F724FEA9782878EA1CF8F797FF060068
:1065D00002D0A4E01226A2E0687A022811D000F0CE
:1065E000050600F0E7FD00EA06010020CA0700D01A
:1065F00001208A0701D540F00200490701D540F08B
:106600000800F9F7A3F8060032D121460320F8F775
:1066100073FE0646A87806F07FFEE91CF8F796FFA1
:10662000002E7CD128784FF0010838BB95F802A0E5
:1066300005F103096946002004F0E6FCC8B140F208
:106640000D2176E0029EB44213D0504606F064FE5F
:10665000B278F31C494604F09CFE50B1727A607A1D
:1066600006F10A0304F10A0104F093FE08B10B26B7
:1066700055E06846EEF71EFF0028E3D00120F8F74A
:10668000C7FE06004BD10120F8F7CAFE060046D12E
:106690008DF80070697AC90706D0E8680190A8698A
:1066A00002908DF800800120697A8A070ED50229B0
:1066B0000BD105EB8001CA680392896904919DF8AA
:1066C000001041F002018DF80010401C697A490762
:1066D0000BD505EB8000C1680591806906909DF897
:1066E000000040F004008DF800006846FCF764FCF0
:1066F000064695F8480000B10120F8F779FD95F8B5
:106700004C00F8F7CDFF56B9F8F7ECFD060006D1BE
:10671000B5F84A102046FCF7D3FA06000CD02088C2
:10672000EFF742FB20880021EEF736FF20B140F65C
:10673000C1713920EEF732FC3046ADE6FFFFFFFFB6
:106740001F000000761F002084030020641D00202D
:10675000017871B1417861B141881B2909D38188E1
:106760001B2906D3044902680A60808888800020BB
:106770007047122070470000641D00200068B0F5CB
:106780007A7F03D302498860002070471220704747
:10679000641D002038B504460078C0070AD068465A
:1067A000EEF776FA9DF8000010B903F078FB08B117
:1067B0000C2038BD2078034900F001000872002049
:1067C00038BD0000761F00202DE9FC471F46144607
:1067D0000E468146002503F005FAA84628B903F0C5
:1067E00037FA10B903F03EFA10B133480E220EE02A
:1067F00003F0CDF940B903F0D4F928B903F0E8F972
:1068000010B903F0F9F970B12B480E30092250B1DC
:1068100090F90010A14204DD811811F9011CA14278
:1068200006DB0C4610E040F236513920EEF7B6FB9D
:10683000012107E010F901C0A44501DC445603E042
:10684000491CC9B29142F5D35FEA090006D001287C
:106850001ED0B9F1020F1FD012252AE000F0FCFB78
:1068600000B186B10221304604F0C4FB70B121466C
:1068700005F02EFF0321304604F0BCFBB8B12146E1
:1068800008F00CFC13E008F07DF9EFE7422510E07A
:106890002046F8F783FE0AE03046694604F035FEEC
:1068A00008B1022505E00198454680F8724007B11D
:1068B0003C702846BDE8FC871C700100034AD2E901
:1068C0000012016042600020704700001470010057
:1068D00010B5052000F05CFCFDF7E4FAF6F718F9B6
:1068E00002490148086010BD656A0100800300206C
:1068F0002DE9F0438BB089460646008804A904F0D0
:1069000004FE002852D105989DF810108046803072
:10691000002941460BD091F8141200BF8DF81810D1
:10692000069906919DF8181021B1012503E091F810
:10693000B611F3E70025817B212900D13DB1002468
:106940004E300821074606F0DEFC10B107E00124B6
:10695000F6E70B21384606F0D6FC00B92CB302A8A6
:1069600000909DF8100001AB3246414608F07EF8D9
:1069700007001BD19DF81000059CD0B104F5E3740D
:1069800098F8730068B19DF8040010F002019DF8BA
:1069900008008DF8041000F002008DF808000BD0FC
:1069A00050B1FF2060705DB908E01A200BB0BDE85F
:1069B000F08304F5A574E3E70920F7E7207808B130
:1069C0003A2714E084F800909DF80400A0709DF828
:1069D0000810E170B288A2808DF818008DF81910A7
:1069E000B088ADF81A0006A9404604F085FE0020E4
:1069F00060703846DAE7000070B504F0E9FCF0F7A3
:106A00007FFB00F0EDFBF2F7C9F8134C4FF6FF7077
:106A100000252083A576A583012000F023FB0F48E5
:106A20001B214FF4A472018042808180C280A57432
:106A3000E574457203222270022262706180A18097
:106A400040F6A661A1604900E16005720448057046
:106A5000A575257470BD0000641D0020761F002000
:106A6000840300202DE9FE4F92460F46814608F030
:106A70003CF8002866D03448B9F85810B9F8565098
:106A800006888E4200D30E468188A94200D20D4668
:106A900044884FF42962944200D31446C08840F6DB
:106AA0004801904201D2884200D3084680468C4279
:106AB00000D30C464FF4A4711B2D01D0884503D19F
:106AC0001B2E3FD08C423DD06A465146484607F0C7
:106AD00093FFBDF80600B04200D80646FE80BDF820
:106AE0000800A04200D804463C81BDF80200A8423C
:106AF00000D805467D80BDF804004146404500D9D8
:106B00000846B880FF2139701B3EE02E02D94FF4B1
:106B10004E6114E01B3DE02D02D940F6E2410EE04B
:106B200040F64811A4F5A4748C4202D940F6E44121
:106B300005E0A0F5A470884204D940F6E64139206A
:106B4000EEF72CFABDE8FE8F761F002070B50446E4
:106B500000780025012804D018B1022801D00328AC
:106B600068D1607828B1012803D0022801D0032819
:106B700060D1607E10B9A07801285BD1A078C108EF
:106B800058D1810704D5022854D12C49497AE9B358
:106B900040074FD000F00EFB0146A07830EA01011B
:106BA00001D0112070BDC00706D0E0780123226912
:106BB000A16807F0F7FE0546A078800706D5E078C3
:106BC00002232269A16807F0EDFE0543A078400783
:106BD00006D5E07804232269A16807F0E3FE0543A7
:106BE0000DB1284670BDA07805281FD1D4E9031542
:106BF00020790423626907F0D5FE0028F2D1012034
:106C000004EB80010A691544221800E012E0D378F1
:106C1000927893420ED18A6849688A420AD1401C10
:106C2000C0B20228ECD3A068A84203D3207E08B1EA
:106C3000072801D9122070BD002070BD761F0020EA
:106C40002DE9F0411D46DDE90647A1F1060C40F6AD
:106C50007A43089E9C4505D8A2F1060C9C4501D8B4
:106C6000012300E0002320B190F8730068B16BB9F4
:106C700002E01548007AF9E7A1F60150062821D86C
:106C8000A2F60150062801D91CE0DBB1914219D8C7
:106C9000B5F5FA7F16D2A4F10A0040F67641884293
:106CA00010D8104604F049FC6D1C684340F2712175
:106CB00040004C43B0EB041F04D2B74202D801207D
:106CC000BDE8F0810020FBE7761F002030B587B0DB
:106CD00005460888ADF8040013480C4603AB817CD8
:106CE0008DF80610C17C8DF80710808AADF8080079
:106CF00004A8009001AA2146284607F0B7FE050027
:106D000010D19DF80C008DF814009DF810008DF83E
:106D10001500BDF80800ADF8160005A9204604F0DE
:106D2000EBFC284607B030BD641D002038B5044692
:106D300007A00321006800906846EEF7EBF90021F8
:106D40006846425C6254491CC9B20329F9D338BD74
:106D5000112233000449A0F6C410884201D3002058
:106D60007047012070470000CCF370020449A0F680
:106D7000C410884201D300207047012070470000F2
:106D8000CCF370020449A0F6C410884201D300205D
:106D900070470120704700003D369C000449A0F672
:106DA000C410884201D300207047012070470000C2
:106DB0003D369C0030B50022074D09E050F82240D6
:106DC0002B469C4200D8234640F82230521CD2B2B7
:106DD0008A42F3D330BD00000024F4000449A0F53A
:106DE0007A70884201D3002070470120704700006C
:106DF000A8F970020449A0F57A70884201D30020F6
:106E00007047012070470000A8F97002094A9042BB
:106E10000BD8012902D0042903D008E040F25371B5
:106E200001E040F6C411884201D2002070470120E1
:106E3000704700008FFD70022DE9FC410C460646AC
:106E400005F048FC98B1304605F033FC30B1B4F899
:106E50000110122000290BD0802909D8304605F0F6
:106E6000EDFB38B1304605F075FA28B109E0422053
:106E7000BDE8FC810C20FBE7304605F00CFC002847
:106E800058D0304605F0E8FD0028F3D1304605F033
:106E90007EFA0028EED13046F2F7E2F8B4F80100AD
:106EA00042F2107100FB01F8E178304605F0BEFBBC
:106EB0002078032104F09EF838B14449096821B1D3
:106EC00090F848200AB138308847304605F0E7FB93
:106ED00048B1304605F0EDFB3D4F80B1304605F03E
:106EE000ECFB50B10BE0424600213046F4F7F2FDD6
:106EF0000028BDD041F2AB415BE0387AD0B100222E
:106F0000012101A8EEF7FCFA04003CD00021F0F7C3
:106F1000B1FDBDF8040020802146304605F0EDFBB0
:106F200007F0E3FD2B4D002804F1300004D06A88FF
:106F3000A98803E012209BE71B221146C284018529
:106F4000387A00B1012084F87300A968216310B178
:106F50004FF47A7701E041F64C57304605F0ADFB2F
:106F600010B9304605F0C7FB214601202761FFF725
:106F7000ADFE50B10121BDF80400EEF70DFB10B1DC
:106F800041F2F74115E0092072E7687800902B780C
:106F9000AA8869882088EEF7E5FB10B141F202511A
:106FA00007E0424621463046F4F794FD20B141F215
:106FB00004513920EDF7F2FF0748036823B100229E
:106FC00004F5DE7120469847002051E78C0300202D
:106FD000761F0020641D00208003002010B50446A9
:106FE000C188808807F0F0FB00280FD161882088D5
:106FF00007F0EAFB002809D10548A1888180218893
:107000000180E188C18061884180002010BD0000BE
:10701000761F00200C36110C5900361108070605A2
:1070200004030200FCF8F4F0ECD8040300FCF8F4CC
:10703000F0ECD80010B50C46F1F792FD054844601D
:10704000806807F06CFF07F03EFABDE81040F1F7EA
:10705000C5BF000090030020014800787047000081
:107060009003002001490870704700009003002041
:1070700010B5054CE06807F052FF206907F04FFF9C
:10708000BDE81040FFF7B8BC9003002010B50549DB
:10709000054807F037FF0448BDE810400349001DCC
:1070A00007F030BFA403002098030020AC030020A9
:1070B00010B50849084807F025FF07480749001D93
:1070C00007F020FF0448BDE810400549083007F0EC
:1070D00019BF0000B403002098030020C40300205F
:1070E000BC03002010B50849084807F00BFF07480B
:1070F0000749001D07F006FF0448BDE81040054998
:10710000083007F0FFBE0000D403002098030020E1
:10711000DC030020CC0300200148407870470000C9
:107120009003002010B5F4F7B1FD0348F2F704FA1C
:10713000BDE81040F1F746BD6D21002010B5EEF717
:10714000B3FE0348EEF74EFFBDE8104007F0C4BEA3
:107150006D21002010B5FFF75BF8FBF711FD034828
:10716000F8F78AF9BDE81040F1F744BD6D21002021
:10717000064910B501204870F2F734FAF5F706FE1B
:10718000FFF7DCFFBDE81040F1F73CBD90030020A5
:10719000044AC10800F0070301209840535C0343F0
:1071A00053547047000000200149D1E900017047A5
:1071B00000000020094908880979C20A000A42EA49
:1071C000415240EA0160D20700F00100001840EA95
:1071D0005272D0B240F00100704700000000002061
:1071E00010B5EDF727FA0022084B114633F821407D
:1071F000844203D303EB8100827803E0491CC9B2C7
:107200000C29F3D30248027010BD000066F00100A3
:107210004404002001480078704700004404002026
:107220002DE9F84F0F460546032190460E46FF20F4
:1072300003F01CFE4FF6FC71C01C00EA010425B3EC
:10724000DFF8509004FB0753C9E90153A9F8004047
:10725000C7EBC7020021184602F09AFD0025AA4696
:1072600011E0284600F018F82146FF223346CDF8F9
:10727000008003F099FDC5EBC502D9F808106D1C1C
:10728000ADB201F802A0BD42EBD3E41D04FB07F050
:10729000BDE8F88FE403002002494A68098800FB32
:1072A00001207047E403002070B5054616460C46E1
:1072B000022000F01FFA0549012008700449F01E61
:1072C000086004480560001F046070BD450400208C
:1072D00010F5004008F5004010480178A9B1104AA7
:1072E0004FF4000111600F49D1F800310022002B4A
:1072F0001CBFD1F80431002B02D0D1F8081141B1E4
:1073000042704FF01001817002704FF0000000F0E9
:10731000F1B90121417004490968F4E745040020EE
:1073200008F5014000F0004000F4004010B50220D4
:1073300000F0E0F906480122002102700548C0F87B
:107340000011C0F80411C0F80811026010BD00005F
:107350004504002000F0004010B5022000F0CAF9FA
:1073600007490120087007490020C1F80001C1F851
:107370000401C1F8080104494FF40000086010BD81
:107380004504002000F0004004F5014003480021BE
:107390000170417010218170704700004504002089
:1073A0000C480178002904BF807870470A48D0F85B
:1073B000001100291CBFD0F80411002902D0D0F818
:1073C000080110B14FF01000704704480068C0B2C7
:1073D000704700004504002000F0004000F4004029
:1073E000114810B50278114B4078C821491EC9B226
:1073F0005AB1D3F800C1BCF1000F0CD0D3F804018E
:1074000038B1D3F8080160B103E0022803D00128A5
:1074100007D0002010BD0029E8D19E213B20EDF7C8
:10742000BDFD012010BD00004504002000F000401B
:107430002DE9F04104461E4617468846012000F01B
:1074400059F9234D234804F003012E7100683204DA
:1074500061F3070066F30F20000C1F4E42EA006044
:107460000843C6F804051D48C0F8008002F0C4FBBC
:1074700028B91B48016821F0FF01394301601A490E
:107480001848086019491A48002C18BF042C04D168
:10749000C0F810151749C0F81415012C05D116496C
:1074A000C0F810151549C0F8141501206870EC706B
:1074B000002C1EBF012C022CBDE8F08128704FF07B
:1074C0000001C6F80011C6F800123060BDE8F08176
:1074D00048040020BC76010000F0004008F50040A0
:1074E00018F500400000020208F5014000F10040DC
:1074F00088F0014004F00040501100400CF00040C2
:1075000070B5274A5378D3B1264B1960191D08600E
:10751000012191701046D57890F800C0224C234884
:10752000002395B1042D27D0BCF1000F2BD0C0F85B
:1075300004311079022818BF032828D02DE04FF419
:10754000C2714FF03C00EDF729FDBCF1000F0FD0E8
:10755000C0F804314FF400322260D0F80021002A34
:1075600008BF70BD416012494FF40030086070BD23
:10757000B3213C20EDF712FD1170C0F80431C0F8C2
:107580000012016070BDC6213C20EDF707FD0948DF
:10759000C0F850310848032101600848206070BDE0
:1075A000480400200CF5004004F5014000F00040C4
:1075B00008F50140001000401CF5004000000202E8
:1075C000054900200A781AB1054B044A1A60087070
:1075D00048708870704700004804002000000202D4
:1075E00008F5014002480021017041708170704728
:1075F000480400200B4810B5007848B10A48D0F87C
:10760000040150B109480068002818BF012010BDCE
:107610004FF4F2713C20EDF7C1FC40F2E5113C2043
:10762000EDF7BCFC4804002000F0004000F40040EE
:10763000014901208860704700F000402DE9F041C9
:107640001B480078D8B11B4CD4F80401002818BF9F
:10765000BDE8F0810220C4F80403174F3868C0F376
:107660000018386840F010003860D4F80401002891
:1076700004BF4FF400454FF0E0260DD104E04FF475
:10768000F8713C20EDF78AFCC6F88052EDF7F0F96E
:10769000D4F804010028F7D0B8F1000F03D13868FE
:1076A00020F0100038600220C4F80803BDE8F08123
:1076B0004804002000F0004010ED00E00000010050
:1076C00010B54FF0E0224FF400410020C2F88011C5
:1076D000BFF34F8FBFF36F8F044908600860FFF757
:1076E0006FFF03494FF40000086010BD00F5004033
:1076F00008F5014070B5114C05460020206020605F
:10770000FFF75EFF0E494FF400000860002D08BF30
:1077100070BD0C480C49012D04BF022222600BD021
:10772000022D03D081213D20EDF738FC0322226099
:10773000086006494FF40000086070BD00F5004085
:1077400008F501406F22002014F5004004F50140C7
:107750000548D0F8001221F04001C0F800120021C5
:10776000C0F8601570470000001000400449C1F8DF
:107770006005D1F8000240F04000C1F800027047F7
:1077800000100040C20002F1804202F5F832074BBF
:10779000C2F81035C2F81415012101FA00F00449AD
:1077A000086004490A6B10430863704704110040E5
:1077B00004F50140001F0020014890F82A0070479E
:1077C000001F00202DE9F84FEDF7A2F9EDF716FAAA
:1077D000474C0746D4F8040310F0100F14BF4FF0C5
:1077E00001084FF000081020C4F808030220C4F874
:1077F0000002404DDFF80491002685F834603E48D1
:10780000C9F80000D4F850054FF0010A10F0FF0F3E
:1078100017D0FF208DF80000C4F81061C4F810A044
:1078200005E000BF9DF80000401E8DF800009DF8A7
:10783000001019B1D4F810010028F3D09DF8000011
:1078400040B1A88B962824D3687A012807D0022853
:1078500012D01EE040F671013E20EDF79FFBEDF7E0
:107860000BFA002818BFB0F1FF3F12D040F682019A
:107870004FF03E00EDF792FBEDF7F2F9002818BF4C
:10788000B0F1FF3F05D040F688014FF03E00EDF724
:1078900085FBC4F81061002001F0A0FBEE712E7290
:1078A0006E7295F84400B0B1D4F8000220F4801054
:1078B00040F00200C4F800024FF48020C9F8000034
:1078C00068690F4920F00300686108600E490D489F
:1078D000086085F84460B8F1000F1CBF1020C4F8A0
:1078E0000403002F18BFC4F810A0BDE8F88F0000F3
:1078F00000100040001F002000000E0C08F50140A1
:107900000019004080320200101900402DE9F041BA
:10791000914E804686B096F834000C4610F0010F68
:1079200041D08E4A4FF0406111608D4FD7F8001260
:1079300041F00101C7F8001240F0020086F834005F
:10794000204600F0E5FCB17E252908BF40F6621014
:1079500019D0262908BF40F67A1014D0272908BF6D
:107960004FF41B600FD00A294FEA410094BF00F684
:10797000641000F66610B0F5166F3CBFA0F6381024
:1079800040F4807001D3A0F51660C7F80805754A69
:1079900001F07F0010600125B8F1000F08D0B8F1A8
:1079A000010F36D08AE040F202713E20EDF7F6FA80
:1079B000012C08BF00200BD0022C08BF012007D0EB
:1079C000042C08BF032003D0082C08BF022034D1A8
:1079D00096F9192005ABE9F74FFC002838D19DF93D
:1079E000140001F007FC02F023F978B15E490A683F
:1079F0004806022CD0F820030CBFC0F30660C0F389
:107A0000062022F4FE4242EA0020086075723D60C2
:107A100054E0307A012824D1B07A012808BF002030
:107A200010D0022808BF01200CD0042808BF032072
:107A300008D0082808BF022004D040F2FE310620FA
:107A4000EDF7ACFA96F9192005ABE9F715FC20B172
:107A500040F296513E20EDF7A1FA9DF9140001F095
:107A6000C9FBFF2086F83700D7F8000240F4887081
:107A7000C7F8000202F0F6F878B114F00C0F09D044
:107A80000120C7F8040301F0A9FAFD633D6486F8FC
:107A9000355002E0002001F0A1FA204601F050FB31
:107AA0000220707202F0C4F838B902F0B1F820B9BF
:107AB0002E48016841F4C02101607D602C48C564F6
:107AC0002C48D0F84005B18B962931D32A49B8F11A
:107AD000000F07D0B8F1010F17D040F2FC613E2033
:107AE000EDF75CFA00F12802C1E9020223492248BD
:107AF000EDF7C8F8002818BFB0F1FF3F18D040F2EA
:107B0000EB614FF03E00EDF749FA00F12902C1E9BF
:107B100002021A491848EDF7A9F8002818BFB0F179
:107B2000FF3F05D04FF4DF614FF03E00EDF736FA2E
:107B3000DFF84CC0B8F1010F9CE80F108DE80F1072
:107B400014BF012000208DF801006846EDF73AF8D7
:107B500006B0BDE8F0810000001F002004F50140E0
:107B60000010004054150040881500406815004082
:107B7000008000400C800040F80300204890010085
:107B8000849001002DE9F04FDFF830A3074687B05D
:107B90004FF040600D46CAF80000C94C94F834001C
:107BA00040F0020084F83400084600F0B1FBA17EEA
:107BB000252908BF40F6621019D0262908BF40F6D3
:107BC0007A1014D0272908BF4FF41B600FD00A2960
:107BD0004FEA410094BF00F6641000F66610B0F55D
:107BE000166F3CBFA0F6381040F4807001D3A0F5AA
:107BF0001660B44EC6F8080501F07F00B24908606F
:107C0000284601F09DFADFF8C4B24FF000094FF0AA
:107C1000010817B1012F4BD0B1E0012D08BF0020A2
:107C20000BD0022D08BF012007D0042D08BF032070
:107C300003D0082D08BF02204ED194F91920A17E4F
:107C400005ABE9F719FB002852D19DF9140001F0AA
:107C5000D1FAE079012805D1D6F8000240F00800F9
:107C6000C6F8000201F0E4FF78B1994A11685006A5
:107C7000022DD0F820030CBFC0F30660C0F306202D
:107C800021F4FE4141EA0020106084F80980206B55
:107C900040F4801020634FF48010CAF800003BF8D5
:107CA000150000F5FA714FF47A70B1FBF0F966E057
:107CB000207A012825D1A07A012808BF002010D001
:107CC000022808BF01200CD0042808BF032008D0D8
:107CD000082808BF022004D040F2FE310620EDF74C
:107CE0005DF994F91920A17E05ABE9F7C5FA20B139
:107CF00040F296513E20EDF751F99DF9140001F044
:107D000079FAFF2084F83700D6F8000240F4887032
:107D1000C6F80002E079012805D1D6F8000240F04B
:107D20000400C6F8000202206072206B40F40010CC
:107D300020634FF40010CAF800004FF0290901F049
:107D400091FF88B115F00C0F0BD00120C6F8040389
:107D500001F044F9C6F83C80C6F8408084F83580CC
:107D600002E0002001F03AF901F062FF38B901F0B9
:107D70004FFF20B95748016841F4C0210160E07904
:107D8000002804BF94F8340040F0020006D0012817
:107D900004BF94F8340040F0040001D184F83400AA
:107DA00094F83400DFF8308110F0010F29D010F082
:107DB000020F16D0D6F8000240F00100C6F800020B
:107DC000D6F85005C0B20B2818BF0A2803D00328E4
:107DD00018BF022815D140F2C7514FF03E00EDF711
:107DE000DDF810F0040F0CD03D493C48C1F81405F3
:107DF000D8F8400128B140F2CF514FF03E00EDF7E6
:107E0000CDF801F0D0FD0068012829D0012F0EBF68
:107E100049F6BA713BF8150000F516714FF47A7007
:107E2000B1FBF0F0D8F840152E4E96E86C108DE8B6
:107E30006C1014BF012200228DF80120CDE903103F
:107E40006846ECF7BFFEA08B0021962832D3264867
:107E500067B1012F1CD040F2FC613E20EDF79EF887
:107E6000FFF7B0FC07B00020BDE8F08F2822C0E982
:107E700002121E491C48ECF705FF002818BFB0F19C
:107E8000FF3F17D040F2EB614FF03E00EDF786F870
:107E90002922C0E9021215491348ECF7E7FE002831
:107EA00018BFB0F1FF3F05D04FF4DF614FF03E0047
:107EB000EDF774F807B04846BDE8F08F04F50140CF
:107EC000001F0020001000405415004036900100B3
:107ED00088150040681500400080004008100040F0
:107EE00098F0014098900100F803002048900100AC
:107EF000024AD36B0360106C08607047001F0020BB
:107F000090E80D10014981E80D107047F01E002027
:107F1000164910B54A6A824204D340F6F7013E2062
:107F2000EDF73CF80122DFF848C00A730861CCF88D
:107F300044200CF10403D3F84045641D844206D369
:107F40000C48D0F80411002908BF026110BD0022BE
:107F5000CCF84421C3F84005086B40F48000086366
:107F600005494FF48000086010BD0000001F00208C
:107F7000008000400010004004F5014010B50F4C97
:107F800003460220207394F829C0A08B94F828108F
:107F9000227EBCF1010F0DD001F0ECF82061084801
:107FA0000021C0F844112169606A08440549C1F8FC
:107FB000400510BD01F0FCF8F0E70000001F0020B4
:107FC000008000400480004010B501F031FE002820
:107FD00008BF10BD0348016821F0010141F0807124
:107FE000016010BD7417004010B596289EBF04496B
:107FF000888310BD4FF4E2713E20ECF7CFFF000004
:10800000001F00202DE9F041482200211D4801F009
:10801000BFFE1C480024FF21C4710472447280F822
:1080200037105F2180F8381001F0BBFD164F174D57
:10803000174E28B901F0CCFD10B901F0D3FD40B1C5
:108040002422FF21384601F0A3FE2C603460BDE8F5
:10805000F08101F007FE10B901F0FAFD40B14022B5
:10806000FF21384601F094FE2C603460BDE8F081B9
:108070003822FF21384601F08BFE2C603460BDE8C9
:10808000F0810000001F0020000E0040080E00409C
:10809000100E00400548406A002818BF704710B510
:1080A00040F239213E20ECF779FF0000001F00204C
:1080B000014890F828007047001F00200548006A1A
:1080C000002818BF704710B540F233213E20ECF76E
:1080D00065FF0000001F00200C490D4A91F82800A0
:1080E0004B6A096A52F82020591A0A4409490A4B76
:1080F00051F8201053F82000081A4FF47A7100F25A
:10810000E730B0FBF1F0104470470000001F002082
:10811000D490010060900100F89001002DE9F04139
:10812000254E244C0020C6F84005271DC7F8400501
:10813000C4F8400506F10408C8F84005FFF742FB03
:108140001E4DA88B96280CD3ECF784FD002818BF91
:10815000B0F1FF3F05D040F202514FF03E00ECF786
:108160001DFF286B164940F480000860002028633A
:10817000287368622862C6F84005C7F84005C4F84D
:108180004005C8F84005C4F84801C4F84401C4F8E3
:108190004001C4F84C014FF0E0210220C1F88001F9
:1081A00001F5C071BFF34F8FBFF36F8FC1F80001AE
:1081B000BDE8F0810080004008800040001F0020E2
:1081C00008F501402DE9F04702274FF0E0284FF075
:1081D00001090025C8F88071BFF34F8FBFF36F8F7F
:1081E000384CC4F8FC5FC4F8FC9F01F011FD364E1A
:1081F00018B1306840F48060306001F0FDFC38B1A7
:10820000306820F0690040F0960040F00040306097
:1082100001F00EFD30B12D48016821F47F4141F499
:10822000B05101602B492A480860ECF737FD40B196
:108230004FF08050D0F83003B0F1FF3F1CBF26490B
:1082400008604FF01020006EB0F1FF3F04D02349CA
:108250000A6860F317420A6040F2031140F25B6063
:10826000C4F83415C4F838051D48C0F80090012042
:1082700000F04EF840F20120C4F850060220C4F885
:108280000002194917480860184819490587103035
:108290009622456280F834500D708283154A126828
:1082A000426180F84450C8F880721020C4F804037A
:1082B000C8F800714868002808BFBDE8F087BDE82D
:1082C000F0470047001000403C17004040170040B6
:1082D0002C000089781700404C1700408C15004096
:1082E0003015004000000E0C08F50140F01E002083
:1082F000F003002000190040014948767047000053
:10830000001F0020014951F820007047D49001005F
:108310000D4910B508760D49012808BF032010D07B
:10832000022808BF04200CD0042808BF062008D06B
:10833000082808BF052004D040F6E8413E20ECF7AD
:108340002DFE086010BD0000001F00201015004029
:108350001E4910B5C1F804051D4A92F8340040F0DA
:10836000010082F8340010F0010F08BF10BD10F0BA
:10837000020F16D0D1F8000240F00100C1F800024F
:10838000D1F85005C0B20B2818BF0A2803D0032823
:108390001CBF022810BD40F2C7514FF03E00ECF761
:1083A000FDFD10F0040F08BF10BD0A480A49C1F8CE
:1083B00014050A48D0F84001002808BF10BD40F25B
:1083C000CF514FF03E00ECF7E9FD000000100040F7
:1083D000001F00200810004098F00140008000407D
:1083E000014951F820007047F89001002DE9F04F45
:1083F0000D46D749804687B04FF04060164608606A
:108400001046FFF785FFD34CA17E252908BF40F613
:10841000621019D0262908BF40F67A1014D02729F7
:1084200008BF4FF41B600FD00A294FEA410094BFE8
:1084300000F6641000F66610B0F5166F3CBFA0F6AB
:10844000381040F4807001D3A0F51660C24FC7F811
:108450000805C24801F07F020260DFF804B34FF064
:108460000109B8F1000F07D0B8F1010F5FD040F259
:10847000F1713E20ECF792FD012E08BF00200BD0D9
:10848000022E08BF012007D0042E08BF032003D00E
:10849000082E08BF02205ED194F9192005ABE8F739
:1084A000EBFE002862D19DF9140000F0A3FE01F05C
:1084B000BFFB78B1AB4A11685006022ED0F82003FA
:1084C0000CBFC0F30660C0F3062021F4FE4141EA70
:1084D00000201060A44830F81610E079012806D07A
:1084E00001F5FA724FF47A71B2FBF1F16D1A0028BE
:1084F00004BF3846CBF8147584F80990DFF86CA2F5
:10850000CAF8405596499A48C1F81005206BDFF823
:1085100040B240F4002020634FF00060CBF8000030
:108520001020C7F80403B8F1010F66D150E0207A9B
:10853000012824D1A07A012808BF002010D00228E9
:1085400008BF01200CD0042808BF032008D0082849
:1085500008BF022004D040F2FE310620ECF71EFDD9
:1085600094F9192005ABE8F787FE20B140F2965147
:108570003E20ECF713FD9DF9140000F03BFEFF20B8
:1085800084F83700D7F8000240F48870C7F800027A
:10859000304600F0D5FD01F04BFB38B901F038FB57
:1085A00020B97448016841F4C0210160E1790129D2
:1085B00006D04AF2AE124FF47A70B2FBF0F02D1AE8
:1085C0006D48002908BFCBF814050220607295E7BA
:1085D00001F048FB68B116F00C0F0BD00120C7F872
:1085E000040300F0FBFCC7F83C90C7F8409084F807
:1085F000359002E0002000F0F1FC4FF40020CBF8B1
:108600000000E079002804BF94F8340040F0020034
:1086100006D0012804BF94F8340040F0040001D1D2
:1086200084F8340094F8340010F0010F29D010F0D1
:10863000020F16D0D7F8000240F00100C7F8000280
:10864000D7F85005C0B20B2818BF0A2803D003285A
:1086500018BF022815D140F2C7514FF03E00ECF789
:108660009DFC10F0040F0CD03D494448C1F814059E
:10867000DAF8400128B140F2CF514FF03E00ECF75C
:108680008DFCCAF84C903E48D0F84005A84204D36F
:1086900040F618013E20ECF781FCB8F1010F08BF4D
:1086A00049F6BA7104D0304830F8160000F516715A
:1086B0004FF47A70B1FBF0F0324A92E84E108DE838
:1086C0004E1014BF012100218DF80110CDE9035097
:1086D0006846ECF777FAA08B96283CBF07B0BDE858
:1086E000F08F2948B8F1000F07D0B8F1010F19D069
:1086F00040F2FC613E20ECF751FC05F12801C0E995
:10870000025122492048ECF7BDFA002812BFB0F10F
:10871000FF3F07B0BDE8F08F40F2EB614FF03E0045
:10872000ECF73CFC05F12901C0E902511749164854
:10873000ECF79CFA002812BFB0F1FF3F07B0BDE88C
:10874000F08F4FF4DF614FF03E00ECF727FC0000A4
:1087500004F50140001F00200010004054150040A7
:1087600098F00140881500403690010000800040DC
:10877000408100406815004004100040081000408F
:108780000C800040AC900100F803002048900100EC
:1087900070B51B4C0546002394F829C016460846C0
:1087A000BCF1000F06D0214691F828103DB1012DF3
:1087B00012D018E040F634013E20ECF7EFFBBCF19C
:1087C000010F04D006F08FFC616A43180BE000F043
:1087D00025FD616A431806E0BCF1010F0AD006F0DE
:1087E00074FC616A431832462846BDE87040194659
:1087F000FFF7FCBD00F004FD616A4318F3E70000D9
:10880000001F002030B5364C87B00D00E071A27219
:108810000CBF012002202072012806D0022836D089
:1088200040F60D213E20ECF7B9FB607A02282ED1EC
:10883000012A08BF002010D0022A08BF01200CD056
:10884000042A08BF032008D0082A08BF022004D049
:1088500040F2FE310620ECF7A1FB94F91920A17E2D
:1088600005ABE8F709FD20B140F296513E20ECF748
:1088700095FB9DF9140000F0BDFCFF2084F8370043
:108880001848D0F8001241F48871C0F80012627ADA
:10889000207E022AA28B4FF47A7118D0124B33F843
:1088A000100000F2E730B0FBF1F010440F4C012D46
:1088B00094E81E108DE81E1014BF012100218DF8D0
:1088C000011001906846ECF77DF907B030BD084B08
:1088D00053F8200000F2E730B0FBF1F0101AE5E7A2
:1088E000001F00200010004024900100C0900100F3
:1088F000F89001000149C87170470000001F002076
:1089000002490020C1F84005704700000080004087
:108910000349096801F07F01494201700120704755
:10892000481500400349020EC1F824250002C1F891
:108930001C057047001000400068034920F07F408C
:10894000C1F83C05704700000010004010B500223F
:10895000012910D0022908BF4FF080720BD00429E2
:1089600014BF08294FF0C74205D040F29D214FF0B7
:108970003E00ECF713FB42F484710C4A41F4801181
:10898000116040F44030111D40F00070086008484C
:10899000D0F85005C0B203281CBF0B2810BD40F210
:1089A000B5214FF03E00ECF7F9FA00001415004035
:1089B000001000400149887670470000001F002029
:1089C0002DE9F04FDFF8008483B00127C8F84C7020
:1089D000FE48D0F840B5EBF72BF8FD4CFD4D08F103
:1089E0000409C4E90F0B94F835000026E8B1D5F866
:1089F000040110F1000A18BF4FF0010AD5F8100168
:108A0000002814BF0121002151EA0A0016D080205D
:108A1000C5F80803F04A0003106084F8356091F04F
:108A2000010F1CBF03B0BDE8F08FA08B96287DD34B
:108A3000607A01287BD002287AD0BBE0D5F80011FB
:108A4000E648DFF89CB339B3C5F800616F61FF21D8
:108A5000009102E0491E009119D0D5F81C1100299F
:108A60000099F7D099B1006800F07F0B94F83800B6
:108A700058453CBF002000F0B1FA84F837B0C5F883
:108A80001C610120C5F808032F64AF6307E040F6BE
:108A900009313E20ECF782FABAF1000F03D0BAF1A7
:108AA000000F2AD063E0006800F07F0084F83700F0
:108AB000C5F81C6194F8361049B194F83810814219
:108AC00018D2002000F08AFA2F64AF6312E0C54983
:108AD000096894F838308AB2090C984203D30F2AF7
:108AE00006D9022904D2012000F078FA2F6401E0AF
:108AF0002F64AF63DBF8000000908020C5F804030A
:108B0000C8F84070D8F84005D9F8401543F69822C7
:108B10000244B5488A421DD2D8F8401542F210727C
:108B20001144C8F84015C8F8406102E042E027E06F
:108B300033E0AE49C1F81005AD48C1F81405AD48A1
:108B40004FF400210160206B40F40020206303B04B
:108B5000BDE8F08F0020C8F84005C8F840618020CB
:108B6000C5F8080301039C480160C8F840618020F3
:108B7000C5F8080301039848016003B0BDE8F08F11
:108B8000ECF77AF8002818BFB0F1FF3F12D040F69A
:108B900082014FF03E00ECF701FAECF761F8002893
:108BA00018BFB0F1FF3F05D040F688014FF03E00FE
:108BB000ECF7F4F98848216B01602663D5F80002D0
:108BC00020F01D0020F48070C5F8000284F83460A5
:108BD000207B4FF0000A00281BBFD8F84401002872
:108BE00000210121607A012879D0022875D000BFC8
:108BF0001AF00B0F72D080480078C0B17F4800682F
:108C000010F0FF001BBFD5F814110029002101212D
:108C100084F82A1000281BBFD5F81801002800206E
:108C2000012084F82B00D5F8100484F82C00D5F826
:108C30000401002818BF01208DF80000C5F800616C
:108C4000C5F80C61C5F81061C5F80461C5F8146178
:108C5000C5F81861C5F80861C5F86C616846EBF79E
:108C6000A3FF002818BF102040EA0A0AC8F8446190
:108C70001AF0100F06D01AF0080F02BF607A012810
:108C80004AF0200A5E48D0F84005606294F8290056
:108C900002281CBF607A0228217E41D084F8281067
:108CA000627A84F829201AF0020F26621CBFD9F8D4
:108CB000400520621AF0080F1CBFD9F84005206259
:108CC0004FF00008CDF804B0207AA8B31AF0110FC5
:108CD0003CD0FEF777FD66E001E009E018E0D5F84A
:108CE0000C01002814BF4FF0080A4FF0000A7FE77C
:108CF000D5F80C01002818BF0220424A126812F071
:108D0000010F14BF00220422104340EA010A6FE75A
:108D1000D5F81001002818BF102040EA0A0A6AE7B7
:108D2000042918BF0829B9D13748006810F0060F88
:108D30000CBF08210421B1E7FFE727484FF040614D
:108D40000160E6712672667226732CE0012814BF5A
:108D50004FF0010B4FF0000BE079012818BF002005
:108D60000090E67126726672A08B002352B3BBF1AD
:108D7000000F65D0BBF1000F05D0012A6CD006F0C2
:108D8000A4F9616A43180098194640B101983B3034
:108D9000884292BFE7712F614FF0010803D8A27A91
:108DA0005846FFF723FB94F8440060B1D5F8000261
:108DB00020F4801040F00200C5F800024FF480203B
:108DC000054923E037E02DE0008000400C800040A2
:108DD000001F00200010004008F501404815004029
:108DE0001C110040741500404081004098F0014083
:108DF0001410004004F50140F0030020401600402C
:108E000008800040001400401414004008606069AD
:108E10004D4920F00300606108604D494B480860EF
:108E200084F84460DFF82CB11AF0010F19D0DBF898
:108E3000000080474BE040F634013E20ECF7AEF8EE
:108E4000012A04D006F04FF9616A43189BE700F04D
:108E5000E5F9616A431896E700F0D2F9616A4318B0
:108E600091E71AF0020F29D01AF0040F20D100F078
:108E7000DFFEE8B900F0CCFED0B937480068C0F397
:108E80004252C0F3006100F00F03C0F3031CC0F3B3
:108E9000032069B1002B1CBFBCF1000F002807D1D3
:108EA0002E480068002818BF032A38BF4AF0040A79
:108EB00027EA9A004146DBF8042007E01AF0280F61
:108EC00005D0DBF8082027EA5A11404690471AF0EF
:108ED000100F1CBFDBF80C008047607A022817D106
:108EE000207BA8B1022806D0012821D040F6E3312A
:108EF0003E20ECF753F82169606A0844C9F8400540
:108F0000206B174940F4800020634FF48000086014
:108F10001AF0100F04BF03B0BDE8F08FC5F8106160
:108F20004FF0E0210220C1F8800203B0BDE8F08FCD
:108F3000616A2069884288BFC9F84005E0D840F6D8
:108F4000E4313E20ECF72AF800190040803202009C
:108F500010190040F01E002050140040541400402E
:108F600004F5014010B5184BB1F804C003EB8004C0
:108F7000C4F820C691F800C0D1F801104CEA0121D4
:108F8000C4F800161149D1F800C0012101FA00F01F
:108F90004CEA0001C9B232B1012A0BD040F264514F
:108FA0003E20EBF7FBFFD3F84026C2F3072222EA6C
:108FB000000004E0D3F8402640EA1220C0B241EAA3
:108FC0000020C3F8400610BD0010004040160040CD
:108FD0000149012008707047F00300200E4A0F4934
:108FE000136870B123F0820343F07D0343F0004324
:108FF00013600A6822F0100242F0600242F0004260
:1090000005E023F0004313600A6822F000420A6082
:10901000034981F8360070473C1700407C17004038
:10902000001F00200000DC05E80300000000000035
:1090300000000000D41700002CA6E0A1000020A82A
:1090400000000000000020A80100000010110040F6
:109050000000000000000000000000000000000010
:1090600000000000141E000030110000000000008D
:1090700060EA0000000000000000000000000000A6
:1090800060EA000002000000000000000000000094
:109090000000000000000000000000000080004010
:1090A00000000000000000000000000000000000C0
:1090B00000800040000000000000000000000000F0
:1090C000010000000000000000000000000000009F
:1090D0000000000000000000280000001800000050
:1090E000000000005001000000000000000000002F
:1090F000000000005001000000000000141E0000ED
:109100003011000000000000B45F0000000000000B
:1091100000000000000000003C73000000000000A0
:1091200070170000A00F0000000000003C280000A5
:109130000000000000000000000000003C280000CB
:1091400010B5044600F08EFD002808BF10BD084988
:10915000082C18BF042C086803BF20F46C5040F49E
:10916000444040F0004020F00040086010BD000086
:109170004017004070B5054614460846FFF730F921
:1091800005EB4501C1EBC511C0EBC101074850F823
:10919000240008444FF47A7100F6B730B0FBF1F5C3
:1091A0002046FFF7AFF82844401D70BD4C920100E7
:1091B00070B5DFF83CC01C460C4B3CF8111000EBBE
:1091C000400C53F82230CCEBC01001EBC00003F68A
:1091D000B73318444FF47A71B0FBF1F51046FFF73E
:1091E00091F828442044401D70BD00004C920100BD
:1091F000389201000149C0B2086070470C15004068
:10920000054A32F811104FF47A7201F2E731B1FBDE
:10921000F2F10844801E704738920100054A32F886
:1092200011104FF47A7201F57A71B1FBF2F1084432
:1092300070470000389201000000DC05E8030000E0
:109240000000000000000000D41700000000000033
:10925000141E0000301100000000000060EA000051
:1092600000000000000000000000000060EA0000B4
:109270002DE9F04F099E88468E461546044619464C
:10928000002B40F0C7804245B2FA82F746D94FB171
:10929000C7F1200C08FA07F320FA0CFCBD404CEA99
:1092A000030EBC404FEA15481FFA85FCBEFBF8F9D7
:1092B000220C08FB19E309FB0CFA42EA03439A4526
:1092C00028D9EB1809F1FF3004D29A4502D9A9F147
:1092D00002002B44A3EB0A03A4B2B3FBF8F208FB91
:1092E000123302FB0CFC44EA0344A44514D92C19A4
:1092F00002F1FF3303D2A44501D9931E2C44A4EB01
:109300000C0443EA00401EB1FC400023346073604B
:10931000BDE8F08F4846DDE71346F0E702B9FFDE0F
:109320008FBBA8EB020301214FEA154EAAB2B3FB93
:10933000FEFC200C0EFB1C330CFB02F840EA03433E
:10934000984563D9EB180CF1FF3004D2984502D947
:10935000ACF102002B44A3EB0803A4B2B3FBFEFC68
:109360000EFB1C330CFB02F244EA0344A2424FD929
:109370002C190CF1FF3304D2A24202D9ACF1020342
:109380002C44A41ABDE7C7F1200C28FA0CF908FAFE
:1093900007F320FA0CFCBD404CEA03024FEA154EDD
:1093A000ABB2B9FBFEFC110C0EFB1C900CFB03F8DE
:1093B00041EA0040804504FA07F423D928180CF14B
:1093C000FF3104D2804502D9ACF102012844A0EB60
:1093D000080092B2B0FBFEFC0EFB1C000CFB03F875
:1093E00042EA004398450FD9EB180CF1FF3204D242
:1093F000984502D9ACF102022B44A3EB080342EAE0
:10940000014191E76146E2E76246F6E76046A2E77E
:109410006346B6E7434505D90EB1C6E90008002109
:10942000084675E7B3FA83FCBCF1000F10D1434541
:1094300001D382420AD8841A68EB030301209E46B6
:10944000002E68D0C6E9004E002161E76046F7E7CC
:10945000CCF1200E03FA0CF322FA0EF41C4320FA8E
:109460000EF108FA0CF328FA0EFB19434FEA1449DF
:1094700002FA0CF5BBFBF9F8A3B209FB18BB0A0C06
:1094800008FB03FA42EA0B42924500FA0CF73ED978
:10949000A21808F1FF3004D2924502D9A8F10200C7
:1094A0002244A2EB0A0289B2B2FBF9F809FB1822A6
:1094B00008FB03F341EA024293422AD9A21808F1B9
:1094C000FF3104D2934202D9A8F10201224441EAB9
:1094D0000040A0FB0598D21A42454B46414602D3B4
:1094E00006D14F4504D2B9EB050368EB04010138FE
:1094F0008EB1FC1A62EB010707FA0EFE24FA0CF398
:109500004EEA030327FA0CF7C6E900379CE740460A
:10951000C7E74146DBE73146FAE610F8012B11F8C0
:10952000013B012A28BF9A42F7D0D01A7047034660
:1095300013F8012B002AFBD1181A01387047704725
:109540002DE9F0410D0004464FF002064FF00107EF
:1095500008D02878D0B1012807D0022814D00328D9
:109560003BD116E080F820700EE06868C82803D36D
:109570000321E8F799FE08B1002607E02046696854
:1095800000F02AF9012601E0E7F7CCFE3046BDE8FD
:10959000F08120780028F7D16868E7F795FEE0B100
:1095A0006968087828B1A078052807D040F27B11B7
:1095B00010E0204600F018F96770E5E7204600F05B
:1095C0002BF9E07804F10C0100F00AF80028DBD157
:1095D00040F27D116A20EBF725F984F82070D3E77B
:1095E000E9F706B92DE9F0410D4604000BD02679C4
:1095F00000270220092D7BD2DFE805F008102E2E6F
:109600005B647C97860040F29511E2E0A078042824
:109610006FD00328FCD04FF4D071DAE0A078042892
:1096200004D0032802D04FF4D271D2E00520A070FC
:1096300084F82070207880BB0021204600F0CCF810
:10964000207B012804D0A069E0610021A26841E0EC
:10965000E078E8F7ADFFF7E7A178042904D0032903
:1096600002D04FF4E171B4E0227822B121463046B5
:1096700000F0EEF8A4E0042900D00120A070A26858
:10968000022D0BD006213046904700286BD0007881
:10969000002868D04FF4EE719BE031E005213046A0
:1096A0009047002871D0007800286ED040F2D71182
:1096B0008FE0A078052802D040F2E31189E0022172
:1096C000A26807E0A078052802D040F2E91180E006
:1096D000A26801213046904701462046FFF730FF3F
:1096E00002286DD0F0B3012864D040F2292170E047
:1096F0005DE067E0A078052802D040F2EF1168E055
:10970000BDE8F041E7F70EBEA078052802D04FF47F
:10971000FA715EE0A2680A21304690470146204671
:10972000FFF70EFF40F2F71153E0A178052906D0AC
:1097300062780AB1032902D040F2FB1149E0217896
:1097400029B121463046BDE8F04100F081B894F8D7
:10975000201089B184F82070A070A26808213046DA
:10976000904701E029E02BE000280ED00078002887
:109770000BD040F207212CE0617859B1E07804F178
:109780000C01FFF72DFF10B16770BDE8F08140F2CA
:109790000B211EE0A070A2680721304690470028E8
:1097A000F3D000780028F0D040F2132111E04FF4FC
:1097B00006710EE00421A2688CE70321A26889E704
:1097C000002DE2D100F0F2F800680028DDD040F270
:1097D00033216A20EBF726F80246037B0069084430
:1097E00010615938E9F79EBE012202730022C2754A
:1097F0000A796AB1002282824A795AB103228275BB
:109800008A686A320261C968816103218170704788
:109810002B22F0E70222F2E710B504460020207365
:10982000E075087980B10020A082487970B10320EA
:10983000A075C8686A3020618968E069E8F756FE5B
:10984000A0610420A07010BD2B20EDE70220EFE7FF
:1098500070B505460C46C878E9F72CFC78B120466F
:1098600000F010F8A268092128469047002808D087
:109870000078002805D0DD216A20EAF7D3FFD9213E
:10988000FAE770BD0021817001704170704770B5BA
:10989000E7F7A2FD0546002406E02046E7F7A2FD13
:1098A000FFF7F0FF641CE4B2AC42F6D370BD2DE9C3
:1098B000F0410D46E7F796FD040007D0A0786FF061
:1098C0002206012806D0022810D103E06FF0010023
:1098D000BDE8F0816FF0150755B12846E7F7F4FCB5
:1098E00030B1287830B1A078022808D03046EFE7B0
:1098F0003846EDE729462046FFF776FF03E0294684
:109900002046FFF789FFE07804F10C01FFF768FEBD
:1099100008B10020DCE740F2AE216A20EAF782FFBE
:1099200010B50446E7F75EFD010004D008786FF03B
:10993000220268B902E06FF0010010BD887838B1EA
:10994000022807D0012805D001200870002010BD92
:10995000104610BD2046FFF77BFFF7E72DE9F041E9
:109960000E460746E7F738FD054600240AE0204684
:10997000E7F738FD807818B14FF0FF30BDE8F0818F
:10998000641CE4B2AC42F2D3082E02D96FF0150089
:10999000F4E717B13146384601E000210846BDE83A
:1099A000F041E7F705BD0020EAF78CBB0020EAF79D
:1099B0006FBB10B5EAF73CF8BDE8104000F000B806
:1099C000410A43F609525143C0F3080010FB02F06C
:1099D00000F5807001EB50207047E8F7FDBD0028CE
:1099E00009DB00F01F02012191404009800000F1D5
:1099F000E020C0F88012704700280DDB00F01F0245
:109A0000012191404009800000F1E020C0F8801160
:109A1000BFF34F8FBFF36F8F704770B502460020C2
:109A200000291DD0A2FB0101400A40EAC150490AA9
:109A3000401C41F1000140F2A172831841F1000184
:109A40005B1C41F100040021D3F1FF33A14103D29B
:109A500071216D20EAF7E6FE00F5F460B0FBF2F04C
:109A600070BD4058002800D001207047D0F80C2469
:109A7000D0F80C0402F00102C00303D58A4201D1E0
:109A8000012070470020704710B501218807EAF7D0
:109A900073FE002800D0012010BD4FF0804001214E
:109AA000016070474FF08041D1F81824D1F81814A4
:109AB00002F00302C90303D5824201D1012070479D
:109AC0000020704710B500214FF08040EAF754FEA7
:109AD000002800D0012010BD002809DB00F01F0283
:109AE000012191404009800000F1E020C0F880127F
:109AF000704700280DDB00F01F0201219140400952
:109B0000800000F1E020C0F88011BFF34F8FBFF359
:109B10006F8F704700100200FA000000D063A6C2E9
:109B20004E3683F92BCDB091BC3C828B08B33D9C63
:109B3000002809DB00F01F0201219140400980004C
:109B400000F1E020C0F880127047EFF3108172B688
:109B50000278012A01D0012200E0002201230370D3
:109B600001B962B60AB1002070476FF02200704759
:109B70000021017008467047EFF3108172B6002291
:109B8000027001B962B600207047EAF737BF4FF0A4
:109B90008050D0F830010F2801D0002070470120FC
:109BA00070474FF08050D0F830010A2801D00020D3
:109BB00070470120704700B5FFF7F3FF20B14FF069
:109BC0008050D0F8340108B1002000BD012000BD54
:109BD0004FF08050D0F830010E2801D0002070479F
:109BE000012070474FF08050D0F83001102801D08C
:109BF00000207047012070474FF08050D0F83001AE
:109C0000062803D0401C01D0002070470120704777
:109C100000B5FFF7F1FF48B14FF08050D0F83401A4
:109C2000062803D3401C01D0012000BD002000BD48
:109C300000B5FFF7E1FF38B14FF08050D0F83401A4
:109C4000062803D3401C01D0002000BD012000BD28
:109C50004FF08050D0F830010D2801D0002070471F
:109C6000012070474FF08050D0F83001082801D013
:109C70000020704701207047002A04BF0020704771
:109C8000521E07D0037891F800C0634504BF401C02
:109C9000491CF5D000780978401A7047F0B480EA82
:109CA000010C03461CF0030F3CD113F0030F0BD043
:109CB000002A04BFF0BC704711F801CB03F801CBB8
:109CC000521E13F0030FF3D1032A4FD9B2F1004F04
:109CD0004CD2C2F1000C4FEAEC740CEB947C4FEACE
:109CE000AC0CCCF1000CBCF1000F1BDD0D1F1C1FD8
:109CF0001CF0010F03D055F8046F44F8046F5FEABD
:109D00006C0607D06F68676055F8087F44F8087FD5
:109D1000761EF7D101EB8C0103EB8C03CCF1000C28
:109D200002EB8C02002A04BFF0BC7047B2F1004F76
:109D300026D2002ADCBFF0BC7047491E5B1E12F021
:109D4000010F03D011F801CF03F801CF521004BF67
:109D5000F0BC704791F801C083F801C011F802CF40
:109D600003F802CF521EF5D1F0BC7047042AD9D3B4
:109D700051F804CB121F43F804CB042AF8D2D1E7E0
:109D800011F801CB03F801CB521EF9D1F0BC70479A
:109D900070B4034601F0FF0C10F0030F09D0002A45
:109DA00004BF70BC704703F801CB521E13F0030FC1
:109DB000F5D1C9B241EA012141EA0145032A39D965
:109DC000B2F1004F36D25142CC1701EB9471891099
:109DD0004E42002E11DD191F16F0010F18BF41F879
:109DE000045F741004D04D6041F8085F641EFAD11E
:109DF000714203EB860302EB8102002A04BF70BCB0
:109E00007047B2F1004F1DD2002ADCBF70BC704712
:109E1000591E12F0010F18BF01F801CF521004BFF4
:109E200070BC704781F801C001F802CF521EF9D111
:109E300070BC7047042AE0D3121F43F8045B042A65
:109E4000FAD2DAE703F801CB521EFBD170BC70479F
:109E50004FF0FF30704700207047002070474FF0F0
:109E6000FF30704770477047002070474FF0FF3059
:109E700070474FF0FF3070470021017070474FF07E
:109E8000FF3070474FF0FF307047002801D06FF06F
:109E90001500704700207047002200F00AB810B586
:109EA00000210846EAF7E2FE08B1002010BD0120BB
:109EB00010BD30B5034600209B1A6FF07F056FF090
:109EC0001504AB4202DA20462B4603E07F2B01DD6E
:109ED00020467F230B704A7030BDF8B504460090D1
:109EE00015460E466846EAF713FF2A46314668468D
:109EF00000F007F80098C01D20F007000090001B3C
:109F0000F8BD2DE9F04706460C4608784978002749
:109F10000844914600F0FF083D460EE0237A022BEC
:109F200000D20223E279032A00D20322A1796079C8
:109F300001F086F86D1C0744EDB24545EED330685C
:109F4000C01C20F003003060B9F1000F00D00020E9
:109F50003A464146EBF784FC316808443060BDE87E
:109F6000F08730B50D468DB0144601461022684684
:109F7000FFF794FE1022294604A8FFF78FFE6846DB
:109F800001F0F0F918B16FF015000DB030BD1022DE
:109F9000204608A9FFF782FE0020F6E73EB50446FA
:109FA000011D6846EEF7C0F8002804D06946204637
:109FB00000F034F801203EBD0EB50146684600F0C1
:109FC00013F86846EEF772F90EBD10B50446204648
:109FD000EBF7FAF8002806D0A1782078EBF738F9EB
:109FE0000028F4D0012010BD0A88C2F30B020280C1
:109FF0004A8842804A789309002242714B78C3F321
:10A0000001131BB1012B05D0022B05D00271091DD4
:10A01000816070470122F9E70222F7E710B50C468C
:10A0200009780170417821F00F0141702288C2F354
:10A03000032211434170A2788270628821F03001BE
:10A04000120AC2704170227902F0030241EA021141
:10A0500021F0C0014170627941EA82114170A1682A
:10A06000021D914206D06288FB2A00D3FB22001D0C
:10A07000FFF714FEA078001DC0B210BD2DE9F84F07
:10A08000044691F800C00D46002010273E221226FB
:10A09000FF234FF0140E4FF00C0A4FF0050B04F1A4
:10A0A0000D014FF01109BCF1230F71D2DFE80CF064
:10A0B00070122A2C31F271A8B2C4F3F0EFEEEDEC7D
:10A0C000EB70705376EAE9E8E7E6E5E4E3E2E1E025
:10A0D000DF70DE0084F800A02879A0706879E07055
:10A0E000B5F80500000A2071E8796071287AA0713E
:10A0F0002889000AE071A87A20726889000A6072D3
:10A10000082081E1277001E01A2020702879A070D2
:10A1100052E122700220A07015F8040FE070A87AB6
:10A12000207168786071D5F80200C4F80600E888EC
:10A130006081287A20732E7A1F2E00D31F260846AE
:10A14000324605F10B01FFF7A9FD0D36697AA155DD
:10A15000761EF0B256E122700B20A0702879E070D4
:10A1600068792071A8796071D5F80700C4F80600F5
:10A17000B5F80B006081687B2073D5F80E00C4F839
:10A180000D00688AA4F81100287DE07430463BE198
:10A190003CE12946204600F0AEF933E122700A2066
:10A1A000A07015F8040FE070A87820716888000A84
:10A1B00060712879A0716879E071D5F80600A06017
:10A1C0006889A081E868C4F80E00288A6082D5F802
:10A1D00012006061E88A2083287EA076288B000A1E
:10A1E000E076A87E2077688B000A6077287FA077CA
:10A1F000A88B000AE077A87F84F820001F2003E1E5
:10A20000227084F802E02879E070A888000A2071A2
:10A21000A8790CE122700420A0702879E070A87958
:10A220002071E888000A6071A868C4F80600E86830
:10A23000C4F80A000C20E7E022700320A0702879FF
:10A24000E070A8792071E888000A6071287AA0710E
:10A250002889000AE071A87A20726889000A607271
:10A26000287BA072A889000AE0721DE12CE1FFE0C2
:10A27000E0E00BE11AE1D2E0CAE0B8E0ADE098E03E
:10A280009CE043E03FE054E04EE032E026E019E09D
:10A2900015E000E056E0227084F802B02879E07002
:10A2A000A888000A2071D5F80600C4F80500D5F882
:10A2B0000A00C4F80900E889A4F80D0019E184F83F
:10A2C000009038E084F800B02879A0706879E070D8
:10A2D000B5F80500000A2071E879A8E00820207090
:10A2E0002879A070A879E070E888000A2071287A9F
:10A2F0009DE0302020702879A070A879E070E8886F
:10A30000000A207189E02270072095E0227084F80D
:10A3100002A02879E070A8792071E888000A6071AD
:10A32000287AA071687A55E0291D2046EAF7B2FF25
:10A3300068E0572020702879A070A888000AE07093
:10A34000022061E022700D22A2702A79E270EA896F
:10A35000A2806A79A271D5F80620C4F807206A891C
:10A36000A4F80B202A7C20466273291D6A7C827324
:10A370008A7BC2738A7E02744A7A4274B1F81120D1
:10A38000ADF800204282CA7C02754A69C0F81520E7
:10A390000A8BA0F819200A7AC2760D7AE52D00D32F
:10A3A000E5252A461C301C31FFF778FC1A35E8B247
:10A3B00028E0227084F80290012025E02270A67027
:10A3C0002879E07068792071A8796071E888000ABE
:10A3D000A071287AE071062016E022700E20A0708D
:10A3E0000F22291DE01CFFF759FC10200CE0227001
:10A3F0000F20A070AA7A291DE01CD21DFFF74EFC89
:10A40000A87A0830002801D06070801CBDE8F88F61
:10A410002270A770A888A4F803000320F4E7237033
:10A42000A120A0702879E070687920710020607107
:10A430000420E9E72370A220A0702879E070A888A2
:10A44000000A2071A8796071E888000AA071287A52
:10A45000E0712889000A2072A87A60726889000A6F
:10A46000A072287BE072A889000A20730B20CBE73A
:10A470002370A320A0702879E070A888000A2071BA
:10A48000A8796071E879A0710520BDE722701320DA
:10A49000A0702879E07068792071D5F80600C4F8BA
:10A4A00005006889A4F809000A20ADE72370A420FC
:10A4B000A0702879E070A888000A2071A8796071DE
:10A4C000E879A07107209FE723708020A070A988F9
:10A4D000A4F80310E988A4F80510297AE1716989C4
:10A4E0002181A9896181E989A181297C01F001018A
:10A4F000A1730D2088E73E220270012282700A7942
:10A50000C2708A790271CA88120A42710A7A82710B
:10A510004A7AC271D1F80A208260CA8982810A7C93
:10A5200082730A8A120AC2738A7C02744A8A120AE5
:10A5300042740A7D82748A8A120AC274897D017506
:10A54000132070473E2202700122827011F8042FFE
:10A55000C2708A7802714A88120A42710A7982713D
:10A560004A79C271D1F8062082604A8982810A7EC6
:10A5700082730A8B120AC2738A7E02744A8B120A91
:10A5800042740A7F82748A8B120AC274897F0175B1
:10A59000132141700846704710B520B1FFF7FEFC4B
:10A5A00020B1002010BD6FF0150010BD6FF022002B
:10A5B00010BD10B56FF0150420B1FFF7FDFC08B118
:10A5C000002010BD204610BD10B520B1FFF7FDFCE6
:10A5D00020B1002010BD6FF0150010BD6FF02200FB
:10A5E00010BD03F0D8BE03F032BF10B5EAF7B0FEDD
:10A5F000002010BD10B5EAF7B9FE002010BD03F031
:10A6000042BF08B500788DF80000684603F041FDB0
:10A6100008BD1FB500210091019102910391D0F86E
:10A62000021041F64C52914204D340F2E242B1FB97
:10A63000F2F105E04FF47A72B1FBF2F101F55061ED
:10A64000028889B2ADF80020ADF80210ADF8041010
:10A65000C188ADF806100089ADF80800684602F020
:10A660002DFF04B010BDFCF789B808B500788DF84F
:10A6700000006846FCF78EF808BD007800B10120A4
:10A6800003F040BC70B5054610220021FFF780FBA7
:10A690001022002105F11000FFF77AFB4FF08054E3
:10A6A000D4F88000401C0BD1D4F88400401C07D1A2
:10A6B000D4F88800401C03D1D4F88C00401C0BD087
:10A6C000D4F88020D4F88400D4F88810D4F88C30E2
:10A6D0002A616861A961EB610020EBF733FC18B9CE
:10A6E000D4F8A000C00718D1D4F89000401C0BD1BA
:10A6F000D4F89400401C07D1D4F89800401C03D132
:10A70000D4F89C00401C08D054F8900F6168A268EF
:10A71000E36828606960AA60EB60002070BD38B50E
:10A720004FF080550446D5F8A400401C05D1D5F85B
:10A73000A800C0430004000C3ED0D5F8A000C0071C
:10A740003AD0D5F8A400D5F8A810ADF80010C4F898
:10A750000100BDF80000A4F80500A07940F0C00099
:10A76000A071D5F89000401C0FD0D5F89400401C83
:10A770000BD0D5F89800401C07D0D5F89C00401CA1
:10A7800003D00020EBF7DEFB40B110220021E01DDA
:10A79000FFF7FEFA01202070002038BD55F8902FF9
:10A7A0006968A868EB68C4F80720C4F80B10C4F8FF
:10A7B0000F00C4F81330EDE70020ECE702780A70D0
:10A7C000B0F80120A1F80120B0F80130CA1C0078CF
:10A7D000194603F09CBB03F04EBC30B490F9032043
:10A7E0007F2A00D1002203780B70B0F80130A1F865
:10A7F0000130B0F80140CB1C0078214630BCFBF79B
:10A80000E3BF03F0D9BDFCF759B802F00BBE02F06C
:10A81000EEBD02F024BE02F047BE02F038BE02F0E8
:10A820004DBEFBF709BD02F09ABE03F022BB02F059
:10A83000BEBE02F0C5BE02880A8002F043BF028895
:10A840000A8002F058BF02F080BF02F084BFFBF71D
:10A850004DBDFBF755BD03F00DB802F085BF02F00A
:10A860008DBF02F09BBF02F0A4BF02F0CBBF02F08D
:10A87000F4BFFBF76DBD02F0F4BF03F05BBE03F065
:10A8800016B802F0FBBF03F02EB803F03AB803F09D
:10A890004DB803F07EB803F0F3B803F00FB9FBF73F
:10A8A00067BD10B5EAF74EFD002010BD03F02DB9CD
:10A8B00010B504460120EAF7E7FC2046BDE8104049
:10A8C000FBF784BD03F040B903F05CB903F06BB94A
:10A8D00003F0CCB903F0E9B903F028BA03F044BAA5
:10A8E00003F058BA03F064BA03F06BBA03F07FBA0E
:10A8F00003F0AABA03F0EFBA02F015BD03F068BD89
:10A9000003F095BD891D0844504380B2704770B56F
:10A910000B88047F00F1240623F4004502882E44AE
:10A92000A41D3688224492B22644541E344494FB1B
:10A93000F2F402FB0452408892B2904203D903F42D
:10A940000040104302E04FF400409843088070BD7F
:10A95000884201D1012070470020704720F4004256
:10A9600021F400439A4207D100F4004001F4004171
:10A97000884201D0012070470020704770B5007FE9
:10A980001C46801D084413460988049AC91C89B2D4
:10A990001519C01E8D4205D8811822461846FFF7AA
:10A9A0007DF900E00024204670BD70B5007F1C4694
:10A9B000801D084413460988049AC91C89B21519D8
:10A9C000C01E8D4205D8104422461946FFF766F98D
:10A9D00000E00024204670BDC1888088FFF7B8BF22
:10A9E00081880089FFF7B4BF70B50E46044600F1B8
:10A9F00024018088002520F4004001443570208A1D
:10AA000000281BD0A289104480B2A0810A889042FD
:10AA100005D94FF4B3714FF01400EAF7BFFA0BD128
:10AA2000A06908B1407F887004F104012046FFF757
:10AA30006EFFA581012030702582012070BDF8B520
:10AA4000044600F12403C0880F4620F40046608AC3
:10AA5000991908B1B84201D20020F8BDE08900255B
:10AA600040B1B1F800C0604508D04FF41471142013
:10AA7000EAF794FA607F88700D800EE094F81CC0AD
:10AA800018440CF1060CB4446044B4F81EC020F81D
:10AA900003CC94F820C000F801CCE0893844E08170
:10AAA0000888384408809AB1A11D2046FFF72FFF7F
:10AAB000E581607F401C6077A07D8DF800000098E4
:10AAC00000909DF8000078B1E088A082A5750BE0A9
:10AAD000207FE189801D30441944084430F8031D6B
:10AAE000E183807884F8200065820120F8BDC01CD5
:10AAF000704710B5C288438922F4004423F4004112
:10AB0000091B02F4004203F400439A4201D1428837
:10AB100011440288007F801D104480B291FBF0F048
:10AB200080B210BD10B50446C1888088FFF710FFC1
:10AB300038B9A08928B9208A18B9A088A18A884282
:10AB400001D1002010BD211D2046FFF7E0FE0020AE
:10AB50002082012010BD10B5044600F12403C088F6
:10AB600020F400401A182088452800D24520884249
:10AB700004D240F219111420EAF710FAE07D0028FF
:10AB800003D01088884201D2002010BD1180A11D81
:10AB90002046FFF7BCFE0020E075012010BD2DE926
:10ABA000F04104464089A788002504F10A0606E022
:10ABB00031462046FFF7ABFE6D1C6089ADB23946C9
:10ABC000FFF7C6FE0028F3D02846BDE8F08170B537
:10ABD000044600F12402C188808820F40043D5187F
:10ABE000A288A38A9A4213D0FFF7B2FE80B9A08947
:10ABF00070B9A46974B12046FFF7F2FE50B92089FC
:10AC0000243420F400402044A9788078884201D17F
:10AC1000002070BD284670BD0388452B00D2452317
:10AC20001380C28822F4004300F124021A440A600F
:10AC3000C0897047007F801D0844C01E10600888CE
:10AC400070472DE9F0410E460446C18800F1240802
:10AC50000089228821F4004520F40047452A00D2CB
:10AC60004522B24203D2DB211420EAF797F9FFF71D
:10AC700075FE10B10020BDE8F081AF4208D9207FF9
:10AC8000791B801D081A864202DD0020E075F1E77D
:10AC900008EB050001210680E175ECE7F8B5C688F0
:10ACA0008588044600F1240225F400401718314637
:10ACB0002846FFF74DFE08B10020F8BDA089218A83
:10ACC00008443988884201D20120F8BDADF800500F
:10ACD00069462046FFF71BFE3146BDF80000FFF72E
:10ACE00037FE80F00100F8BD2DE9F04117460D4612
:10ACF000044600F12401C288808820F40043CE1865
:10AD00001146FFF725FE18B100202082BDE8F08132
:10AD10003088A189227F401A114431442A8880B2A8
:10AD2000C91C824200D92880A08928B1002038702F
:10AD3000288820820846E9E70120F8E708B5818ADB
:10AD4000A1F57F42FF3A08D0827D8DF80020009A5D
:10AD500000929DF800205AB904E040F28D31142091
:10AD6000EAF71CF98088FFF7F3FD08B1002008BD61
:10AD7000012008BD4FF6FF71818200218175704767
:10AD800010B5818AA1F57F42FF3A04D040F26931C3
:10AD90001420EAF703F9C1888182C18909B1FF2132
:10ADA00000E00021817510BD2DE9F0411646DDF867
:10ADB00018800F4604461D4642461946304600F0AC
:10ADC00055F8874201D2A82119E0E01C20F00301C8
:10ADD0002046A14201D0A92111E024220021FEF742
:10ADE000D7FF4FF6FF70A0822577424629463046AE
:10ADF000FFF788FD6080B0F5004F03D9AF21142024
:10AE0000EAF7CCF8268000206077BDE8F081816108
:10AE1000886170472DE9F0478946044600F1240116
:10AE20000689B0F80A808088174626F400428D18FB
:10AE300001463046FFF78CFD10B10020BDE8F087D9
:10AE40000FB1E81C3860B9F1000003D0227FE91C83
:10AE5000FEF724FF2D8804F108012046FFF757FD77
:10AE6000464501D1208960812846E7E710B50446B0
:10AE7000FFF748FD0021452C01D2C4F145012430E3
:10AE8000084480B210BD2DE9F0478846C1880446C9
:10AE9000008921F4004504F1240620F4004706EB64
:10AEA0000509FFF75BFD002298B92088452800D2EC
:10AEB0004520AF4206D9217F7B1B891D591A81424B
:10AEC00000DA0846E18911B1B9F80030C01A4045EE
:10AED00003DA62820020BDE8F087207F3144801DC4
:10AEE00028440844A4F81280C01EF4E70021C18160
:10AEF00041828175704770B50023082904D240F261
:10AF0000CB111520EAF74AF802680AB91EE010468C
:10AF1000026893888B4202D01368002BF7D1948883
:10AF200013468C4201D111680DE001F10805ADB264
:10AF3000AC420AD3641A114400220A608C80026871
:10AF4000126802600A60016000E00023184670BDCC
:10AF500010B50C0006D0082C09D240F2951115202E
:10AF6000EAF71CF808B100210160002010BD18B1FB
:10AF7000A1B2006800F014F8201D10BD0021026885
:10AF800003E093881268194489B2002AF9D100F0CD
:10AF900007B800230B608A8002680A60016070476E
:10AFA00000234360021D0181026070473EB50446E4
:10AFB000694600F029F868B140F25A2107E0BDF86F
:10AFC00004002146EAF7E8FA20B140F25F21172099
:10AFD000E9F7E4FF6846EAF76DFA0028EFD03EBDD6
:10AFE000A0F57F43FF3B01D0052901D30020704726
:10AFF000EAF704BBA0F57F42FF3A01D0052901D34F
:10B0000000207047EAF734BB70B505460C46084689
:10B0100000F0BAF908B1102070BD052D01D307204A
:10B0200070BD25700020608070BD10B50446EAF741
:10B030006BFBA04201D9012010BD002010BD70475C
:10B0400070B50E461D46114600F011F8044629461B
:10B05000304600F003F82044001D70BD10B50A46CC
:10B060000121FFF703FFC01C20F0030010BD10B545
:10B070000A460121FFF7FAFEC01C20F0030010BDB4
:10B0800010B50446084600F015F821180A7D022A7A
:10B0900008D0497D022909D0032A03D0032905D00D
:10B0A000002010BD04EB4000008B10BD04EB4000FD
:10B0B000408B10BD08B1002070470220704710B5CA
:10B0C00004460846FFF7F6FF04EB4000018B11B978
:10B0D000408B002800D0012010BD38B50446807890
:10B0E0000D468DF80000009800909DF8000048B9CA
:10B0F0001046FFF7DFFF21180A7D022A04D0497DA0
:10B10000022905D0002038BD0246401CC0B201E033
:10B11000411CCAB285B12318002104EB4000197507
:10B1200001830320A118087504EB820040682860A1
:10B1300004EB4200008BA880012038BD70B50446A6
:10B1400015460846FFF7B6FF21180A7DAA4203D12B
:10B1500004EB4000008B70BD497DA94203D104EB94
:10B160004000408B70BD002070BDB0F5FF7F01D264
:10B1700040087047FF20704710B50446FFF7F5FF01
:10B18000201A40F27261884200DB084680B210BD8E
:10B190000121FFF775BF2DE9F041064642F3800714
:10B1A00048780C4622F004057F1C00B195B928436D
:10B1B00010D0002020B17DB100212046EAF7C6FB67
:10B1C000FF20A0703846FFF775FF2118097D03297D
:10B1D00004D007E00120EDE70121EEE7022D01D0C8
:10B1E000401CC0B222180121117504EB400200215D
:10B1F00004EB800011834268A170334661F30F03B2
:10B200000CC6BDE8F0812DE9F04104461E4690468B
:10B210000846FFF74FFFFF21A17021180A7D012A80
:10B2200004D0497D01290CD1401CC0B204EB40057B
:10B230000027298B2B8C8A199A4205D920442F8309
:10B2400007750020BDE8F08104EB800032464068BD
:10B2500008444146FEF722FD288B30442883A7701E
:10B260000120EFE702220021FFF768BF10B501219E
:10B27000FFF725FF002800D0012010BD0122FFF7B5
:10B280002CBF0022FFF729BF70B5044615460846BB
:10B29000FFF710FFFF21A170211802220B7D012B67
:10B2A00007D04B7D012B09D04FF48B710920E9F7B2
:10B2B00075FE04EB400005830A7503E004EB4000D3
:10B2C00045834A750020A07070BD01210170704750
:10B2D00001221146FFF732BF01220021FFF72EBFE6
:10B2E0000021FFF7CDBE002809DB00F01F0201217D
:10B2F00091404009800000F1E020C0F880127047C2
:10B3000000280DDB00F01F02012191404009800060
:10B3100000F1E020C0F88011BFF34F8FBFF36F8FB3
:10B32000704710B50E20FFF7EBFF0E20FFF7DBFF95
:10B330000F20FFF7E5FFBDE810400F20FFF7D3BF58
:10B34000002809DB00F01F02012191404009800024
:10B3500000F1E020C0F8801270474058002800D06B
:10B360000120704710B504462046EAF74BFC11282F
:10B37000FAD010BD10B5FFF7F5FF002803D0A021CB
:10B380001D20E9F70BFE10BD08B100207047012019
:10B39000704710B58C461946904207D10622604688
:10B3A000FEF76AFC002804BF012010BD002010BD7C
:10B3B00010B5002904464FF0060102D0E9F79CFEC3
:10B3C00001E0E9F7B5FE607920F0C000607110BDC2
:10B3D000704730B50C4605468DB04FF0030104F1BF
:10B3E000030012B1E9F788FE01E0E9F7A1FE6079F8
:10B3F0000D2220F0C00040F040006071002104A840
:10B40000FEF7C6FCE0788DF81F0020798DF81E004D
:10B4100060798DF81D002868009068680190A86820
:10B420000290E86803906846FFF7A4FF9DF82F009C
:10B4300020709DF82E0060709DF82D00A0700DB05A
:10B4400030BD30B58DB00C4605460D22002104A854
:10B45000FEF79EFCE0788DF81F0020798DF81E0025
:10B4600060798DF81D002868009068680190A868D0
:10B470000290E86803906846FFF77CFF20789DF80B
:10B480002F1088420CD160789DF82E10884207D189
:10B49000A0789DF82D10884202BF01200DB030BD6C
:10B4A00000200DB030BDEBF723BB10B5FBF798FFC4
:10B4B000002804BFFF2010BDBDE81040FBF770BF9F
:10B4C000FBF78EBF10B5ECF739F9102804BF002048
:10B4D00010BDECF7EDF9012010BD70B506460079FE
:10B4E00030F01F0004BF00252C460CD1305D00F069
:10B4F000F3FE2844C5B2601CC4B2052CF6D3012D5E
:10B5000084BF012070BD002070BD70B50C4605469B
:10B510000021FFF76FFD606010B10020207070BD4A
:10B5200001212846FFF766FD6060002804BF022065
:10B5300070BD01202070002070BDA0F601510629C9
:10B540009ABF4FF47A71A0F5506040F2E24148434F
:10B550007047A0F57A7141F27072914294BF4FF436
:10B560007A7140F2E241B0FBF1F098BF00F5506013
:10B5700080B2704770B50446904228BF70BD101B62
:10B5800065280BD325188D4206D80321E6F78CFEDB
:10B59000002804BF284670BD204670BD6520F1E735
:10B5A0000C2961D2DFE801F006090E13161B323CAC
:10B5B0003F5A464C002A59D056E0072A18BF082A9D
:10B5C00054D051E00C2A18BF0B2A4FD04CE00D2A62
:10B5D0004CD049E0A2F10F000C2847D944E023B138
:10B5E000A2F110000B2841D93EE0122A18BF112AFF
:10B5F0003CD090F8460020B1122A35D31A2A35D90A
:10B6000032E0162A30D31A2A30D92DE0A2F10F01E8
:10B6100003292BD990F84600F8B11B2A26D923E03C
:10B62000042A23D020E013B1062A1FD01CE0012AEF
:10B630001AD11BE01C2A1CBF1D2A1E2A16D013E09B
:10B640001F2A18BF202A11D0212A18BF222A0DD064
:10B65000232A1CBF242A262A08D005E013B10E2A6B
:10B6600004D001E0052A01D0002070470120704776
:10B670000C2818BF0B2810D00D2818BF1F280CD07D
:10B68000202818BF212808D0222818BF232804D03A
:10B6900024281EBF2628002070474FF00100704765
:10B6A00011F00C0F13D001F0040100290DBF40224E
:10B6B000102296214FF4167101F5BC71A0EB010325
:10B6C000884288BF93FBF2F00ED980B270470229FE
:10B6D00002D0702808D909E03C2805D93C38C117A8
:10B6E00000EB91708010F0E70020EEE77038C11792
:10B6F00000EB5170C010E8E70968C0F86A107047A5
:10B7000010F0010F1CBF0120704710F0020F1CBF8A
:10B710000220704710F0040018BF0820704701286D
:10B7200014BF0228704710F00C0018BF04207047A7
:10B73000012908D002290BD0042912BF082940F69C
:10B74000A660704707E0002804BF40F2E24070475F
:10B7500040F6C410704710B540F2A1312920E9F736
:10B760001DFC162A10D12A220C2818BF0D280FD034
:10B770004FF0230C1F280DD031B10878012818BFD5
:10B78000002805D0162805D00020704701207047FA
:10B790001A70FBE783F800C0F8E738B4CBB2C1F306
:10B7A000072CC1B2C0F30724012B07D0022B09D00C
:10B7B000042B08BFBCF1040F2DD006E0BCF1010F33
:10B7C00003D128E0BCF1020F25D0012906D00229BF
:10B7D00007D0042908BF042C1DD004E0012C02D19D
:10B7E00019E0022C17D001EA0C0161F3070204EA08
:10B7F000030161F30F22D1B211F0020F18BF02232F
:10B8000010D0C2F307218DF8003011F0020F18BFDD
:10B8100002211BD111E0214003EA0C03194061F31E
:10B820000702E6E711F0010F18BF0123E9D111F07B
:10B83000040F14BF08230023E3E711F0010F18BF22
:10B84000012103D111F0040118BF08218DF8011066
:10B85000082B01BF000C012804208DF80000BDF862
:10B86000000038BC70474FF0000C082902D00429B2
:10B8700009D011E001280FD10420907082F803C094
:10B88000138001207047012806D00820907082F8AC
:10B8900003C0138001207047002070472DE9F0415C
:10B8A0000C460546C768E7F777F998B1BCB138464A
:10B8B000E968E6F74DFE002811DD2044401EB0FB8C
:10B8C000F4F606FB04F13846E6F710FEE860304671
:10B8D000BDE8F08140F226212920E9F75FFB002036
:10B8E000BDE8F08138B505460C466846FDF710F80E
:10B8F00020B39DF90020627294F82300A07294F99D
:10B900000B100020511A48BF494295F82B308B424A
:10B91000C8BF38BDFF2B08BF38BD217B491CC9B249
:10B92000217395F82C30994203D8E17A7F2918BF0A
:10B9300038BDE27200202073012038BD7F20607284
:10B94000002038BD00238362028640F271235A43EF
:10B9500001EB0212521EB2FBF1F1C1627047A0F27C
:10B960008910814238BF0846081A19684008014406
:10B9700019601168A1EB0001116018BF0120704728
:10B9800041F64C52914234BF642140F2E2414843B7
:10B99000704741F64C52914234BF642140F2E2417B
:10B9A00010FB01F0704730B4B0F80720B0F8094040
:10B9B000B0F805C00379B0F80B00002918BFB2F544
:10B9C000506F03D940F607518A420BD9911F40F6B8
:10B9D0007A45A9420FD873B1082B98BF93420AD277
:10B9E000624508D3B4F5FA7F05D2B0F5486F9EBF23
:10B9F000012030BC7047002030BC7047021D084653
:10BA0000114603F07BBBB0F809007047B0F807009F
:10BA10007047B0F809007047B0F80B007047808994
:10BA200008807047D0F816000860704742680A60C6
:10BA3000806848607047D0F80E200A60D0F8120085
:10BA400048607047C0680860704742680A60806854
:10BA50004860704742680A60806848607047426882
:10BA60000A6080684860704740787047007800F04E
:10BA7000030070470079704780887047C08870471E
:10BA80000089704740897047C08870474079704787
:10BA9000007970470079704701891B2924BF4189CB
:10BAA000B1F5A47F07D381881B2921BFC088B0F5D9
:10BAB000A47F012070470020704710B5FB299CBF70
:10BAC000417010BD40F293512A20E9F767FA0179DD
:10BAD00011F0070F1BBF407910F0070F0020012065
:10BAE0007047017911F0070F1BBF407910F0070F65
:10BAF000002001207047007970474079704701713C
:10BB0000704741717047001D03F0F8BAC172090A0D
:10BB10000173704710B51B2A04D94FF47B712A209A
:10BB2000E9F73CFA4270BDE81040C01CFEF7B6B819
:10BB30000988818170470968C0F8161070470A6843
:10BB400042604968816070470A68C0F80E20496801
:10BB5000C0F8121070470968C16070470A684260F7
:10BB60004968816070470A6842604968816070472F
:10BB70000A684260496881607047027801F00301F9
:10BB800022F0030211430170704701717047017187
:10BB9000090A417170478171090AC17170470172C8
:10BBA000090A417270478172090AC1727047817136
:10BBB000090AC17170474171704770B502784178C8
:10BBC00002F00F02082A4BD2DFE802F004080B4A09
:10BBD0004A4A0F14881F1F280AD941E00C2907D0B0
:10BBE0003EE0881F1F2803D93AE0881F1F2837D856
:10BBF000012070BD4A1EFE2A32D80446C0780026B5
:10BC00008209032A09D000F03F05681C884204D845
:10BC1000204600F056F8A84201D9304670BDE078C1
:10BC20004FF0010510F03F0F1EBF14F10400007823
:10BC300010F0100F12D004212046ECF7D3F90028A1
:10BC400018BF14EB0000E8D0017801F03F0125296E
:10BC5000E3D280780221B1EB501FDED3284670BDBD
:10BC6000002070BDC178407801F03F01401A401EAD
:10BC700080B2704770B5C4788C4604F03F014578B7
:10BC800004F03F042C1B641EE41AA4B2944288BF43
:10BC90001446BCF1000F06D019440844011D224689
:10BCA0006046FDF7FBFF204670BD10B50446ECF77B
:10BCB00099F9002818BF204410BDC07800F03F005B
:10BCC0007047C17811F03F0F1BBF027912F0010FCE
:10BCD0000022012211F03F0F1BBF037913F0020F66
:10BCE000002301231A4402EB4202530011F03F0FDC
:10BCF0001BBF027912F0080F0022012203EB42035E
:10BD000011F03F0F1BBF027912F0040F0022012235
:10BD1000134411F03F0F1BBF027912F0200F0022D5
:10BD2000012202EBC20203EB420311F03F0F1BBFE3
:10BD3000027912F0100F0022012202EB42021A4493
:10BD400011F03F0F1BBF007910F0400F00200120C1
:10BD5000104410F0FF0014BF012100210844C0B2BC
:10BD60007047407870470078C0097047D0F80320CA
:10BD70000A60B0F80700888070470078C0F3801030
:10BD8000704730B5027883B002F00F02032A57D013
:10BD9000052A52D10D46044600F11F01684603F002
:10BDA000ADF99DF804009DF8001020F01F008DF8FB
:10BDB0000400002904BF9DF8011000290AD19DF854
:10BDC0000210002901BF9DF803100029002803B0CC
:10BDD00008BF30BDB4F81900B4F81B30B4F8171020
:10BDE000A27D002D18BFB0F5506F09D940F6075C51
:10BDF000604505D894F801C0BCF1220F1DD111E0B7
:10BE000094F801C0BCF1220F17D1A0F1060C40F646
:10BE10007A45AC4511D882B1082A98BF82420CD22B
:10BE200088420AD3B3F5FA7F07D2B4F81D00B0F503
:10BE3000486F02D803B0012030BD03B0002030BDF0
:10BE400040780C28F9D1F5E72DE9F0410178012679
:10BE500001F00F01002504290CD007290FD0082973
:10BE60001CBF0020BDE8F08140780E2834D0284661
:10BE7000BDE8F0814078801F1F282DD9F7E70446E0
:10BE80004078E1788A09032AF1D001F03F07791C54
:10BE90008142ECD82046FFF714FFB842E7D8E0789B
:10BEA00010F03F0F1EBF14F10400007810F0100FC7
:10BEB00012D004212046ECF795F8002818BF14EBA7
:10BEC0000000D4D0017801F03F012529CFD280783D
:10BED0000221B1EB501FCAD33046BDE8F08170B5E6
:10BEE0000546C078164600F03F041019401CFF2894
:10BEF00004D940F225312A20E9F750F82819001D0D
:10BF0000FDF7CCFEA019401C687070BDC02202EA8B
:10BF10008111C27802F03F021143C170704770B5C1
:10BF2000144605461F2A03D9B2212A20E9F736F81C
:10BF300005F10900FDF7B2FEA01D687070BD70B577
:10BF40001C460D0006460CD01146ECF74BF868B1C4
:10BF50000119091F3F290EDD40F2D2212A20E9F7FD
:10BF60001DF84FF434712A20E9F718F840F2D12176
:10BF70002A20E9F713F8304422462946BDE87040EC
:10BF8000FDF78CBECBB203F00101C3F3400C61445A
:10BF900001EB4101C3F3800C0CEB4101C3F3C00C76
:10BFA00001EB4C01C3F3001C0CEB4C0C6144C3F3DC
:10BFB000401C0CEBCC0C01EB4C01C3F3801C614426
:10BFC000114411F0FF0102D0491CC9B2037190F86D
:10BFD00003C001F03F030CF0C00C43EA0C03C37034
:10BFE0004B1C4370002A08BF7047531E891A08442F
:10BFF0000371704710B5027801F00F0322F00F02B1
:10C000001A430270092913D2DFE801F0050705077A
:10C010000509050B0F00062108E00C2106E022218E
:10C0200004E001210022C27000E00E21417010BD29
:10C030006E212A20E8F7B2FF0A68C0F80920898833
:10C04000A0F80D1070470278802322F0800203EAE6
:10C05000C1111143017070470A68C0F80320898834
:10C06000A0F8071070470278402322F0400203EA4C
:10C07000811111430170704770B5144605461F2A9F
:10C0800003D9D4212A20E8F789FF05F10900FDF73B
:10C0900005FEA01D687070BD0178002908BF7047BB
:10C0A000416891F81A21002A08BF7047002281F8E0
:10C0B0001A21406800F0D3BC30B45080B1F808C0F9
:10C0C000A2F804C08B89D38048891081CC8954811F
:10C0D000CD8DA54204BF4C8D844206D10C8E9C426E
:10C0E00002BF8B8D6345002301D04FF00103137312
:10C0F00048855089C88590888885D08808864FF003
:10C10000FF00107030BC704770B516460C460269CF
:10C11000962541F64C518A423ABF4D252946962133
:10C1200090F86F3090F86E20ECF7BCFD2844304456
:10C13000A04294BF201A002070BDF0B4B0F8502087
:10C14000B0F84410468FC58F8A4228BF0A4690F83F
:10C150006F104FF0000C11F00C0F18BF4FF4296155
:10C1600006D1B0F85230B0F848108B4238BF1946AB
:10C170004287C187B0F84040B0F84230944238BF9F
:10C1800014468B4238BF0B46A0F84040A0F842301E
:10C19000B2420ABFA94201230023058FB0F84C2008
:10C1A000B0F84610848F8A4228BF0A4690F86E1075
:10C1B00011F00C0F18BF4FF4296106D1B0F84E6092
:10C1C000B0F84A108E4238BF314690F86460022EB3
:10C1D0000AD002878187AA420ABFA142012000201B
:10C1E00040EA0300F0BC7047954238BF2A468C42B3
:10C1F00038BF214680F864C0EBE74068704770B5EF
:10C200000D461646016941F64C520446914234BF30
:10C210004D21962190F86F3090F86E20ECF742FD9A
:10C220002369216B994238BF0B46591B3044884221
:10C2300038BF0846606370BD1B2202848283C282BD
:10C24000828242810282028142858285828459B142
:10C250004FF429614184C18341830183C1814182BB
:10C260008181C185018670474FF4A4714184C183E7
:10C2700041830183C18141828181C18501867047EB
:10C28000006801F19C0290429CBF00207047401A58
:10C290009C3840087047DDF800C08182C282038369
:10C2A000A0F81AC070475080888A9080C88AD080D1
:10C2B000088B1081488B5081FF201070704710B59B
:10C2C000044608212046E8F733FF2068002804BF11
:10C2D00060680028F5D010BD00F05501552202EA33
:10C2E0005000084400F03301332202EA9000084471
:10C2F00000F00F0101EB1010704780EA600000F0C1
:10C3000055314FF0553202EA5000084400F0333105
:10C310004FF0333202EA9000084400F00F314FF042
:10C320000F3202EA1010084400F0FF114FF0FF1224
:10C3300002EA1020084400EB1040C0B27047002809
:10C3400003DB884204DB084602E049428842FADB0C
:10C3500000B2704710B50446807C022818BF03283D
:10C3600009D194F8630004F16401EAF73BFF08285F
:10C370001CBF012010BDA07C00281EBF0228607ECB
:10C3800010BD4FF00000BDE81040E9F7DBBD08B577
:10C3900090F87A108DF800109DF8001059B990F8B7
:10C3A0009C008DF800009DF8000010B1FAF754FED3
:10C3B00008B1002008BD012008BDFF200870086CEE
:10C3C000FEF783BF10B584B004464FF48672002197
:10C3D000FDF7DEFCFF2020707F2084F83B00132057
:10C3E0006080E9F749FB01462064002202A8FEF7BD
:10C3F000D2FE00220121206CFEF746FF042202A893
:10C40000216CFEF7C8FE00221146206CFEF73CFFAF
:10C410000020207404F1240000F09BFA6846EBF73A
:10C42000B5FC30B1694604F12A00EBF7A3FD04B076
:10C4300010BD40F249312D20E8F7B0FD4088C0F32F
:10C44000001131B1C0F38000002804BF1F207047E5
:10C4500002E0C0F3400109B10020704710F0010F65
:10C460001CBFEE207047E9F72DBBFF2180F8781044
:10C470007047EEF71BBF2DE9F84F044690F8AA006D
:10C480000B468DF800009DF80000002580B15D701E
:10C490001E201870D4F8AB005860D4F8AF00986034
:10C4A00094F8B300187384F8AA500120BDE8F88FFF
:10C4B00094F8A4008DF800009DF8000040B15D7074
:10C4C00007201870D4F8A600486084F8A45085E0CE
:10C4D00094F87A008DF800009DF800201421FF20C8
:10C4E000012642B35D7004F17C0203F8041B92E85C
:10C4F000861FA3E8861F03F81C6C243B84F87A503F
:10C50000197900296AD1D988A4F8A610216A91F86E
:10C51000951084F8A81084F8A400FAF79DFD00286F
:10C520005CD0206A0088E9F7E3F9FEF723FC206A73
:10C5300080F8806052E094F89C208DF800209DF8EF
:10C540000020AAB394F87A208DF800209DF80020EE
:10C550005D70EAB104F17C0203F8041B92E8861FC7
:10C56000A3E8861F03F81C6C243B84F87A501979E1
:10C57000A1BBD988A4F8A610216A91F8951084F877
:10C58000A81084F8A400FAF767FD0028C9D125E0B7
:10C5900017201870D4F89E005860B4F8A2001881D3
:10C5A00084F89C501879C8B9FAF756FDB0B9B8E7C5
:10C5B000FFE794F8B4008DF800009DF80000002813
:10C5C00008BFBDE8F88F5D7023201870222204F1A7
:10C5D000B501181DFDF762FB84F8B4500120BDE8D9
:10C5E000F88F8068704700B5428885B0C2F30013A9
:10C5F0008C46002B07BFC2F3C002002A012005B001
:10C6000018BF00BD00F1240100914188ADF804106D
:10C610008168029101798DF80C1040798DF80D0038
:10C6200069466046EEF7B2FE05B000BD0022C26367
:10C6300043881D2B0CBF42734173704710B541886E
:10C64000C1F300122AB9C1F34001002918BF012427
:10C6500000D10024006CFEF705FE002818BF012061
:10C6600024EA000080F0010010BD10B54088C0F33E
:10C67000001119B1C0F3800048B10AE0C0F34001D5
:10C6800039B910F0010F02D1E9F71CFA08B1012005
:10C6900010BD002010BD8078C0F340107047807836
:10C6A00000F001007047408809280CBF01200020DD
:10C6B00070478078C0F3C00070478078C0F30010E6
:10C6C00070478078C0F34000704790F910007047C1
:10C6D000017470470078FF2814BF012000207047C4
:10C6E0000A68C0F813208988A0F817100121417644
:10C6F0007047007B704740797047016290F85C207A
:10C700004A72D0F85D20C1F80A20B0F86100C881F3
:10C71000704780F8741070472DE9F0410446807826
:10C72000FF25C0F3C00038B13C23FF222046216A18
:10C73000EEF796FE84F87A50A0784FF0000610F0DD
:10C74000010F1BD0206A3C27B0F80080ECF734FAC8
:10C75000FAF782FCD0B9217884F89F10A4F8A08061
:10C7600084F89E70607B00281ABF94F83C0084F81F
:10C77000A20084F8A26084F89C5007E04FF6FF788E
:10C780003C27ECF719FAFAF767FC20B1012084F88E
:10C790007500BDE8F081217884F89F10A4F8A0808E
:10C7A00084F89E70607B00281ABF94F83C0084F8DF
:10C7B000A20084F8A26084F89C50E7E7407C00283F
:10C7C00018BF012070470121ECF79ABF0121ECF757
:10C7D00097BF10B5017042708078C0F38003C0F33A
:10C7E000400C634400F00100184410FB01F010FB02
:10C7F00002F0FF2838BF10BD5C212E20E8F7CEFBE9
:10C800008178C1F38002C1F340031A4401F00101B1
:10C8100011444278007812FB00F04843C0B27047E0
:10C8200010B54179C9B1817811F0010F03D0C278F8
:10C8300012F0010F23D011F0020F03D0C27812F0D2
:10C84000020F1AD011F0040F03D0C07810F0040FBB
:10C850000ED039212E20E8F7A1FBC17811F0020F8C
:10C860000BD111F0010F0AD1807810F0040F01D024
:10C87000272010BD10F0020F01D0262010BD25206A
:10C8800010BD8278002112F0010F05D0C37813F09B
:10C89000010F08BF012110D012F0020F05D0C3789C
:10C8A00013F0020F08BF022107D012F0040F04D0CA
:10C8B000C37813F0040F08BF042143795B1CDBB27B
:10C8C000437190F801C063450DD10023437190F886
:10C8D00003C04CEA010C80F803C0944503D1C37037
:10C8E0000279521C0271012904BF252070470229D8
:10C8F00004BF26207047042904BF2720704710B5C5
:10C9000039212E20E8F74AFB8170704710B48178F6
:10C91000C1F38002C1F340031A4401F001014378DE
:10C92000114413FB01F2C178C1F3800CC1F3400440
:10C93000A44401F00101614490F805C011FB03C15A
:10C9400003780079181A10FB02F0401A10BCC0B22C
:10C95000704710B5044602F0D6FB012060702070CD
:10C9600010BD0021C170417101717047082804BFDA
:10C970004FF4C87040230ED0042804BF4FF4BF709A
:10C98000102308D00023022807BF03F11800042356
:10C9900003F128000823521D02FB030080304843A6
:10C9A000704740F25A314843704740F2EF207047D9
:10C9B0000E021C043006600C5A03B406C505F50BC4
:10C9C0002512A301B103BF05EF024906A30910B563
:10C9D00090F8081100291CBF002010BDD0F80411E8
:10C9E00059B990F8E01000291CBFD0E939128A42E9
:10C9F00003D9FFF791FE002010BD012010BD10B536
:10CA0000044690F8EC00002808BF10BD012084F80F
:10CA1000080101462046FFF77CFE94F8EC0088B13F
:10CA200094F8D800E6F716FA94F8D800E6F764FB15
:10CA300094F8D800E6F73EFB00281CBF002084F8DD
:10CA4000EC0001D0002010BD40F207213020E8F7B3
:10CA5000A5FAD0F8DC00704790F8EC00704770B58C
:10CA6000044690F81B0182B0002807BF94F84C01DF
:10CA7000032802B070BDFCF79CFFD4F87421014676
:10CA80001046E5F765FD0028DCBF02B070BD2169E6
:10CA9000002914BFB0FBF1F00020B4F88410401C52
:10CAA0000844A4F85C01B4F81411B4F85C01081A45
:10CAB00000B20028DCBF02B070BD94F88001E6F738
:10CAC000C9F9002804BF02B070BDFF2084F86101DD
:10CAD000B4F8B800B4F8B61001AE401AB4F8841037
:10CAE000401E084485B219E00096B4F85C1100239A
:10CAF00001222046EFF766FB002804BF02B070BD9C
:10CB0000012804D040F205613020E8F747FAB4F874
:10CB10005C01BDF804100844A4F85C01B4F85C01A1
:10CB2000281A00B20028DFDA02B070BDF8B50400A0
:10CB30000AD00027092980F0E380DFE801F0091A14
:10CB4000444440E1D8C3DD00CD213020E8F726FA87
:10CB50002046ECF717FD20B140F279213020E8F7AC
:10CB60001DFAD4F8F400BDE8F840A0F58C70E6F7A3
:10CB7000D9BC2046FFF79DFDB0B92046ECF730FB4D
:10CB800000F22915D4F8F400A8420BD2281A032188
:10CB9000E5F78AFB30B12046C4F8F450BDE8F84010
:10CBA000FFF767BCC4F8F4502046ECF70DFD0028F1
:10CBB00008BFF8BD4FF42B713020E8F7EFF9BDE85E
:10CBC000F840FBF7FDBE01262046FFF776FD002862
:10CBD00008BF6B251AD02046FFF761FD30B920460B
:10CBE000FFF76FFD002808BF422500D049256846A1
:10CBF000E8F74EF89DF8000010B9FDF750F900B1C4
:10CC0000ED1DE7F799FF002818BF1835A4F8F85074
:10CC100084F8F070012584F8FB5094F8E00068B1C6
:10CC20004FF47A71D4F8FC00E5F760FCC4F8FC001E
:10CC3000002104F1F000FEF731FE10E02046FFF77E
:10CC4000D0FC06463146D4F8FC00E5F74FFCC4F8AA
:10CC5000FC00314604F1F000FEF720FE461CB4F85B
:10CC60000001411C0A293CBF3044A4F80001D4F85B
:10CC7000DC0038B1B4F80001401C0A2828BF84F851
:10CC8000FA5002D2022084F8FA0094F80801C8B9D8
:10CC9000D4F80401E8B12046FFF7A3FC064620467D
:10CCA000ECF79EFA00F229108119D4F804018842A9
:10CCB00024BF811BC4F804110BD22046C4F80451D0
:10CCC000FFF72AFD94F8D800E6F7F4F984F8EC7041
:10CCD000F8BD94F8D80004F1F001E5F789FD0028CB
:10CCE00018BFF8BD40F2A6613020E8F757F920469A
:10CCF000BDE8F840FFF7BDBBED213020E8F74EF965
:10CD0000F1213020E8F74AF9F401FA0096006400B6
:10CD10004B0032001E0014000A0005000200010052
:10CD200010B50446D0F8B4012169884209D1B4F89D
:10CD3000B811228B914204D1B4F8BA11628B91429E
:10CD400013D02188A4F8D411FEF703FCA4F8D6016F
:10CD5000B4F8B801A4F8D801B4F8BA01A4F8DA011B
:10CD6000FF2084F8D001EBF727FF02212046EAF7E5
:10CD700081FE002084F88E00032084F8910010BD0D
:10CD8000E8F742BD002180F88D1080F88E1080F801
:10CD9000911090F81B1111B10221EFF761B8032136
:10CDA000EFF75EB8F4F7CEBB0121F2F7F5BF032130
:10CDB000F2F7F2BF40F279313220E8F7EFF8F4F7FA
:10CDC000C1BB30B583B00C460546E8F78DFE01AA1D
:10CDD0006946FDF721FF0098FDF789FE817BA94296
:10CDE00005BFB0F80F00A0420020012003B030BD05
:10CDF00030B583B00C460546E8F776FE01AA6946D1
:10CE0000FDF70AFF0098FDF772FE14B1032C08D05D
:10CE10000FE02878002804BF687810F0100F08D1C0
:10CE200003E0807A10F0080F03D003B04FF0010048
:10CE300030BD03B04FF0000030BD00B583B0E8F75F
:10CE400053FE01AA6946FDF7E7FE0098FDF74FFE85
:10CE50004078FF2814BF0120002003B000BD00B5BA
:10CE600083B0E8F741FE01AA6946FDF7D5FE0098B8
:10CE7000FDF73DFEC07CFF2814BF0120002003B059
:10CE800000BD2DE9FF4F83B01D46DDE910980E4629
:10CE90000746DDF848B0E8F727FE0446FDF729FE0F
:10CEA000012804BF07B0BDE8F08F204601AA6946FB
:10CEB000FDF7B2FE0098FDF71AFE04461C22002181
:10CEC000FCF766FF4FF0010A84F800A056B1012E6E
:10CED0000DD0022E10D0062E13D040F27E2133202A
:10CEE000E8F75CF8A07A40F01300A0720DE0A07A99
:10CEF00040F01500A07208E0A07A40F01000A07287
:10CF000003E0A07A40F01200A072A21C661C484602
:10CF1000B9F1FF0F0CD03146EAF738F920B130787B
:10CF200040F0020030700AE050213320E8F736F874
:10CF3000787C30707868016811608088908084F80F
:10CF400009B084F80CA000206073FF20A073A17AC0
:10CF500011F0040F08BFE07412D004F11400411E58
:10CF6000022D18BF032D05D0BA681368036092889C
:10CF7000828004E0059A13680360928882800D70B5
:10CF80004FF07F00A07684F81B80E8F7ADFD0446E3
:10CF9000E8F7A4FD014601222046FDF750FD20B12F
:10CFA00007B0BDE8F04FEBF707BE40F29E213320FB
:10CFB000E7F7F4FF2DE9F04F83B01F4690460D468A
:10CFC0000646DDF830A0E8F78FFD0446FDF791FD39
:10CFD000012804BF03B0BDE8F08F204601AA6946CE
:10CFE000FDF71AFE0098FDF782FD04461C22002181
:10CFF000FCF7CEFE4FF00109A21C84F8009004F16A
:10D00000010BFF2D0FD059462846EAF7BFF830B183
:10D010009BF8000040F002008BF800000BE050216C
:10D020003320E7F7BBFF707C8BF800007068016865
:10D0300011608088908084F809A0A07A68F30000CD
:10D0400040F01A00A07284F80C9000206073FF205A
:10D05000A073E0747F20A076E776E8F745FD0446EC
:10D06000E8F73CFD014601222046FDF7E8FC20B12F
:10D0700003B0BDE8F04FEBF79FBD40F2CB2133206A
:10D08000E7F78CFF10B582B0DDE9044CBCF1000F6E
:10D0900008D0BCF1010F18D0BCF1020F08BF002B63
:10D0A00036D032E0022A30D0012A01D02AB12CE059
:10D0B000002B08BF022C28D12AE014F00C0F1CBF53
:10D0C000487810F0100F20D122E022B1012A22D09E
:10D0D000022A1DD019E063B1E8F706FD01AA6946EE
:10D0E000FDF79AFD0098FDF702FDC07CFF280FD0E8
:10D0F0000BE0E8F7F9FC01AA6946FDF78DFD009801
:10D10000FDF7F5FC4078FF2802D002B0012010BDE9
:10D1100002B0002010BD007B0228F9D1F5E72DE90F
:10D12000F0410646C07805240D4610F03F0F4FF041
:10D1300000081CBF304616F1040762D0FEF71DFE42
:10D1400068743046FEF70FFEA87438786870F0787F
:10D1500080092870387810F0010F08BFC5F80480E6
:10D1600002D0701D0B246860387810F0020F08BFE1
:10D17000C5F8088002D03019A41DA860387810F0D6
:10D18000040F18BF641C10F0080F08BFC5F8148006
:10D1900002D03019A41C6861387810F0100F08BF55
:10D1A000C5F8188002D03019E41CA861387810F056
:10D1B000200F08BFC5F81C8004D03019E86104F1C5
:10D1C0001200C4B2387810F0400F08BFC5F82080B4
:10D1D00003D030192862601CC4B23046FEF76DFDE2
:10D1E000001B001D2044C4B23046FEF73BFD10F08A
:10D1F000FF0028741ABF3019E860C5F80C80BDE83C
:10D20000F081C5F80080C5F80480C5F80880C5F82D
:10D210000C80C5F81080C5F81480C5F81880C5F8D2
:10D220001C80C1F82080BDE8F081027802F00F0276
:10D23000072A01D0F4F700BFFFF771BFC0F814113F
:10D24000704738B55B24E7F777FC002818BF7324D4
:10D250006846E7F71DFD9DF8000010B9FCF71FFEBA
:10D2600000B1E41D04F16B0038BDE8F7CDBA70B52C
:10D270000446B0F8B60094F89110002908BFC0F138
:10D28000020503D0B4F8B810081A051F94F8B400CA
:10D2900040B194F88D200023092104F18000FEF7AD
:10D2A0007FF990B194F8930058B994F88D20002339
:10D2B000062104F18000FEF773F9002808BF284614
:10D2C00003D0D4E92A10401A001FA842C8BF28463C
:10D2D0000028D4BF002080B270BD0020704710B578
:10D2E0000C4601461046E5F733F90028A2BF90FB33
:10D2F000F4F101FB140010BD211A491EB1FBF4F139
:10D3000001FB040010BD00EBD10001F00701007823
:10D31000C84000F00100704718B1022801D0012078
:10D32000704700207047FEB5817804461A2925D041
:10D330000EDC16292CD2DFE801F02B2B2B2B2B2116
:10D340002B2B2B2B2B2B2B2B2B2B2B2B2B2121214B
:10D350002A291DD00BDCA1F11E010C2918D2DFE80F
:10D3600001F017171717171717171717170D3A394F
:10D3700004290DD2DFE801F00C020C022088B0F580
:10D38000706F05D26946FEF7C0F818B10220FEBDE5
:10D390001220FEBD9DF8000001F002F9019E10B1BF
:10D3A00006F5A47601E006F5C8769DF8000001F0C8
:10D3B000F7F8019D10B105F2491501E005F291154C
:10D3C000684601F09BFB38B130788DF80800029870
:10D3D00002909DF8080008B10C20FEBDFF203070BF
:10D3E000A07828706846FEF757FE0020FEBD10B5F5
:10D3F0000446007818B1012801D0122010BD01F0B8
:10D4000004FC20B1E9F79CFE08B10C2010BD207887
:10D41000FFF782FFE21D04F11703611CBDE8104015
:10D42000E9F7FEBE10B5044601F01AFD08B10C2064
:10D4300010BD207828B1012803D0FF280BD012207E
:10D4400010BDFFF769FF611CEAF782F808B1002000
:10D4500010BD072010BD0120EAF7BCF8F7E73EB584
:10D460000020F9F7FFFD002469460220FDF7CCFDFE
:10D4700006E0BDF80410029801F09BFB00B10446E1
:10D480006846E8F717F80028F3D020463EBD10B5EF
:10D4900001F0BBFB20B1E9F753FE08B10C2010BD31
:10D4A000E9F724FF002010BD10B501F0D9FC08B148
:10D4B0000C2010BDEAF794F8002010BD2DE9F843C8
:10D4C000074601F016F8002812D138880021FDF730
:10D4D00091FD04000ED001F018FB58B194F85001F2
:10D4E0008DF80000009800909DF8000020B13A20CF
:10D4F000BDE8F8830220FBE74FF00008B888FEF78C
:10D500001CF8064601460520FEF743FA054631465B
:10D510000820FEF73EFAA84201D3B54201D31220FB
:10D52000E6E741F64C50864209D294F86E00022894
:10D5300003D194F86F00022801D00C20D8E7A4F89A
:10D540005451C4E95686F888A4F860013889A4F8D3
:10D55000620104F5A874FF2020700020C8E708B518
:10D56000EBF716FB70B9F5F721FD052805D0F1F7AB
:10D57000CFFEA0F57F41FF3904D06846F5F70AFCDD
:10D5800010B112E00C2008BD00980088E8F70CFCF0
:10D59000009800210088E7F7FFFF20B140F6E17115
:10D5A0003920E7F7FBFCEBF7E9FA002008BD10B5DE
:10D5B0000B46012200F11001EAF7C8F9002010BD66
:10D5C000F0B5054695B00020F9F74CFD28788DF8A8
:10D5D000000068788DF80100A8788DF80200D5F871
:10D5E0000300CDF80300B5F80700ADF80700687A2E
:10D5F00007218DF84C1000248DF80900C1074FF069
:10D60000010700D00124810700D5641C400700D524
:10D61000641CF9F7CFFD9DF8091081433AD1002031
:10D620006E461FE005EB001140F271224B8940F27B
:10D63000712C534306EB8002D3608B8903FB0CF300
:10D64000936106EB4002CB8993840B8A53854B8A06
:10D6500013868B8AD386CB8A9387098B401CA2F8CA
:10D660004210C0B2A042DDD38DF848700020ADF862
:10D670004A009DF8090010F0050F01D0C00802D043
:10D68000122015B0F0BDF9F795FD9DF80910814302
:10D69000480701D01120F4E700250BE006EB8507D1
:10D6A000B869F9F763FB58B1F868F9F753FB38B17B
:10D6B0006D1CEDB2A542F1D36846F8F7C9FEE0E76C
:10D6C0003020DEE710B500880121FDF793FC18B18A
:10D6D00090F8931111B107E0022010BD90F88E1060
:10D6E000142903D0152901D00C2010BD022180F887
:10D6F0009311002010BDF8B5054600880121FDF703
:10D7000079FC040003D094F8930110B111E00220D9
:10D71000F8BD94F88E00142801D0152809D194F88A
:10D72000E4018DF80000009800909DF800000126AB
:10D7300008B10C20F8BD1022A91C04F5CA70FCF732
:10D74000ADFA84F893610020F8BD10B50821E7F721
:10D75000EFFC002010BD10B5044601F013FAFEF7EF
:10D76000B4FF2070002010BD10B504460020F9F76A
:10D7700079FCE8F7A7F92080002010BD10B5044619
:10D7800001F0B3F940B1FB2020804FF429616180A2
:10D79000A080E180002010BD012010BD10B504461E
:10D7A0000020F9F75FFC0220E7F71CFE2070002044
:10D7B00010BDFEB50D46064601F0D3F900B3308822
:10D7C0006946FDF7A2FE002819D1019C002784F8C4
:10D7D000707014F86E0F00F0D3FEA870607800F03F
:10D7E000CFFEE870A0788DF80800029802909DF8AE
:10D7F00008006E3C0028EAD1308828800020FEBD59
:10D800000120FEBD1CB500886946FDF77EFE00289C
:10D810001BD19DF80000012450B9019801F075F961
:10D82000A0B1019890F8650170B9019880F8654140
:10D830009DF8000001280ED1019801F07CF928B173
:10D84000019890F8CD0118B13A201CBD02201CBDF2
:10D85000019880F8CD4100201CBD082101700020F6
:10D86000704710B50446D820207001F01FF9607091
:10D87000002010BD082101700020704710B504463B
:10D88000007808B1012810D101F0BFF920B1E9F703
:10D8900057FC08B10C2010BD2078FFF73DFD611C3E
:10D8A000E9F7C2FD08B1002010BD122010BD10B56F
:10D8B000044601F0D5FA08B10C2010BD207820B143
:10D8C000012802D0FF2808D109E0FFF725FD611CDF
:10D8D000FDF7F8FD08B1002010BD122010BD00209A
:10D8E000E9F778FEF7E710B5044601F08EF908B1C4
:10D8F0000C2010BD207800F00100E9F71BFC00208F
:10D9000010BD1CB5044601F03DF900208DF8020061
:10D9100003218DF8011014F8011B8DF803108DF808
:10D9200000006846019400F0CEFB1CBD7FB50546A3
:10D9300001F028F906462878002460B18DF80040EF
:10D9400001200DF10101E8F7CFFA20B1684600F09F
:10D9500097F8002812D18DF80C403046FEF7A9FE4A
:10D9600018B18020ADF80D0001E0ADF80D408DF844
:10D970000F402878012803D038B1122004B070BDC0
:10D9800003A93046F9F758FAF8E7304601F055F99F
:10D99000F4E730B58BB0044601F0F4F80246207984
:10D9A000042803D86088B0F5804F02D912200BB04C
:10D9B00030BD00258DF80450217900959DF80000B8
:10D9C000052940F010008DF8000054D2DFE801F086
:10D9D000030805110B0040F0010040F0020006E0D2
:10D9E00040F0090001E040F0010040F004008DF833
:10D9F0000000BDF800000090BDF80000ADF8050083
:10DA00002188DDF8060061F31F20CDF8060061884B
:10DA1000DDF8090061F31F20CDF80900607B8DF867
:10DA20000D0060798DF80E00A0798DF80F00D4F804
:10DA300007000490B4F80B00ADF81400A07B8DF83B
:10DA400016007F208DF8170001208DF818008DF842
:10DA500019508DF81A008DF81B501046FEF749FE3C
:10DA60008DF81C008DF81D508DF81E5009A901A8D5
:10DA700000F092FA9BE741F2FF013920E7F78EFAB6
:10DA800070B5044600780221FDF7B4FA050007D00E
:10DA9000FEF7E2FF60B12846FEF713FE10B105E085
:10DAA000422070BD2846FEF7FAFD08B10C2070BD7B
:10DAB000611C2846FEF714FE002070BD3EB50D46E1
:10DAC000044601F012F830B1A08844F29021884257
:10DAD00003D912203EBD01203EBD4FF4296188428A
:10DAE00000D308462188ADF800106188ADF8021017
:10DAF000ADF804006188ADF80610ADF80800208884
:10DB00002880684601F0BFF83EBD1CB504460020E1
:10DB1000F9F7A8FAE078FB2801D912201CBD14F807
:10DB2000020B8DF8000014F8020B8DF8020014F8B7
:10DB3000030C8DF8010014F8010C8DF80300684601
:10DB4000019400F0C0FA1CBD30B50D4687B0044604
:10DB5000014619226846FCF7A1F800208DF819004B
:10DB60008DF81A00207D022804D06078010704D5C2
:10DB7000C00602D4122007B030BD2946684600F026
:10DB80000BFAF8E710B504460020F9F76BFA01210B
:10DB9000204600F047FE002804D12046BDE8104092
:10DBA00000F020BE10BDF0B5064687B00020F9F7A2
:10DBB00059FA30788DF8000070788DF80100B0784F
:10DBC00000248DF80200C1074FF0010700D00124A6
:10DBD000400700D5641CF9F7EDFA9DF80210814367
:10DBE00002D0112007B0F0BD00206D4613E000EB1D
:10DBF000800131442B18CA78DA708B8840F2712288
:10DC0000534305EB80029360C98840F27123594366
:10DC1000401CC0B21161A042E9D307208DF8180062
:10DC20008DF81970B07830F0050109D110F0050FAA
:10DC300006D0002612E0A819C07818B1012801D03A
:10DC40001220CFE705EB86073869F9F78FF858B14E
:10DC5000B868F9F77FF838B1761CF6B2A642EAD375
:10DC6000684600F0BEFABDE73020BBE71CB50446AD
:10DC70000020F9F7F7F9E078FB2801D912201CBD44
:10DC800014F8020B8DF8000014F8020B8DF8020056
:10DC900014F8030C8DF8010014F8010C8DF8030042
:10DCA0006846019400F0FBFA1CBD3EB50446FDF742
:10DCB00014FC58B12046EAF77DF869460020FDF7CC
:10DCC000A3F9FF2438B141F2670122E012203EBDE2
:10DCD000029880F83A416846E7F7ECFB0028F7D055
:10DCE00069460220FDF790F930B141F2710110E070
:10DCF000029880F8775000E001256846E7F7DAFBE4
:10DD00000028F5D069460320FDF77EF938B141F2CD
:10DD10007C013920E7F742F9029880F82C406846E8
:10DD2000E7F7C8FB0028F7D000203EBD3EB504460B
:10DD300000F017FFB0B10DF1070000902279E178F3
:10DD4000A0780DF1060301F045F8002809D12088DC
:10DD5000ADF80400B4F80500ADF8080001A800F023
:10DD600000FB3EBD01203EBD10B5044600F04DFF56
:10DD700020B1E9F7E5F908B10C2010BD2078FFF7D4
:10DD8000CBFAE279611CE9F757F908B1002010BD20
:10DD9000022010BD10B50446012000F01EFC28B181
:10DDA00021460120E8F7B8F8002010BD0C2010BD76
:10DDB00010B50088E9F76EFB08B1002010BD3020D7
:10DDC00010BD1CB501788DF8001040788DF8010069
:10DDD0000020ADF80200ADF804000146684600F0EE
:10DDE00021FD002802D1684600F0FCFC1CBD00B5F6
:10DDF00087B041798DF8001081798DF801100121EB
:10DE00008DF8021001788DF80310B0F8011040F27F
:10DE1000712251430291B0F803005043049007204F
:10DE20008DF8180000208DF819000498F8F7B6FF57
:10DE300040B10298F8F7A6FF20B1684600F0D1F98A
:10DE400007B000BD3020FBE71CB5044600F09AFE89
:10DE500000208DF800008DF8020003208DF80100ED
:10DE600014F8010B8DF803006846019400F017FACE
:10DE70001CBD70B5054600880021FDF7BBF8040005
:10DE800007D000F042FE20B194F8660118B13A20A4
:10DE900070BD022070BD002104F1CE00FFF733FAFF
:10DEA000012801D01A2070BDD5F80210C4F86711FE
:10DEB000D5F80610C4F86B116989A4F86F11102207
:10DEC00005F10C0104F27110FBF7E8FE012084F863
:10DED0006601002070BD1CB5044600F006FE78B156
:10DEE0002088ADF800006088ADF802002088ADF809
:10DEF00004006088ADF806006846F9F76FF81CBDAD
:10DF000001201CBD10B5E8F72DF8002010BD7CB530
:10DF100014460D4628B1012816D0022817D0122029
:10DF20007CBDF9F799F800B14DB102212846FDF703
:10DF300061F838B1FEF7C9FB207000207CBD00F00D
:10DF400021FEF6E742207CBDF1F720FBF4E76946AD
:10DF50002846FDF7DAFA08B102207CBD019890F856
:10DF60007200E9E77CB50C46054600F0BEFD78B1CD
:10DF700069462846FDF7C9FA002808D19DF8000037
:10DF800040B100212246019800F036FD00207CBD02
:10DF900001207CBD0121F5E72DE9FC410E46054637
:10DFA000077800F097FB00280AD1284600F058FBBC
:10DFB000002805D10220E7F715FA874202D307208F
:10DFC000BDE8FC8102213846FDF714F8040003D0B7
:10DFD000FEF742FD50BB08E0002202213846FCF764
:10DFE000FFFF04000DD0FEF7EDF928780321FDF7BF
:10DFF00001F8E8B190F84800D0B16878C1070BD1BA
:10E0000004E041F28A213920E6F7C8FF810703D4F2
:10E01000C10601D4800601D51220D1E72046FEF7C3
:10E020006AFB00F0ADFAA97D884201D00C20C7E759
:10E030002046FEF74AFB3070E87429462046EBF78D
:10E0400025F90646687EA0B19EB900226846216C7B
:10E05000FDF7A1F800220121206CFDF715F904223B
:10E060006846216CFDF797F800221146206CFDF7F9
:10E070000BF93046A4E710B50446002000F0ADFAD5
:10E0800028B121460020E7F747FF002010BD0C20F3
:10E0900010BD10B50446007800F00100F4F782FED0
:10E0A000207800F00100EDF799FE002010BD10B5BA
:10E0B000044600F01AFD20B12046BDE8104000F0F3
:10E0C000E2BD012010BD2DE9FC47064647780078E7
:10E0D0000221FCF78FFF05000BD0F8F7BDFF58B108
:10E0E0002846FEF7ABF90446F078A04205D804466E
:10E0F00003E04220BDE8FC87F478042F31D0286C7F
:10E10000FDF7E6F820441FFA80F8F8F7A5FFA0B95C
:10E11000F0784FF0120918B12846FEF7A6FA40B180
:10E120002846FEF78BF9404507D22846FEF7C5FA88
:10E1300008B14846DEE70720DCE7F8F78DFF024626
:10E140004146284600F068FA0028D3D1032F00D0BA
:10E15000C4B12846FEF7B1FA717803290DD088B909
:10E1600001E07CB9F5E7042907D12846FEF774FCE5
:10E1700040B1286CFDF77AF820B1012F04D0032FAD
:10E1800002D00EE01220B5E72846FEF796FA08B155
:10E19000002202E0012F14D001226846296CFCF70E
:10E1A000FAFF042F18D0726823460121286CFDF76E
:10E1B0002AF80028BFD07078022804D0032802D0A3
:10E1C0000DE00222E9E7286CFDF782F80246012102
:10E1D000286CFDF759F802E02846FEF746F90020C2
:10E1E00088E710B58AB00446F8F7B0FC002803D1E0
:10E1F00000F018FD10B10C200AB010BD022104F18E
:10E200001000F8F7D7FDA0788DF80000A0788DF801
:10E210001C0060788DF8210020788DF82000207E89
:10E220008DF82200607E00B101208DF82300A078D7
:10E23000C10714D0E07800F0D6FB8DF81D00A0686F
:10E24000019020690290A078400715D5207900F050
:10E25000CAFB8DF81F00E068059060690BE002289A
:10E2600013D0400708D5E07800F0BDFB8DF81F0003
:10E27000A0680590206906906846F4F79DFE002886
:10E28000BAD107A8F1F714FAB6E7E07800F0ABFBD3
:10E290008DF81E00A068039020690490ECE72DE93A
:10E2A000FC4106464578C77800780221FCF7A2FEBB
:10E2B000040007D0F8F7D0FE40B12046FEF701FA7F
:10E2C00018B103E04220BDE8FC810027206CFDF777
:10E2D00003F838441FFA80F8F8F7BEFE28B9F07842
:10E2E00018B12046FEF7EDF998B1F8F7B5FE0246F1
:10E2F0004146204600F090F90028E4D1042D08D0D2
:10E30000032D0AD02FB12046FEF7A6FB18B10C2032
:10E31000D9E71220D7E7012D0CD12046FEF7CDF921
:10E3200008B1042202E0012D10D005226846216CBC
:10E33000FCF731FF72683B460021206CFCF763FF5D
:10E3400030B1022D06D0032D04D008E00622EDE7FF
:10E350000720B8E742460021206CFCF795FF00201B
:10E36000B1E710B50446808828B1012803D00228FF
:10E3700001D0122010BDE07800F012FA48B1A07868
:10E3800000F00EFA28B12046BDE810400121F8F750
:10E39000AFBA112010BD7CB50C4605460088694611
:10E3A000FDF7B3F8002806D1019829882180B0F83C
:10E3B000B000608000207CBD10B5044601460020FE
:10E3C000E7F792FD10B900202060A080002010BD6A
:10E3D0007CB500886946FDF798F878B9684600F082
:10E3E0008DFB58B1019C9DF80000803400F0D8F8F6
:10E3F0000028019804D000F5B27003E002207CBD33
:10E4000000F5E670017811B994F8471009B13A2087
:10E410007CBD94F848104FF00105890703D10570C1
:10E420006846FDF739FE84F8475000207CBD1CB5D6
:10E430000C460188218000886946FDF766F80028AF
:10E4400004D1019890F88900A07000201CBD7CB513
:10E450000C46054600886946FDF757F808B10220CA
:10E460007CBDA87830B100F021FBA0702888208006
:10E4700000207CBD019890F87200F6E710B5F8F71F
:10E48000F7FD002010BD2DE9FC41044640880D46F3
:10E49000B8B120886946FDF738F800280FD12088E8
:10E4A0002880019E06F1100580362F686288394663
:10E4B0003046FDF747FA2868B842F6D10020BDE89B
:10E4C000FC811220FBE7F8F797BA10B50820F8F79F
:10E4D0005FFEF5F76FFEBDE81040EEF7D3BC10B558
:10E4E0000B20F8F755FEF5F765FEBDE81040EEF796
:10E4F000C9BC10B504460020228886B0A2F57F4131
:10E50000FF3908D003A91046FCF7FFFF10B1022025
:10E5100006B010BD04982189A38962898DE80E0098
:10E52000E388A2886188F8F78BFB08B10020EFE749
:10E530003020EDE710B5044600780221FCF75AFDC3
:10E5400020B12178BDE8104000F033BB422010BD5F
:10E550004FF4A471884203D34FF42961884200D359
:10E5600008467047410701D508207047C10701D010
:10E5700001207047800701D50220704700207047B6
:10E5800010B501280BD0022809D0042806D008288D
:10E5900004D04FF41D710620E6F700FD032010BDE6
:10E5A00008B100207047012070470EB5694602206F
:10E5B000FCF72AFD50B140F253113920E6F7EEFC8A
:10E5C0000298FEF749FA08B101200EBD6846E6F749
:10E5D00071FF0028F4D000200EBD10B50446FFF7EF
:10E5E000E4FF70B1F8F738FD50B100F0CBFA044603
:10E5F000FEF767F860B92046FEF751F808B107E06A
:10E6000034B100F00FFB28B1F1F714F9012801D063
:10E61000002010BD012010BD70B50C46054612B19A
:10E620001F290CD816E0E7F74DFAA04201D20720C7
:10E6300070BD2846FEF741F818B11F2C01D91220F1
:10E6400070BD2846FEF746F830B121462846FDF752
:10E65000CAFF18B1002070BD422070BD452070BDBA
:10E6600010B504464078C00613D4F8F7A3FD800720
:10E6700005D4207D022829D0A07D022826D0F8F7D5
:10E6800099FD400705D4207D03281FD0A07D0328D5
:10E690001CD06078C00702D0F8F73EFDB0B16078BA
:10E6A000C10605D4010703D5207D02280ED10FE055
:10E6B000217D022901D0A17E41B9000708D4D4F8F8
:10E6C00005004FF48041B1EB102F01D2112010BD95
:10E6D000002010BD38B504460078EF285CD8B4F8A7
:10E6E0000100ADF80000009800F08BFBA0B360784B
:10E6F00001070BD4D4F80210D4F805300A0AB2EBA3
:10E70000132F49D82022B2EB112F45D8617A19B3C3
:10E71000072941D8A17A29B1012903D0022901D0C2
:10E72000032939D1420703D4022901D0032905D195
:10E73000E17A09B101292FD1410707D4A17C29B180
:10E74000012903D0022901D0032925D1C10604D50E
:10E75000207D012820D11BE01EE0217D02290BD164
:10E76000C10719D0410717D4010715D5410613D4A5
:10E77000810611D481070FD4C00609D4A07D0128D9
:10E7800003D0022801D0032806D1E07D0F2803D84A
:10E79000207E18B1012801D0122038BD002038BDDC
:10E7A00010B5040005D0F8F705FD844301D0002022
:10E7B00010BD012010BDFB2802D8B1F5296F01D989
:10E7C00011207047002070471B38E12806D2B1F5B0
:10E7D000A47F03D344F29020814201D912207047D4
:10E7E0000020704710B504460078012809D0F4F7DE
:10E7F000DDFB052803D0F4F753FB002800D00C20E4
:10E8000010BDF0F73FFF58B1F0F700FDF0F76AFDDB
:10E810000028F5D1A1886088BDE81040F4F7DCBA83
:10E82000122010BD0278012A01D0BAB118E0427856
:10E830003AB1012A05D0022A12D189B1818879B171
:10E8400000E059B1418849B1808838B101EB8101BC
:10E85000490000EB8000B1EB002F01D2002070478F
:10E86000122070472DE9FE43467A054670077DD099
:10E87000F0087BD1F8F79EFC26EA0000400702D0A2
:10E880001120BDE8FE8395F8480008B9012E6DD12E
:10E890000024FF27F00706D00121A869F8F7B6FA8F
:10E8A000002869D00124B00701D52746641C7007F1
:10E8B00007D505EB840004218069F8F7A7FAB8B3FF
:10E8C000641C4FF0000846464AE0BE4231D005EBDA
:10E8D00086018869C968884260D8804405EB460093
:10E8E0008146C18EB0F84230828F8DE80E00038ED3
:10E8F000428D818C0020F8F7A3F9C8B176B3B9F83E
:10E900002410B9F82200814248D1B9F82A10B9F888
:10E910002800814242D1B9F83010B9F82E00814266
:10E920003CD1B9F83610B9F83400814236D115E03F
:10E9300022E0012C12D105EB8609D9F81800F8F76E
:10E9400059FAC8B1D9F80C00F8F748FAA0B1D9F8CB
:10E950000C10D9F81800884220D88044761CF6B2F2
:10E96000A642B2D3E968414518D300E016E0287802
:10E9700020B1012812D104E0302082E7A8780028D5
:10E98000F7D1687828B1012803D0022801D00328E4
:10E9900004D195F84C0008B1072801D9122070E77E
:10E9A00000206EE770B514460D4608B101280CD161
:10E9B000022B0CD019461046F8F728FA78B12846F1
:10E9C000F8F7C8F958B1AC420BD9122070BD104607
:10E9D000F8F710FA18B12846F8F700FAF2E73020F5
:10E9E00070BD002070BD012802D018B10020704712
:10E9F00002207047012070472DE9F0410546B0F82C
:10EA00005670B0F858401646303011B1F4F7D0F9CE
:10EA100001E0EDF7E9F980460221FCF741FE87426B
:10EA200000D23846074602214046FCF739FE8442B0
:10EA300000D22046298831801B2F13D9FB2F00D309
:10EA4000FB2777801B280FD9FB2800D3FB20F08001
:10EA50004046FFF77DFDB0804046FFF779FD3081ED
:10EA6000BDE8F0811B27ECE71B20F0E72DE9F04122
:10EA70009078069E1D46144608B9F8F79BFBE4788B
:10EA8000074614B9F8F796FB04466FB164B13846EF
:10EA9000FFF768FD2046FFF765FD2FB124B12F7009
:10EAA00034700020BDE8F0810920FBE710B5FBF7CA
:10EAB00099F828B9FBF7CCF810B9FBF7D3F808B1EF
:10EAC000082010BDFBF763F840B9FBF76AF828B9D6
:10EAD000FBF77EF810B9FBF78FF808B1042010BDE2
:10EAE00040F2D6513920E6F759FA10B5F8F75CFB39
:10EAF000400940EAC16000F0010010BD01784068A3
:10EB000009B100F018B800F000B808B590F82C1161
:10EB100090F8A4008DF80000009800909DF8000087
:10EB200000B10120401E084203D0042901D0012079
:10EB300008BD002008BD08B590F84C1190F8A4005D
:10EB40008DF80000009800909DF8000000B10120B1
:10EB5000401E084203D0042901D0012008BD002036
:10EB600008BD10B5F8F720FB000A40EA0160C007B5
:10EB700006D1F8F719FBC00A40EA4150C00700D09F
:10EB8000012010BD10B502210020FCF733FA04006B
:10EB900008D1002202211046FCF722FA040003D01B
:10EBA000FDF710FC204610BD4FF410713920E6F738
:10EBB000F5F970B50D460446FDF74EFF70B92046D5
:10EBC000FDF7E5FB50B903212846FCF713FA0400D2
:10EBD00006D004F1380000F063FA08B10C2070BDD3
:10EBE00002212846E6F7D8FC10B141F2CD2107E01A
:10EBF0004CB103212846E6F7CFFC20B141F2D421E5
:10EC00003920E6F7CBF9002070BD10B500F00AF806
:10EC100030B9FFF7CAFC18B9F0F7E8FD002800D0BA
:10EC2000012010BD10B5F4F7C1F9042803D0052860
:10EC300001D0002010BD012010BD70B50546FDF7C4
:10EC400049FD70B12846FDF707FF002808D0284687
:10EC5000FDF7FFFE04462846FDF7D1FE18B10C2053
:10EC600070BD422070BD64B12088E7F79DF8208810
:10EC70000121E6F791FC20B141F229513920E6F754
:10EC80008DF9002070BD2DE9F04186B00446008862
:10EC90006946FCF73AFC002861D101989DF8001004
:10ECA0008030002901990FD091F800128DF81010D2
:10ECB000049904919DF8101001B101218DF80810FC
:10ECC000C17B89061BD411E091F8AA118DF81010B0
:10ECD000049904919DF8101001B101218DF80810DC
:10ECE000817B1D290BD001E0012100E000218DF87E
:10ECF0000C1005214E30FEF706FB28B107E09DF809
:10ED000008100029F2D1EFE79DF80C0030B32189FB
:10ED1000E088FFF759FD002821D1A1886088FFF71E
:10ED200053FD00281BD12189E088FFF744FD00280E
:10ED300015D1A1886088FFF73EFD06000FD19DF830
:10ED40000000019F70B107F5DE754FF0FF0885F8F0
:10ED500001809DF8080040B13A2637E01A2006B03D
:10ED6000BDE8F08107F59F75EFE79DF80000FFF71C
:10ED700017FC014602AA3846FFF73EFE6188BDF83F
:10ED80000E00814200D20846E880A188BDF810003C
:10ED9000814200D208462881E288BDF80A108A42E2
:10EDA00000D2114669802289BDF80C108A4200D237
:10EDB000114640F64802A980914200D31146A9802D
:10EDC000904200D202462A8185F8008000206870B7
:10EDD0003046C4E730B540F3000440F34000401C27
:10EDE000039D641C00D019B100B10AB11CB901E047
:10EDF000112030BD0021197000B900222A700020B6
:10EE000030BDC0B2C10615D481064FEAC07103D52A
:10EE100021BB810722D401E00029FAD101071BD5CB
:10EE2000C1071BD0810719D4410617D4410715D457
:10EE300080060FE0410611D481060FD4C1074FEAC6
:10EE4000807104D0002902DB400705D406E00107E9
:10EE500004D44007002801DB0120704700207047E0
:10EE60003EB5FFF7DFFE10B1F0F7ECFC90B9694654
:10EE70000220FCF7C9F878B140F271113920E6F7A9
:10EE80008DF8029C2046FDF7E7FD28B12046FDF7EE
:10EE900095FC08B101203EBD6846E6F70BFB002853
:10EEA000EFD000203EBD10B5EAF73EFBBDE81040B4
:10EEB000F8F738B910B5ECF7FFFE08B1E72103E029
:10EEC000EAF768FB18B1EC210120E6F767F8BDE826
:10EED00010400220FCF76AB810B50120FCF766F874
:10EEE000BDE810400020FCF761B810B5F0F7BCFA9F
:10EEF000F8F730F9F8F722F9F5F7E8F8BDE810402F
:10EF0000E9F768BE026812B90160704702465068AE
:10EF100008B18A42FAD18A42F7D05160704710B5E1
:10EF2000044602E0206880476468002CFAD110BDD6
:10EF300010B5FFF7D1FFE6F7C7FCE6F7C5FFE7F727
:10EF4000FBFA002803D0C6210120E6F727F810BD00
:10EF5000FFF7EEBF10B500F00AF8FEF7BEF9002883
:10EF600004D04FF4AA710120E6F718F810BD10B5CF
:10EF7000F3F734FE20B140F22D110120E6F70EF830
:10EF8000F0F738FBBDE81040F7F74AB9FFF7D0BFFC
:10EF900010B5FFF78FFFEEF7BBF8002804D040F262
:10EFA00003110120E5F7FAFF10BD817931B1491E47
:10EFB00011F0FF01817101D00020704701207047DE
:10EFC00010B50121C1718171818004460421E6F7E9
:10EFD000A1F8002802D12068401C206010BD10B5A7
:10EFE0000446C07911B140B9002101E028B90121DE
:10EFF000204600F007F8E07910B10020E07110BD64
:10F000000120FBE7828851B1FF2A0FD24FF6FF7132
:10F0100001EA42018180FF2908D9FF2105E0012A88
:10F0200004D95108818001D1012181800168012921
:10F0300000D009B90D210160C943C1EBC10202EB47
:10F0400001118279D24302EB8203C3EB8212114495
:10F0500001608288890CB1FBF2F302FB131181710C
:10F060007047E5F7E7BA01000B0002000A0005004F
:10F0700009000A000800140007001E000600320004
:10F0800005004B0004006400030096000200FA0033
:10F090000100F4010000C868FCF717B9417170471E
:10F0A000407C7047704790F85C0008B100207047C2
:10F0B0000120704710B5F8F7A5FFF8F701FBF8F746
:10F0C00065F9BDE81040F8F78DBA10B5044608465A
:10F0D000F9F786F94FF47A7100F2E730B0FBF1F0FE
:10F0E000201A801E10BD10B504460846F9F778F9BD
:10F0F0004FF47A71B0FBF1F0201A10BD0A6802607B
:10F100000B790371704700210160818070470A68A4
:10F1100002608B88838070470A684B680260436096
:10F12000B1F808C0A0F808C070470C0802170D011C
:10F130000102090901010602091818030101090960
:10F14000030305225555552526270103010100001B
:10F150002DE9F04F2DED068B9FEDA57B83B08DED56
:10F16000007BB0EE479AF0EE679AB0EE47AAF0EE59
:10F1700067AA00264FF0200B3746B046B0EE478A0C
:10F18000F0EE678A9C4D9D482A461F2120F01AFF09
:10F1900048B19B4821F033F84FF0FF3003B0BDEC8D
:10F1A000068BBDE8F08F95482C782A46202120F068
:10F1B00009FF0028EDD1287840EA0420E1F742F960
:10F1C000904B0022E1F7A8F98F4B002204460D4630
:10F1D000E1F714FC38B9204629468C4B0022E0F7B1
:10F1E000E3FF04460D46DFF83892DFF838A22246E6
:10F1F0002B46DAE90001C9E90045E0F7D5FF41EC0B
:10F20000100B27F0A1FB824B51EC100B0022E1F711
:10F2100013FC38B1D9E9002389ED008BCAE900233A
:10F2200008F10108744D75482A46212120F0CAFED4
:10F230000028AED171482C782A46222120F0C2FE47
:10F240000028A6D1287840EA0420E1F7FBF86D4BAE
:10F250000022E1F761F96C4B002204460D46E1F70C
:10F26000CDFB38B920462946684B0022E0F79CFFC9
:10F2700004460D46DFF89C91DFF8ACA122462B46F0
:10F28000DAE90001C9E90045E0F78EFF41EC100B17
:10F2900027F05AFB5E4B51EC100B0022E1F7CCFB40
:10F2A00030B1D9E9002389ED008BCAE90023013789
:10F2B000514D52482A46232120F084FE00287FF435
:10F2C00068AF4E482C782A46242120F07BFE002887
:10F2D0007FF45FAF287840EA0420E1F7B3F8494BA8
:10F2E0000022E1F719F9484B002204460D46E1F7E8
:10F2F00085FB38B920462946444B0022E0F754FFED
:10F3000004460D46DFF81091DFF820A122462B4677
:10F31000DAE90001C9E90045E0F746FF41EC100BCE
:10F3200027F012FB3A4B51EC100B0022E1F784FB63
:10F3300030B1D9E9002389ED008BCAE900230136F9
:10F34000DFF8DC90334D344CD9E9002351EC190B34
:10F35000E0F72CFFD5E9002341EC190BDDE90001B2
:10F36000E0F724FFD4E90023CDE9000151EC1A0BAA
:10F37000E0F71CFF41EC1A0B012000211AF0E0FE1F
:10F38000BBF1010B7FF4FEAEC8F12000E1F75AF8A3
:10F3900002460B4651EC190BE1F7E8F9C9E9000107
:10F3A000C7F12000E1F74EF802460B46DDE9000107
:10F3B000E1F7DCF9C5E90001C6F12000E1F742F808
:10F3C00002460B4651EC1A0BE1F7D0F902460B4608
:10F3D000C4E9002300230022E1F72EFB0F4BB0FA13
:10F3E00080F0400918700220D8E600BFAFF300801B
:10F3F0000000000000000000C550002088720400DA
:10F40000D88704000040AF3F00409F400040AF401D
:10F41000000059403025002040250020C250002027
:10F420001825002020250020382500204825002010
:10F430002DE9F74FDFF8C0A1DFF8C09100244FF0AD
:10F44000000803F037FD002200284FF076015046F7
:10F4500008BF012420F0CFFD594DDFF8A4B10028EA
:10F460002A464FF038015046B8BF012420F0AAFDCB
:10F47000002840F09D802B78012B40F28380514A78
:10F48000504E3121504620F09DFD324600284FF06D
:10F4900032015046B8BF0124357820F093FD002892
:10F4A000C0F28280002C7FD13178474845EA01259F
:10F4B00029466D0020F0A3FE4348294620F09FFE18
:10F4C0002846E0F7AFFF3CA3D3E9002306460F46EA
:10F4D000E1F722F832463B46E1F71EF842464B463A
:10F4E000E1F71AF8E1F7DAFA01460190374820F01F
:10F4F00086FE0199364AA1F57423A3F51073934251
:10F5000040D8344820F0DFFD334820F0D6FD334E9C
:10F51000334818F0EDFE776835693B689A040ED4DD
:10F520003049314A314840F2924321F04BF830489B
:10F5300021F048F82C4840F2924121F03CF83B6819
:10F540002D689B0405F400550ED42649264A274809
:10F550004FF48D6321F036F8254821F033F8224826
:10F560004FF48D6121F027F8DDB9B368DB681B48E3
:10F570004FF4005198471F4B01221A704FF4FA7351
:10F58000ABF80030BBF8000040F2E7314FF47A727C
:10F59000002301EBC0300021E1F7F0FA1AF0D0FDB2
:10F5A0004FE7B3681B69E2E741F28833ABF80030FC
:10F5B0000124E7E7AFF300801F85EB51B89E23409D
:10F5C000C4500020C5500020E4870400F5870400E3
:10F5D000BF9EE6055037002008370020C4710400A4
:10F5E000F813002036880400058804008E87040084
:10F5F00074880400C3500020887204000000E03FBB
:10F60000C60C002000000000254B2649D3E900234A
:10F61000D0B51046D1E900671946E0F77DFFE1F764
:10F6200015FA32463B46044639463046E0F774FF49
:10F63000E1F70CFA2044E0F705FF41EC100B1CF059
:10F64000E1FA194953EC102BD1E90001E1F78EF8EA
:10F6500041EC100B01F0D4FB144B51EC100B0022C9
:10F66000E0F75AFF0CA3D3E90023E1F77FF8104B32
:10F670000022E0F751FFE1F731FA00EE100A1CF02A
:10F680007FFADFED0C7AC0EE277A17EE900AE0F7EA
:10F69000EBFE41EC100BD0BD182D4454FB2109406A
:10F6A00030250020402500201825002000806640DD
:10F6B000000059400000C842254B2649D3E90023E9
:10F6C000D0B51046D1E900671946E0F725FFE1F70C
:10F6D000BDF932463B46044639463046E0F71CFF4A
:10F6E000E1F7B4F92044E0F7ADFE41EC100B1CF05B
:10F6F00089FA194953EC102BD1E90001E1F736F8EA
:10F7000041EC100B01F07CFB144B51EC100B002270
:10F71000E0F702FF0CA3D3E90023E1F727F8104B31
:10F720000022E0F7F9FEE1F7D9F900EE100A1CF02B
:10F7300027FADFED0C7AC0EE277A17EE900AE0F791
:10F7400093FE41EC100BD0BD182D4454FB21094011
:10F75000182500204025002030250020008066402C
:10F76000000059400000C8422DE9F04F2DED068BF6
:10F7700089B002A807F04CF8DDE904238249DFF8DC
:10F7800038B2C1E90023DDE9062380499FED78AB5B
:10F79000C1E9002300244FF0000A7D4E7D4D3368FF
:10F7A000002B40F0D6807C4B1B78002B00F0C080F3
:10F7B0007A4B1B78002B00F0BB8003F07BFB00280A
:10F7C00000F0C480FFF7C4FC002840F3A880FFF7D6
:10F7D0001BFF6D4B51EC100BD3E90023E0F7E6FC67
:10F7E000CDE90001FFF768FF684BDDE90001D3E9CF
:10F7F000008952465B4657EC106BE0F7B7FF5EA3FB
:10F80000D3E90023E0F788FE424641EC190B4B4652
:10F8100030463946E0F7CAFC52465B46E0F7A6FFA1
:10F8200055A3D3E90023E0F777FEB0EE490AF0EEE6
:10F83000690A41EC180B01F083FC57EC106BB0EE39
:10F84000490AF0EE690A01F07BFC304653EC102BBC
:10F850003946E0F761FEB0EE480AF0EE680A064667
:10F860000F4601F06DFC59EC108BB0EE480AF0EE3B
:10F87000680A01F065FC404653EC102B4946E0F75E
:10F880004BFE32463B46E0F791FC41EC100B1CF07E
:10F89000B9F901F0B5FA524651EC100B5B46E0F7AE
:10F8A0003BFE35A3D3E90023E0F760FF34A3D3E99F
:10F8B000002306460F46E1F7B5F8F8B1384B1B7840
:10F8C000E3B90134E4B2DFF8F48098F800301A06A6
:10F8D00005D5334B00221A70324826F056FF2E4BC6
:10F8E0001B7843B198F800301B0604D447EC106B2A
:10F8F000204600F071F996232B8019E02A4B002254
:10F9000030463946E1F784F838B1254B1B7803F0CF
:10F91000FF02002BD5D11446D5E70446D3E7234B8D
:10F9200083ED00AB224B83ED00AB224B83ED00ABAC
:10F93000288840F2E7314FF47A72002301EBC0309F
:10F940000021E1F71BF91AF0FBFB26E74FF47A736D
:10F95000D2E73368002BEBD003F0ACFA0028E7D0F5
:10F9600003F0BCFA0028CCBF002301233360DFE79B
:10F970000000000000000000182D4454FB21094045
:10F98000CDCCCCCCCCCC08401025002028250020A4
:10F99000E8350020C40C0020D55000202B52002058
:10F9A000CE500020380F002000000840182500200D
:10F9B000302500204025002000806640DA500020DD
:10F9C0002DE9F74F54A7D7E900670FF25419D9E989
:10F9D0000089494C494DDFF850B1002323602B606A
:10F9E000474B9B6801934FF0100A019B44485B68AA
:10F9F00059469847014628B1424803B0BDE8F04F48
:10FA000020F0FDBB404A2168B2F900300B4423606E
:10FA10002968B2F902300B442B604FF4FA7026F0DB
:10FA200082FEBAF1010AE0D12368DFF800A11B09C8
:10FA300023602B681B092B60226840F674339A42BE
:10FA400041D916238AF800302068D5F800B0E0F7D5
:10FA5000E9FC27A3D3E90023E0F75EFD04465846FE
:10FA60000D46E0F7DFFC02460B4620462946E0F74C
:10FA70007DFEE1F733F8E0F7F7FC32463B46E0F76E
:10FA800093FBE1F72BF8E0F7EFFC42464B46E0F73B
:10FA9000B5FF58B11D4820F010FB1D4818F028FC98
:10FAA000002111201AF04CFB05F01CF9194B1B78B2
:10FAB0001BB19AF8000004F0FDFD00214FF4004056
:10FAC0001AF03EFB85E7226840F663239A4201D98B
:10FAD0000823B7E7226840F651139A4201D904235C
:10FAE000B0E72368B3F50E6F8CBF02230123A9E7AB
:10FAF000AE47E17A14AE2740F8350020F4350020F7
:10FB00006C7204007E8C0400925000200C370020A0
:10FB1000F8130020C7500020295C8FC2F5A82140AF
:10FB2000666666666666024034060020C85000209D
:10FB30002DE9F04F87B083890393D0E900698846A7
:10FB40001546B36804AA5B684946304698470028C2
:10FB500030DBDDE90443A8FB04B108FB0318029382
:10FB6000584619A3D3E900234146E1F707F84FF0BF
:10FB7000FF3A174BDA4573EB080207461DD3029A8A
:10FB8000A5FB048405FB024540460FA3D3E90023EF
:10FB90002946E0F7F3FF0E4BC245AB410DD3874238
:10FBA000B3680DD3039A00921C683A46034649464F
:10FBB0003046A04707B0BDE8F08F6FF08500F9E749
:10FBC0006FF01500F6E700BF00CA9A3B0000000086
:10FBD000FFC99A3B00000000F7B557EC106B0446D4
:10FBE00020A3D3E9002310EE100A3946E0F71AFFEC
:10FBF00010B9174B1B789BB1164D2B7883B9032C8A
:10FC00000EDD4FF4804200231348CDE900231AF0A3
:10FC1000C5FF01232B70114B64221A8003B0F0BD85
:10FC20000F4B002230463946E0F7F2FE0028F5D0AF
:10FC3000074B1B7803F0FF05002BEFD1032CEDDD04
:10FC400004F0A0FD034B96221D70044BE5E700BFB6
:10FC5000C2500020CE500020380F0020C40C0020DD
:10FC600000000840CDCCCCCCCCCC0840000000003B
:10FC70002DE9F04F87B083890393D0E90069884666
:10FC80001546B36804AA5B68494630469847002881
:10FC900030DBDDE90443A8FB04B108FB0318029341
:10FCA000584619A3D3E900234146E0F767FF4FF018
:10FCB000FF3A174BDA4573EB080207461DD3029A49
:10FCC000A5FB048405FB024540460FA3D3E90023AE
:10FCD0002946E0F753FF0E4BC245AB410DD3874297
:10FCE000B3680DD3039A00921C683A46034649460E
:10FCF0003046A04707B0BDE8F08F6FF08500F9E708
:10FD00006FF01500F6E700BF00CA9A3B0000000044
:10FD1000FFC99A3B000000002DE9F04F2DED028B4A
:10FD20009FEDAB8B9BB081468A4615461C4600264C
:10FD3000287810B9304600F0CBBD6B1C2528029303
:10FD400006D05146C8470028C0F2C28501362EE2CF
:10FD5000182200210CA826F031FE6B78252B59D0F3
:10FD60006A1C174612F8013B2B2B00F08B8079D8C8
:10FD7000202B00F08C80232B00F08E809DF83830F3
:10FD800003F04402442A03D16FF386138DF8383010
:10FD90009DF838300A9743F080038DF838303B786F
:10FDA0002A2B7ED19DF8393043F001038DF839308C
:10FDB0007B1C0A931A782E2A9DF839200CBF01214A
:10FDC000002161F341028DF839200BD15A1C0A92AF
:10FDD0005A782A2A7BD19DF8392042F004028DF806
:10FDE00039200233194611F8010B6C2800F0CF803E
:10FDF0007DD8682800F084806A2800F0D2804C28E2
:10FE000000F0D6809DF839206FF3C6028DF83920B6
:10FE1000194680E0AA1C02928DF83B309DF83930DB
:10FE2000DF0740F1788154F804BBBBF1000F07DA1B
:10FE30009DF8382042F004028DF83820CBF1000BF9
:10FE4000580740F1718154F8048BB8F1000F80F22B
:10FE500070819DF839306FF341038DF839304FF0E0
:10FE6000FF3866E12D2B06D0302B87D19DF8383036
:10FE700043F0400303E09DF8383043F004038DF86D
:10FE800038306EE79DF8383043F00803F7E79DF807
:10FE9000383043F01003F2E79DF8383043F0200388
:10FEA000EDE70AA807F0BAF90A9BBB4281D09DF89A
:10FEB00038700F90C7F3400141EAD072520062F0EF
:10FEC0007F0207F07D010A438DF8382071E70AA808
:10FED00007F0A4F99DF838301090C3F3400242EACD
:10FEE000D07060F341038DF838300A9B7AE77428AC
:10FEF0009DF8392059D07A2884D11346062241E052
:10FF00005A78682A9DF839203AD1012161F3C60256
:10FF10008DF83920991C0B4613F8012B0293782A8F
:10FF20008DF83B2000F2CD80572A55D8412A04D0C5
:10FF3000A2F14503022B00F2C4809DF83A3004215F
:10FF400061F302038DF83A3002F0DF03A3F14108B8
:10FF50009DF83920D8F1000343EB080363F3C7127F
:10FF60008DF83920D3B2120600F1D38003F0780265
:10FF7000182A40F0A3806FF3C6038DF839308AE069
:10FF80001346022262F3C6038DF83930C3E75A786C
:10FF90006C2A9DF8392001D10421B7E713460322CA
:10FFA000F0E79DF839300522ECE713460722E9E730
:10FFB000BDF8383023F4F04323F0020343F48043C8
:10FFC00043F00203ADF83830A5E700BFAFF300807F
:10FFD0000000000000000008A2F15803202B70D898
:10FFE00001A151F823F000BF9B000200C3000200F2
:10FFF000C3000200C3000200C3000200C3000200ED
:020000022000DC
:10000000C3000200C3000200C30002003BFF010066
:10001000C30002009B0002006D0002003BFF0100D4
:100020003BFF01003BFF0100C30002006D00020026
:10003000C3000200C3000200C3000200C3000200AC
:10004000D10002009B000200F5000200C300020084
:10005000C3000200F5000200C30002009B00020082
:10006000C3000200C30002009B0002009DF83A306A
:10007000012161F302038DF83A309DF8393003F025
:100080007803402B02BF9DF8381041F001018DF834
:100090003810632A05D0002306E09DF83A3002218B
:1000A000E7E7003B18BF01239DF83820C2F3400169
:1000B0000B4363F341028DF83820AFE613F0380F9D
:1000C000E9D09DF8383043F001038DF83830E2E78D
:1000D0009DF83A30032262F302038DF83A309DF81E
:1000E000393003F07803A3F1400CDCF1000343EB5B
:1000F0000C03D9E79DF83A30032262F302038DF82E
:100100003A309DF8393013F0780F14BF01230023E3
:10011000CAE70123C8E79DF93820002AB4BFDDF8FB
:100120003CB04FF0FF3B8BE699077FF598AEDDF8CA
:1001300040809DF839100023CDE90F339DF83A3007
:1001400003F00702042A09D18A0707D49DF9392050
:10015000002AB4BF4FF00D084FF0060803F0070364
:10016000012BC1F3C30137D1CB1E042B21D8DFE80B
:1001700003F003090920200054F8043BDA17CDE905
:100180000C3206E0073424F00704F4E80223CDE93A
:100190000C239DF83870BB0756D0029B2A46514667
:1001A000484620F0EFF90028C0F292830644029DF1
:1001B000BEE554F8043B01294FEAE372CDE90C3265
:1001C00005D19DF830300C9300230D93E1E702290F
:1001D000DFD1BDF93030D1E7022B23D1CB1E042B68
:1001E00013D8DFE803F0030A0A12120020680C900B
:1001F0000022231D0D921C46CBE7E31D23F00703CD
:10020000B3EC027B8DED0C7BF5E754F8043B0C93CB
:1002100001294FF000030D93D3D00229B9D1BDF8C5
:100220003030D0E7042B09D1E31D23F0070303F19D
:100230000804D3E90023CDE90C23AAE7032B04BF6C
:1002400054F8043B0C93A4E79DF83B20782AAED8E1
:10025000572A00F28C80252A00F0D480242AA6D9BF
:10026000412A03D0A2F14503022BA0D8DDE90C13EB
:10027000002BC0F2B781380700F1B68117F01007E4
:1002800018BF2027C3F30A55C3F31303CDE908139E
:10029000002D40F0AB8151EA030014BF0120002083
:1002A000DB0243EA5153C902462A45EA010E43EAFA
:1002B000E57C08BF66225EEA0C0CCDE9081300F06D
:1002C0000382002840F0CB81DDE908014FF0000CEB
:1002D00041F00041A5F2FE35099163464FF0050E4D
:1002E00015F1020FC0F2C281BCF1000F01D0CDE9BF
:1002F0000801002DDDE9080100F3CD810998089976
:10030000C5F1040C1C3500FA05F5ACF1200E21FAFC
:100310000CF120FA0EFE294341EA0E0120FA0CF0FE
:10032000CDE9081002F0DF01472940F0D481DD1C3F
:1003300002DB984580F2CB81023AB8F1000FD2B2CD
:1003400001DD08F1FF389DF83810880600F1C381FF
:10035000B8F1000FD4BF00210121662A039140F0BB
:10036000BC8113EB080140F1BA810021BAE1A2F18E
:100370005803202B3FF61BAF01A050F823F000BF1D
:1003800087050200AF010200AF010200AF010200C9
:10039000AF010200AF010200AF010200AF01020095
:1003A000AF0102006D020200AF0102003104020041
:1003B000270502006D0202006D0202006D020200BC
:1003C000AF01020027050200AF010200AF010200E9
:1003D000AF010200AF010200BD0502008705020067
:1003E0008B050200AF010200AF0102000B04020006
:1003F000AF01020087050200AF010200AF01020059
:1004000087050200514610469CE4B8F1000F0C9A93
:1004100009DB41461046039226F00AFC039A0027A6
:10042000151862B9C3E610460392F9F780F8F5E7AC
:100430000C9B8DF84C3000270DF14D0513AAAB1A1B
:1004400007B101339DF83A00C10640F1358202330D
:100450000F9940060B4444BF10995B18BBF1000F85
:1004600023DDABEB030B9DF838305907C3F380084D
:100470001BD4580640F13682002F00F036825146D8
:1004800038460392C8470028C0F22282039A4746A2
:1004900001364FF030085E445B46002BA6EB0B00A4
:1004A0000BF1FF3B00F30C82064647B1514638463C
:1004B0000392C8470028C0F20B82039A01369DF8C8
:1004C0003A30590640F165829DF93930002BA6EB90
:1004D000020680F219821746B846F31917F8010B85
:1004E000702840F00582109F1E461F44BB1B002B46
:1004F00000F348822B4642465146484620F042F8D7
:100500000028C0F2E581304406468344ABEB060385
:10051000002B7FF74CAE51462020C8470028C0F280
:10052000D7810136F2E73D072BD417F0100718BF2B
:100530002027DDE90C23002B05DA524263EB43034D
:10054000CDE90C232D270DF1650300930EAADDE9FB
:100550000C0113AB06F078FE0246B8F1000F0DF166
:100560006505FFF65EAF9DF83810AB1A6FF3861184
:1005700098458DF838107FF654AFA8EB03030F931E
:100580004FE72B27D5E70027DDE70C98002800F080
:100590008F810DF1650300930EAA13AB002106F0C5
:1005A00053FEBDF83A3003F0EF0343F4F04343F059
:1005B00010030246ADF83A300027CEE70C9B07291E
:1005C0003FF6F5ADDFE801F00C04060C08080C0C52
:1005D0001E70ECE51E80EAE5F217C3E90062E6E56D
:1005E0001E60E4E52D274DE62B274BE640F2FF7019
:1005F000854231D10132B948D2B20B43125C02F0CC
:1006000003021BD1012A11D149238DF84C304E230E
:100610008DF84D3046238DF84E309DF838306FF30D
:1006200086138DF838300DF14F0507E769238DF8F3
:100630004C306E238DF84D306623ECE7012A07BF5E
:100640004E2341226E2361220CBF8DF84C308DF871
:100650004C308DF84D20DEE7002021E6013D4918A1
:100660005B41002BFADACDE908132DE6400840EA99
:10067000C1704908B1F1333FAC4605F10105F5D22F
:100680000EFB01F5A0FB0E012944013B0CF1020514
:100690004FF0010C24E6023041F10001CDE90801E0
:1006A00008A8CDE903231FF03EFF049B039ADDE970
:1006B0000810013D013349184041002805F1FF357C
:1006C000F9DACDE9081014E600231D4616E6A8EB7A
:1006D0000308662237E600213FE608F101011029F0
:1006E000A8BF10218DED0A8B102007900D46DDE983
:1006F0000A01A5B9089D4019099D41EB0501B1F119
:10070000805F1BD2CDE90801662A40F09980002B5A
:1007100023DC30218DF84C100DF14D052FE0400801
:1007200040EAC1704908CDE90A010AA8CDE90423CD
:10073000013D1FF0F8FEDDE90423D8E7400840EA58
:10074000C1704908CDE9080108A8CDE904231FF0CC
:10075000EAFE059B049A0133D6E713AD07990029F9
:100760000BDD07A908A8CDE904231FF0F4FE059BC3
:1007700005F8010B013B049AF0D10F9300239DF87B
:100780003810890602D4B8F1000F1DDD2E2105F8BE
:10079000011B9BB1B8F1000F16DD59424145A8BFBE
:1007A00041469DF83A000F910029A8EB0108D4BFFB
:1007B0000021012161F345108DF83A00B8F1000FD6
:1007C00002DD0799002956DC0399002963D1CDF891
:1007D000408002F0DF01452921D1002B2946B8BF16
:1007E0005B4201F8022BB4BF2D222B22632B6A70CF
:1007F00009DD6420B3FBF0F202F1300CE91C85F84E
:1008000002C000FB12330A200D46B3FBF0F200FBDE
:10081000123302F1300C303305F802CB4B700F9BD2
:10082000002B43DC109B002BD4BF002301239DF839
:100830003A2063F3861200238DF83A202B70FDE5F1
:1008400007A908A8CDE904231FF085FEDDE90423EC
:100850009DF838108DF84C00302818BF03F1FF3395
:10086000880602D4B8F1000F12DD2E218DF84D104C
:100870000DF14E05A2E707A908A8CDE904231FF052
:100880006AFE08F1FF38DDE9042305F8010B95E75E
:100890000DF14D0598E700211091284615F8011D2E
:1008A0003029FAD02E2918BF054692E70123BEE76A
:1008B0000B4D07466A1FC2E5010748BF0133C7E574
:1008C000514640460392C8470028039ABFF6E4AD5C
:1008D0001BB0BDEC028BBDE8F08F00BF2EC304003F
:1008E000229A04004FF02008D5E54FF03008D2E5F9
:1008F0005146C8470028BFF6EFADE9E751460392DD
:10090000C8470028039AE3DB1078374BC35C5B07CA
:10091000174606EB020802F10102EFD49DF83A30C7
:100920000F9E990607D4B044002EA8EB060206F1EC
:10093000FF360FDC904638782E2808D15146C8473C
:100940000028C5DB002E08F1010809DC0137A8EBFF
:1009500007060EE051463020C8470028E4DAB7E722
:1009600051463020C847013EEAE75146C8470028B3
:10097000AEDB1D4AB846F31917F8010B125C52079B
:10098000F3D4B0E551463020C8470028A0DB01363B
:10099000ACE5D80601D4190707D55146302003929B
:1009A000C847002894DB039A01369DF83A30DB06ED
:1009B00008D59DF83B0003925146C847002887DBC5
:1009C000039A01360F9F3744BB1B002B01DC2B46DB
:1009D00092E5514630200392C8470028FFF678AFD1
:1009E000039A0136F0E700BF2FC3040000000000A7
:1009F000F7B5404DD5F82031996811F0010123D1A8
:100A000001AA40F6034009F0D9FB044600286ED144
:100A1000019B9B681B78A3B90AF0F8FDBFF35B8FBD
:100A20002B4653F8882FBFF35B8F02F00902BFF308
:100A30005B8F53E8001F43E800200028F9D1BFF383
:100A40005B8F019810F090FD01AA002141F2030094
:100A500009F0B4FB0446002849D1019B264E9A6850
:100A6000D2F80100D2F8051003C6184610F07CFD3C
:100A7000214601AA41F2010009F0A0FB044600282A
:100A800035D1019883685A7885F82420D9789A78E6
:100A900042EA0122EA841A7985F82520197ADA795E
:100AA00042EA01222A855A799B7942EA03236B851F
:100AB00010F05AFD214601AA41F2020009F07EFB26
:100AC0000446A0B9019FBA68531C4132186859689E
:100AD000344603C4083393422646F7D1384610F013
:100AE00043FD95F83030580608D46FF012042046C4
:100AF00003B0F0BD500400207C04002001AA0021B6
:100B000042F2030009F05AFB04460028EFD1019B92
:100B1000B54E9A68D2F80100D2F8051003C61846FF
:100B200010F022FD214601AA42F2020009F046FB24
:100B300004460028DBD1019B9B68B3F80120A5F88F
:100B4000BC2091B229B1DA78114606F1280025F0CF
:100B50004EFD019810F008FD95F8306016F0200663
:100B600000F01A8195F85030190712D501AA00211A
:100B700042F21C0009F022FB04460028B7D101987C
:100B80008368D3F80120D3F80530C5E9262310F097
:100B9000EBFC95F890309A0623D50DF102016846DA
:100BA00020F06DFF04460028A1D1042142F2240068
:100BB00009F0B8FA0646002800F0F5800421083054
:100BC00010F002FEBDF800300380BDF80230438013
:100BD0002246314642F2240009F0F0FA0446002889
:100BE00085D195F890305B0610D501AA002142F21C
:100BF0002A0009F0E3FA044600287FF478AF019850
:100C000083685B7885F8D83010F0AEFC082142F29A
:100C1000010009F087FA0446002800F0C48008218A
:100C2000084410F0D1FD95F89010704B02467048C2
:100C300011F0020F18BF034695F891008F0648BFC8
:100C400043F0400310F0090F18BF43F40063CE07D0
:100C500095F8561001F0060148BF43F0100306292D
:100C600008BF43F4C0731846002120F072FE2146ED
:100C7000002242F2010009F0A1FA044600287FF4A4
:100C800036AF95F83030B5F8BC10980600F1A0806A
:100C9000D9B901AA41F2050009F090FA04460028EA
:100CA0007FF425AFB5F8BC3063B9019B9B685A78D7
:100CB000997842EA0122A5F8BC209A884D4811464D
:100CC00025F095FC019810F04FFC082140F60140FA
:100CD00009F028FA0446002865D00821084410F0DD
:100CE00073FD95F89030D907024653BF4FF000517D
:100CF0003BA1D1E90001404820F02BFE2146002213
:100D000040F6014009F05AFA044600287FF4EFAE9D
:100D1000014601AA4FF6014009F050FA044620BBF3
:100D2000019810F021FC214601AA4FF6024009F07B
:100D300045FA0446C8B901988368B3F80130A5F8AC
:100D4000753010F011FC95F875305B070DD501AAD0
:100D500021464FF6034009F031FA30B90198836813
:100D60005B7885F8743010F0FFFB21F07BF90446C6
:100D700000287FF4BCAE0BF0D3FF044600287FF4BC
:100D8000B6AEEB79002B3FF4B2AE08211B4820F041
:100D90003FFD09F019FEAAE6022140F66D4009F078
:100DA000C1F9044610B96FF06804A0E602210830CA
:100DB00010F00AFD0123037046702146324640F6CA
:100DC0006D4009F0FBF9044600283FF4CBAE8EE6F7
:100DD00000297FF47AAF6FF0040488E6AFF3008057
:100DE0009088000200800020E00400200E1207001E
:100DF0002E1207001005002010880002D8040020E1
:100E00002DE9F84F55EC104BC34B25F000469E42A0
:100E1000AB4618DDC14B9E4201DC09D144B12246EC
:100E20002B4620462946DFF7C1F904460D4606E069
:100E3000BBF1000F00F331819BA5D5E9004545ECDE
:100E4000104BBDE8F88FB64B9E4214DCA3F1DE7365
:100E50009E420DDC96A3D3E9002310EE100A29462A
:100E6000DFF7A4F9AF4B0022DFF7E6FD0028E6D15B
:100E70004FF0FF3A2BE025F067FDAB4B9E4255EC5F
:100E8000104B00F3BF80A3F550239E4200F3A080D7
:100E900010EE102A10EE100A2B462946DFF786F9CD
:100EA000A04B0022DFF780F9002206460F464FF0E4
:100EB000804320462946DFF779F902460B46304643
:100EC0003946DFF753FC4FF0000A04460D46224630
:100ED0002B4620462946DFF71FFB02460B4680467D
:100EE0008946DFF719FB74A3D3E9002306460F46B2
:100EF000DFF712FB72A3D3E90023DFF757F932467D
:100F00003B46DFF709FB70A3D3E90023DFF74EF977
:100F100032463B46DFF700FB6DA3D3E90023DFF742
:100F200045F932463B46DFF7F7FA6BA3D3E90023D6
:100F3000DFF73CF932463B46DFF7EEFA68A3D3E928
:100F40000023DFF733F942464B46DFF7E5FA66A3A5
:100F5000D3E900238046894630463946DFF7DCFA7C
:100F600063A3D3E90023DFF71FF932463B46DFF7DF
:100F7000D3FA61A3D3E90023DFF716F932463B46E3
:100F8000DFF7CAFA5EA3D3E90023DFF70DF9324693
:100F90003B46DFF7C1FA5CA3D3E90023DFF704F98E
:100FA00032463B46DFF7B8FA02460B464046494612
:100FB000DFF7FCF822462B46DFF7AEFABAF1FF3F27
:100FC00002460B464BD120462946DFF7EDF82CE7C9
:100FD00010EE100A534B00222946DFF7E5F8514B7B
:100FE00006460F46002220462946DFF7DFF8024674
:100FF0000B4630463946DFF7B9FB4FF0010A04468D
:101000000D4664E7494B9E421DDA10EE100A484B2C
:1010100000222946DFF7C8F8454B06460F46002256
:1010200020462946DFF778FA3E4B0022DFF7BEF86C
:1010300002460B4630463946DFF798FB4FF0020A6E
:1010400004460D4643E72B4610EE102A394900208E
:10105000DFF78CFB4FF0030A04460D4637E7364BAB
:10106000364E06EBCA0603EBCA0ADAE90023DFF7BD
:101070009BF822462B46DFF797F802460B46D6E947
:101080000001DFF791F8BBF1000F04460D46BFF6F3
:10109000D6AE01F100431D46D1E61DA5D5E90045B8
:1010A000CDE600BFAFF30080182D4454FB21F9BFFB
:1010B0009C7500883CE4377E11DA22E33AAD903F1C
:1010C000EB0D76244B7BA93F513DD0A0660DB13F7F
:1010D0006E204CC5CD45B73FFF8300922449C23FE7
:1010E0000D5555555555D53F2F6C6A2C44B4A2BFAC
:1010F0009AFDDE522DDEAD3F6D9A74AFF2B0B33F74
:10110000711623FEC671BC3FC4EB98999999C93FEB
:10111000182D4454FB21F93FFFFF0F440000F07FDE
:10112000FFFFDB3F0000F03FFFFFF23F0080034086
:101130000000F83F0000F0BF08770400E8760400E4
:101140001FB553EC102B164823F00041814207DCF9
:101150009FED111B012005B05DF804EB00F07CBD94
:101160001048814209DD10EE100A1946DFF71CF81D
:1011700041EC100B05B05DF804FB684600F014F874
:10118000400000F002009DED021B9DED000BC0F140
:10119000010000F061FDEDE700000000000000002C
:1011A000FB21E93FFFFFEF7F2DE9F04F2DED028B93
:1011B00055EC104BCA4B8BB025F000489845824641
:1011C000029508DC0022002380ED000BC0E9022319
:1011D0004FF0000B28E0C34B984578DC029BC24ED1
:1011E000002B10EE100AB0A3D3E90023294639DD05
:1011F000DEF7DAFFB04504460D461BD0ACA3D3E9B9
:101200000023DEF7D1FF02460B46CAE90023204641
:101210002946DEF7C9FFA6A3D3E90023DEF7C4FF02
:10122000CAE902014FF0010B58460BB0BDEC028B2E
:10123000BDE8F08FA0A3D3E90023DEF7B5FFA0A39C
:10124000D3E9002304460D46DEF7AEFF02460B4607
:10125000CAE9002320462946DEF7A6FF98A3D3E972
:101260000023DBE7DEF7A2FFB04504460D4616D0AB
:101270008FA3D3E90023DEF799FF02460B46CAE9A4
:10128000002320462946DEF78FFF89A3D3E90023F8
:10129000DEF78CFF4FF0FF3BCAE90201C4E786A3EB
:1012A000D3E90023DEF782FF85A3D3E900230446B8
:1012B0000D46DEF77BFF02460B46CAE900232046B7
:1012C0002946DEF771FF7EA3D3E90023E0E7874BD1
:1012D000984500F3D98025F037FB55EC104B10EE04
:1012E000100A79A3D3E900232946DFF715F9804BCB
:1012F0000022DEF75BFFDFF7A9FB8346DFF7A2F8EA
:1013000002460B4643EC182B67A3D3E90023DFF713
:1013100003F902460B4620462946DEF745FF64A343
:10132000D3E9002306460F4651EC180BDFF7F4F81B
:10133000BBF11F0F04460D460DDC6E4B0BF1FF3267
:1013400053F82230434506D022462B4630463946D4
:10135000DEF72AFF0FE02B46224630463946DEF7FD
:1013600023FF4FEA28530393C1F30A53C3EB1858E2
:10137000B8F1100F02DCCAE9000139E04EA3D3E94D
:10138000002351EC180BDFF7C7F804460D46024660
:101390000B4630463946DEF707FF02460B468046CD
:1013A000894630463946DEF7FFFE22462B46DEF7F9
:1013B000FBFE43A3D3E9002304460D4651EC180B72
:1013C000DFF7AAF822462B46DEF7EEFE02460B4672
:1013D00004460D4640464946DEF7E6FE039AC1F351
:1013E0000A53D31A312B24DCCAE9000146464F4682
:1013F000DAE90089304642464B463946DEF7D4FEEC
:101400002B462246DEF7D0FE029B002BCAE90201E2
:10141000BFF60AAF09F10043CAF8043001F10043F6
:10142000CAF80080CAF80800CAF80C30CBF1000BEB
:10143000FAE627A3D3E9002351EC180BDFF76CF889
:1014400004460D4602460B4640464946DEF7ACFED2
:1014500002460B4606460F4640464946DEF7A4FEC6
:1014600022462B46DEF7A0FE1BA3D3E90023044649
:101470000D4651EC180BDFF74FF822462B46DEF7EE
:1014800093FE04460D465FE71B4B984536DD10EE94
:10149000102A2B4620462946DEF786FECAE90201BD
:1014A000CAE9000194E600BF00004054FB21F93F67
:1014B0003163621A61B4D03D0000601A61B4D03D5E
:1014C0007370032E8A19A33B83C8C96D305FE43F54
:1014D0000000002E8A19A33BC14920259A837B393D
:1014E000FB21E93F7BD90240FB21F93FFB21394138
:1014F0000000E03FA8830400FFFFEF7F4FEA28547D
:10150000A4F2164410EE100AA8EB045110EE106A73
:101510000F46DFF79BFADEF795FF02460B46304693
:101520003946CDE90423DEF73FFE234B0022DEF7E8
:10153000F3FF0F460646DFF789FADEF783FF024620
:101540000B4630463946CDE90623DEF72DFE1A4B11
:101550000022DEF7E1FFCDE9080104AD4FF00308FA
:10156000A9460026002732463B46D5E90401C3467A
:10157000083D08F1FF38DFF737FA0028F3D10F4BA9
:1015800001930223009322465B465146484600F0F1
:1015900017F8029B002B8346BFF646AEDAE900211E
:1015A00001F10043CAE90023DAE9022101F1004315
:1015B000CAE902233AE700BF000070412884040012
:1015C0002DE9F04F2DED028BADF51B7D12F1140FBF
:1015D00008930191C44BA6990B9053F821300293C4
:1015E000089B03F1FF33A8BFD41E0693B2BF0024AB
:1015F000182394FBF3F46FF0170304FB033303EB9E
:10160000020A029B069A9FEDB48B03EB0208A79B8C
:10161000A71A22AE03EB87090025454513DD089B79
:101620009FEDAD8B22AA02EBC3050DF5E47B4FF0D5
:101630000008029B98452FDC8DED048BDDF82C9083
:101640002F4600261BE0EF4207D459F82500DEF7AD
:10165000F9FEE6E802010135DFE751EC180BF8E787
:10166000D7E90023F9E80201DEF756FF02460B46F0
:10167000DDE90401DEF79AFDCDE904010136069BA0
:101680009E42A7F10807EBDD9DED047B08F1010800
:10169000ABEC027B0835CCE7029B0EAA02EB83037E
:1016A0000D93A79B03EB8403029C0C93E3000A9326
:1016B0009AAB03EBC40353E928670DF1380872AB0A
:1016C00003EBC405C346A146B9F1000FA5F1080517
:1016D00077DC47EC106B504600F012FD57EC106BB6
:1016E00000224FF07F5310EE100A3946DEF714FF48
:1016F00041EC100B00F084FC7C4B51EC100B0022F1
:10170000DEF70AFF02460B4630463946DEF74CFD4F
:101710000F460646DFF79AF90490DEF793FE02467D
:101720000B4630463946DEF73FFDBAF1000F06465C
:101730000F466DDD621E0EAB049D53F82200CAF108
:10174000180140FA01F31D448B40C01A0EAB0495FA
:1017500043F82200CAF1170340FA03FBBBF1000F64
:1017600065DD049B00220133049315466FF07F4131
:10177000944200F39C80BAF1000F07DDBAF1010F2B
:1017800000F0C080BAF1020F00F0C680BBF1020F7A
:101790004DD132463B4656490020DEF705FD064650
:1017A0000F46002D43D050469FED4D0B00F0A8FC96
:1017B0003046394653EC102BDEF7F6FC06460F4652
:1017C00035E04C4B002230463946DEF7A5FEDFF708
:1017D0003DF9DEF737FE02460B4643EC182B464B2D
:1017E0000022DEF799FE02460B4630463946DEF708
:1017F000DBFCDFF72BF9D5E900234BF8040B51ECA8
:10180000180BDEF7D3FC09F1FF3906460F465BE7FC
:1018100006D1631E0EAA52F823004FEAE05B9DE753
:10182000364B0022DFF7FEF800283DD18346002228
:10183000002330463946DFF7D7F8002800F0BF8094
:10184000651E2B46002202998B426CDA002A00F0BA
:1018500088800EABAAF1180A53F82530002B00F04F
:10186000AC8050469FED1E0B00F04AFC9AAB03EB98
:10187000C50357EC106BEC00A3F19808AA46BAF127
:10188000000F80F2D5809FED148B2E46002EC0F203
:10189000038172AB8DED068BDFF864A003EBC60904
:1018A0004FF00008AF1BE9E04FF0020B59E7D8F802
:1018B000003055B923B1C3F18073C8F8003001235B
:1018C000013208F104081D4652E7CB1AC8F800306F
:1018D0002B46F5E7AFF30080000000000000000099
:1018E000000000000000F03F3085040000002040B0
:1018F0000000F03F0000703E000070410000E03F3B
:1019000028770400621E0EAB53F82230C3F316038F
:101910000EA941F8223039E7621E0EAB53F822308F
:10192000C3F31503F4E70EA951F82310013B0A4352
:1019300089E7013352F8041D0029FAD00A9A9AA9BE
:101940000A44983A0A92089AE318A51822AA04F1C0
:10195000010802EBC5050493049B434504DA1C46C9
:10196000A4E60D9A0123E5E70C9B53F82800DEF767
:1019700069FDE5E802010B9BAB461C464FF00009F0
:1019800000260027069B994506DD0A9BE3E80267CF
:1019900008F101080A93DFE77BE90223F4E802017A
:1019A000DEF7BAFD02460B4630463946DEF7FEFB4F
:1019B00009F1010906460F46E4E7013D49E747EC16
:1019C000106BCAF1000000F09BFB57EC106BA04BB2
:1019D00010EE100A00223946DFF724F8F8B19D4BCB
:1019E000002230463946DEF797FDDFF72FF88046B4
:1019F000DEF728FD964B0022DEF78EFD0B460246F1
:101A000039463046DEF7D0FBDFF720F8651C0EAB19
:101A10000AF1180A43F8240043F8258021E73046EC
:101A20003946DFF713F80EAB254643F8240018E7D4
:101A30000EAB53F82A00DEF705FD32463B46DEF7D3
:101A40006BFD844B68E90201002230463946DEF71F
:101A500063FD0AF1FF3A06460F4610E7F9E8022354
:101A6000FAE80201DEF758FD02460B46DDE9060101
:101A7000DEF79CFBCDE9060108F10108029B9845C1
:101A800001DCB845EADD9DED067B4AAB03EBC707F9
:101A900087ED007B013EF9E6A69B022B0BDC002BB9
:101AA00035DC59D0049B03F007000DF51B7DBDEC20
:101AB000028BBDE8F08FA69B032BF3D14AAB2344E6
:101AC00006931C469A460295029B002BAAF1080A2F
:101AD00069DCAA46BAF1010FA4F1080400F383807F
:101AE000069C002008340021012D00F39B80DDE9D5
:101AF0004A56DDE94C78BBF1000F40F09980019B1C
:101B0000C3E90056C3E90278C3E90401CAE708340F
:101B10004AAB1C442E4600200021002E34DABBF1D3
:101B2000000F37D0024601F10043019CC4E90023B5
:101B300002460B46DDE94A01DEF736FB4CAE0124D6
:101B4000A5422ADABBF1000F02D001F10043194689
:101B5000019BC3E90201A5E79AAB1C44A4F59C7460
:101B600000200021002D09DABBF1000F02D001F1A5
:101B700000431946019BC3E9000193E774E902237E
:101B8000DEF714FB013DEDE774E90223DEF70EFBFF
:101B9000013EC2E702460B46C7E7F6E80223DEF73E
:101BA00005FB0134CCE7DAE90089DAE90267029B38
:101BB000013B029332463B4640464946DEF7F6FA81
:101BC000CDE9080102460B4640464946DEF7ECFAED
:101BD00032463B46DEF7EAFA9DED087BCAE9020190
:101BE0008AED007B70E7D4E90089D4E902674046BA
:101BF00032463B464946DEF7D9FACDE902010246B4
:101C00000B4640464946DEF7CFFA32463B46DEF702
:101C1000CDFA9DED027BC4E9020184ED007B0AF15F
:101C2000FF3A57E774E90223DEF7C0FA013D5BE7AC
:101C3000019B019A1D6006F100445C609F6008F101
:101C40000043D36001F10043106153612AE700BFF4
:101C5000000070410000703E2DE9F04F2DED048B27
:101C60005BEC10ABE04B85B02BF000479F428DED55
:101C7000001B0646CDF80CB024DC10EE100A5946C5
:101C8000DEF7E4FE002848D1731C524613433B4361
:101C900012D14BEC10AB24F057FED44953EC102B6F
:101CA0000020DEF763FD82468B464BEC10AB05B09F
:101CB000BDEC048BBDE8F08F012EF6D0CC495B461D
:101CC0000020EEE7CB4B9F4227DD039B002B0ADA77
:101CD000DDE900210BF100439B4601F10043CDE912
:101CE000002310EE10AA52465B469FA1D1E90001E5
:101CF000DEF75AFADDE9002304460D469CA1D1E93E
:101D00000001DEF751FA22462B46DEF74FFA9FED2F
:101D10009A7B8DED007B82468B4652465B46504651
:101D20005946DEF7F9FB02460B4680468946DEF748
:101D3000F3FB424604460D464B4650465946DEF7F5
:101D4000EBFB8FA3D3E9002341EC180B2046294677
:101D5000DEF7E2FB8CA3D3E90023DEF727FA224665
:101D60002B46DEF7D9FB8AA3D3E90023DEF71EFA60
:101D700022462B46DEF7D0FB87A3D3E90023DEF70C
:101D800015FA22462B46DEF7C7FB85A3D3E90023CD
:101D9000DEF70CFA22462B46DEF7BEFB82A3D3E920
:101DA0000023DEF703FA42464B46DEF7B5FB80A37D
:101DB000D3E9002341EC190B20462946DEF7ACFBA2
:101DC0007DA3D3E90023DEF7F1F922462B46DEF7A7
:101DD000A3FB7BA3D3E90023DEF7E8F922462B46D9
:101DE000DEF79AFB78A3D3E90023DEF7DFF922467A
:101DF0002B46DEF791FB76A3D3E90023DEF7D6F975
:101E000022462B46DEF788FB73A3D3E90023DEF7D7
:101E1000CDF902460B4651EC190BDEF7C7F953EC2E
:101E2000182BDEF779FBDDE90023DEF7BFF9424628
:101E30004B46DEF771FBDDE90023DEF7B7F968A357
:101E4000D3E9002304460D4651EC180BDEF764FB82
:101E500022462B46DEF7AAF90B4641EC180B024648
:101E600059465046DEF7A2F9624B9F4204460D46A2
:101E70003EDD3046DEF7E6FA2246804689462B46AE
:101E800020462946DEF748FB424606460F464B46AB
:101E900020462946DEF78AF902460B463046394687
:101EA000DEF764FC53EC182BDEF77EF902460B4696
:101EB00050465946DEF778F902460B46DEF776F9CA
:101EC00002460B4640464946DEF76EF9039B4FEA51
:101ED000A37A0AF0020A0446CAF101000D46DEF7B1
:101EE000B1FA02460B4620462946DEF715FBDAE634
:101EF000012E00F081800F46894602460B460020E5
:101F00003B49DEF733FC0026CDE9000152465B4633
:101F100030463946DEF748F9DDE9004502460B4612
:101F200051EC180BDEF740F932462B46DEF7F4FA97
:101F3000B0460F46064642462B4640464946DEF727
:101F4000EBFA2A4B0022DEF731F902460B46304607
:101F50003946DEF72BF9DDE90023DEF7DDFA4246EC
:101F60002B46DEF723F99EE6182D4454FB21E93F6A
:101F7000075C143326A6813C00000000000000002E
:101F8000D47ABF74702AFB3EE9A7F0320FB8123F33
:101F900068108D1AF726303F1583E0FEC8DB573FE7
:101FA00093846EE9E326823FFE41B31BBAA1AB3FA7
:101FB000735360DBCB75F3BEA69237A0887E143FC7
:101FC0000165F2F2D844433F280356C9226D6D3FA4
:101FD00037D60684F464963F7AFE10111111C13F82
:101FE000635555555555D53FFFFF2F3E0000F03F37
:101FF0000000F0BF2794E53F82468B4655E600BFC0
:1020000051EC100B2DE9F041C1F30A57A7F2FF364E
:10201000132E10EE105A10EE108A0C4632DC002EF1
:1020200014DA33A3D3E90023DEF7C0F8002200233B
:10203000DEF702FD38B1002C57DA24F000431D43CF
:1020400001D02D4C00252146284625E02B4F374155
:1020500001EA070303431FD025A3D3E90023DEF7DA
:10206000A5F800220023DEF7E7FC0028EBD0002CC7
:10207000BEBF4FF4801343FA06F6A41924EA0704FE
:102080000025E0E7332E0BDDB6F5806F04D110EEAE
:10209000102A0B46DEF78AF841EC100BBDE8F08100
:1020A000A7F213474FF0FF3323FA07F70742F3D0A5
:1020B0000FA3D3E90023DEF779F800220023DEF72F
:1020C000BBFC0028BFD0002C02DA142E03D101344F
:1020D00025EA0705B7E70123C6F1340603FA06F639
:1020E0003544454538BFE418F2E700252C46AAE7F9
:1020F0009C7500883CE4377E0000F0BFFFFF0F00B6
:1021000070B555EC104BC5F30A5206462B469AB9EA
:1021100025F00043234336D0394B294610EE100AF0
:102120000022DEF7F9F9374B9E4204460D4610DADD
:102130002BA3D3E900233AE040F2FF718A420CD18D
:1021400010EE102A20462946DEF730F804460D46E8
:1021500019E0C1F30A520B46363A324440F2FE719E
:102160008A4208DD002D20A1D1E900011CDA20A15E
:10217000D1E9000118E0002A08DD23F0FF4323F431
:10218000E00343EA025545EC104B70BD12F1350FE8
:1021900019DA4CF250339E4205F000430ADD12A1D9
:1021A000D1E90001002BE2D10FA3D3E90023DEF730
:1021B000B3F9CBE70AA1D1E90001002BB8D00EA1F9
:1021C000D1E90001B4E723F0FF43363223F4E00302
:1021D00043EA025120460C4B0022E8E7AFF30080AF
:1021E00059F3F8C21F6EA5019C7500883CE4377E48
:1021F0009C7500883CE437FE59F3F8C21F6EA58138
:1022000000005043B03CFFFF0000903C0000000085
:102210002DE9F04F2DED048B57EC106B93B0456A10
:10222000DDF88080069110EE10AA044609920C9306
:10223000BB4675B9102019F0CBFD0246606220B98B
:10224000A74BEA21A7481AF081FDC0E901550560B6
:10225000C560636A196851B15A684A6001239340A6
:102260008B6020461AF09AFA636A00221A603B1EBD
:10227000AABF002323F0004BC8F800309A4BBCBF24
:102280000122C8F8002033EA0B031BD10C9A42F25A
:102290000F731360CBF31303334300F09285219B3C
:1022A00063B9924B22E0924B01930833219A136059
:1022B000019813B0BDEC048BBDE8F08F8B4B0193FC
:1022C0000333F3E70022002350465946DEF78CFB28
:1022D0004BEC19AB804658B10C9A01231360219B3B
:1022E000002B00F06B8583481860431E0193DFE7E5
:1022F0004BEC10AB10AA11A920461AF0CBFCCBF383
:102300000A5508EE100A002D00F0848019EE903A6C
:10231000C3F3130343F07F57564647F44017A5F223
:10232000FF35CDF83880744B002230463946DDF752
:102330003BFF65A3D3E90023DEF7EEF864A3D3E9FE
:102340000023DDF733FF064628460F46DEF77AF80E
:1023500061A3D3E90023DEF7DFF802460B463046DF
:102360003946DDF723FF06460F46DEF76FFB0022F6
:102370000090002330463946DEF740FB50B100980C
:10238000DEF760F832463B46DEF72EFB10B9009BC5
:10239000013B0093009B162B5AD8009A574B03EB36
:1023A000C203D3E9002351EC190BDEF727FB002809
:1023B00050D0009B013B009300230B93109B5D1BAF
:1023C0006B1E059345BFC5F1010304930023002351
:1023D0004CBF05930493009B002B3DDB059B009AAB
:1023E0000A921344059300230793069B092B00F2DE
:1023F0008980052BC4BF043B0693069BA3F102030F
:10240000CCBF00250125032B00F28780DFE803F015
:102410002D3A3859DDE910531D4405F23243202B83
:10242000C1BFC3F1400305F212400BFA03F326FAD1
:1024300000F0DABFC3F1200306FA03F01843DDF71A
:10244000F1FF01230646A1F1F877013D0E936AE7FB
:102450000123B2E70B90B1E7049B009A9B1A049307
:102460005342079300230A93BFE700230893099B75
:10247000002B55DC0123CDE902331A4609920CE00A
:102480000123F3E70023099A0893009B1344029366
:102490000133012B0393B8BF0123606A002242601D
:1024A000042202F114069E4241683DD920461AF0EA
:1024B00035F9019000283BD1114B02464FF4D571FC
:1024C000C0E60123DFE700BF61436F63A787D23F08
:1024D000B3C8608B288AC63FFB799F501344D33F13
:1024E0006EC4040085C404000000F07F6AC40400C8
:1024F00061C40400D58B04000000F83F907704000D
:10250000F9C4040001250023069308954FF0FF331A
:10251000CDE9023300221223B0E701230893F5E747
:10252000099BCDE90233B8E7013141605200B8E7B9
:10253000636A019A1A60039B0E2B00F29D80002DA6
:1025400000F09A80009B002B32DDB74A03F00F03A6
:1025500002EBC303D3E90089009BD8054FEA231798
:1025600016D5B24B51EC190BD3E90823DEF7FEF870
:1025700007F00F0782468B460325AC4E57B94246FB
:102580004B4650465946DEF7F1F882468B4628E026
:102590000225F2E7F90708D540464946D6E9002367
:1025A000DDF7BAFF0135804689467F100836E5E73A
:1025B00000F09B80009B9D4F5E429B4B06F00F02FC
:1025C00003EBC203D3E9002351EC190BDDF7A4FFA1
:1025D000361182468B4600230225002E7AD1002B2D
:1025E000D3D10B9B002B00F08280914B00225046F0
:1025F0005946DEF703FA002879D0039B002B76D0EA
:10260000029B002B36DD009B504659465F1E002280
:10261000884BDDF781FF029E82468B4601352846B6
:10262000DDF710FF52465B46DDF776FF824B002256
:10263000DDF7BCFDD046D9468246A1F1507B002E85
:1026400058D17E4B002240464946DDF7ADFD52464B
:102650005B4680468946DEF7EFF9002840F0958218
:1026600052460BF1004340464946DEF7C7F90028C1
:1026700040F089825BEC19AB119B002BC0F24881C2
:10268000009A0E2A00F34481674B03EBC203D3E99F
:102690000089099B002B80F2D580039B002B00F35F
:1026A000D18040F06F82654B002240464946DDF7FD
:1026B00033FF52465B46DEF7B5F9039E37460028E6
:1026C00040F04582019D312305F8013B009B013319
:1026D000009340E2F20705D5D7E90023DDF71CFFA0
:1026E000013501237610083777E7022579E7009F47
:1026F000039E94E701994C4B31440D91089903EBEB
:10270000C60353E90223002943D04D490020DEF7D8
:102710002DF852465B46DDF747FD019D82468B460C
:1027200049464046DEF792F90646DDF78BFE024643
:102730000B4640464946DDF737FD303605F8016B5C
:1027400052465B4680468946DEF758F9002863D139
:1027500042464B4636490020DDF726FD52465B4691
:10276000DEF74CF9002840F0B5800D9B9D4281D0EA
:10277000304B002250465946DDF7CEFE2D4B8246A7
:102780008B46404649460022DDF7C6FE8046894614
:10279000C6E750465946DDF7BFFE0D9B019D0F93DE
:1027A00082468B4649464046DEF750F90646DDF73D
:1027B00049FE303602460B4640464946DDF7F4FCFA
:1027C00005F8016B0D9B9D42804689464FF0000243
:1027D00024D11B4B50465946DDF7E8FC02460B4618
:1027E00040464946DEF728F9002873D152465B4639
:1027F00013490020DDF7D8FC02460B464046494607
:10280000DEF7FCF800283FF435AF0F9D6B1E0F93E9
:1028100015F8013C302BF8D0009749E0054BDDF767
:102820007BFE80468946BDE7907704006877040008
:102830000000F03F0000244000001C400000144055
:102840000000E03F019D56465F4642464B463046FB
:102850003946DDF78BFFDEF7F9F88246DDF7F2FD4A
:1028600042464B46DDF758FE02460B463046394697
:102870000AF13006DDF798FC05F8016B019E039F15
:10288000AE1BB74202460B4635D1DDF78FFC424600
:102890004B4606460F46DEF7CFF8D0B942464B46C8
:1028A00030463946DEF7A0F810B11AF0010F10D10A
:1028B000204618EE101A19F071FF002300982B70B3
:1028C0000C9B01301860219B002B3FF4F1AC1D6084
:1028D000EEE4009F2B461D4613F8012D392A06D140
:1028E000019A9A42F7D10199302201370A701A7879
:1028F00001321A7090E7A64B0022DDF70DFE002290
:10290000002306460F46DEF76FF800289DD0CFE77C
:10291000089A002A00F0D780069A012A00F3BA80AC
:102920000E9A002A00F0B28003F23343079E049D02
:10293000049A1A440492059A01211A4420460592E9
:1029400019F094FF0746002D0CDD059B002B09DDD7
:10295000AB42049AA8BF2B46D21A0492059AED1AEC
:10296000D31A0593079B1BB3089B002B00F0AF8085
:10297000002E13DD3946324620461AF037F818EE9D
:10298000102A01460746204619F086FF18EE101A55
:102990008046204619F002FF08EE108A079B9A1B1A
:1029A00006D018EE101A20461AF020F808EE100A89
:1029B0000121204619F05AFF0A9B002B064640F3DE
:1029C00088801A46014620461AF010F8069B012B13
:1029D000064640F381804FF00008336906EB83031D
:1029E000186924F0BCF9C0F12000059B184410F0D0
:1029F0001F0000F09280C0F12003042B40F38A8076
:102A0000C0F11C00049B03440493059B034405444C
:102A10000593049B002B07DD18EE101A1A4620467A
:102A20001AF03EF808EE100A059B002B05DD314632
:102A30001A4620461AF034F806460B9B002B6ED03F
:102A400018EE100A314624F0D9F9002867DA009B05
:102A5000013B18EE101A00930A220023204619F0B9
:102A6000BFFE089B08EE100A002B00F0B181002386
:102A700039460A22204619F0B3FE029B002B074676
:102A800000F38E80069B022B51DC89E0109BC3F182
:102A900036034BE7039B5E1E079BB342BFBF079BFA
:102AA0000796F21A0A9BB6BF9B189E1B0A93039BBC
:102AB000B8BF0026002BB7BFDDE90323DDE90335EE
:102AC0009D1A002334E7079E049D089F3BE7079A61
:102AD00067E7069B012B18DCBAF1000F15D1CBF389
:102AE000130393B92BF000431B0D1B0583B1049B0B
:102AF00001330493059B013305934FF001080A9BB2
:102B0000002B7FF46AAF01206FE74FF00008F6E773
:102B10009846F4E73FF47DAF18461C3072E7039BFC
:102B2000002B37DC069B022B34DD039B0293029BB8
:102B30006BB931460522204619F052FE0146064681
:102B400018EE100A24F05AF900283FF7BBAD099B94
:102B5000019DDB4300934FF000083146204619F0F9
:102B60001DFE002F3FF4A4AEB8F1000F05D0B8450C
:102B700003D04146204619F011FE3946204619F08F
:102B80000DFE95E600263746E1E70097374699E5C2
:102B900000002440089B002B00F0CA80039B029396
:102BA000002D05DD39462A46204619F079FF0746F3
:102BB000B8F1000F5BD07968204619F0AFFD0546EB
:102BC00028B9874B024640F2EA21FFF73BBB3A693E
:102BD0000232920007F10C010C3023F0CEFE0122EC
:102BE0002946204619F05CFF019B03F10109DDE94C
:102BF0000123134405930AF00103B84604930746E2
:102C0000314618EE100A24F01FF84146029000F1F8
:102C1000300A18EE100A24F0F1F83A4603903146D3
:102C2000204619F0ADFFC26809F1FF3B054602BB23
:102C3000014618EE100A24F0E1F802462946204623
:102C4000079219F0ABFDDDE9063243EA0201049B6D
:102C50000B434D460FD1BAF1390F2AD0039B002BFD
:102C600002DD029B03F1310A8BF800A075E73846BC
:102C7000BAE70122E2E7039B002B04DB06990B4332
:102C800004990B4322D1002AEEDD18EE101A01221E
:102C9000204619F005FF314608EE100A24F0AEF880
:102CA000002803DCE0D11AF0010FDDD0BAF1390FB2
:102CB000D7D139238BF800302B461D46013B15F840
:102CC000012C392A71D001321A7046E7002A07DD3B
:102CD000BAF1390FEDD00AF101038BF800303CE76F
:102CE000059B09F801AC994547D018EE101A00234E
:102CF0000A22204619F074FDB84508EE100A4FF07C
:102D000000034FF00A024146204606D119F068FD43
:102D10008046074609F1010972E719F061FD39465D
:102D2000804600230A22204619F05AFD0746F1E7A3
:102D3000039B0293019D18EE100A314623F084FF95
:102D400000F1300A019B05F801ABEA1A029B93429D
:102D500009DD18EE101A00230A22204619F040FD62
:102D600008EE100AE7E7029B002BC8BF1D46019B37
:102D7000D8BF01251D444FF0000818EE101A01229B
:102D8000204619F08DFE314608EE100A24F036F880
:102D9000002891DC02D11AF0010F8DD12B461D467F
:102DA00013F8012D302AFAD0D7E6019A9A4284D13D
:102DB000009B0133009331231370CEE6094BFFF7DC
:102DC00095BA219B002B7FF46EAA074BFFF78EBAB2
:102DD000029B002BAEDC069B022B3FF7A8AEA9E7B7
:102DE000F9C40400D48B040061C4040002685309D0
:102DF00010B504462CD0012B4FF6FF7318BF0023EB
:102E000002F01F02D340DB070BD414491448154AC3
:102E100040F229231DF0D6FB124840F229211DF073
:102E2000CAFB236803F01F025B0922600DD0012B4F
:102E300011D00D490A480B4A40F22E231DF0C2FB67
:102E4000084840F22E211DF0B6FB4FF0A04010BD07
:102E50004FF0FF33D4E70548F9E700BF6B87040064
:102E60008E87040038870400D48B040000030050D0
:102E700038B50B490B480C4D0C4C1DF0C0F901F056
:102E800015FE0B481DF019F9286821688368DB6876
:102E9000984700214FF4203017F052F9F4E700BFB3
:102EA000AB870400C38704002436002028360020A6
:102EB000B436002010B5074C0748224675211DF096
:102EC00081F828B92078A0F16C035842584110BD10
:102ED0000020FCE7C55000208872040037B50022AE
:102EE0008F488DF8072076211DF085F8002802DA3A
:102EF0004FF0FF3008E18A48012211211DF07BF8D4
:102F00000028F5DB4FF4FA6023F00DFC844D0A2411
:102F10000DF107022D2128461DF054F89DF80730C9
:102F2000102B03D0013C14F0FF04F1D17D481DF0BB
:102F300066F97C481DF063F9794832224C211DF076
:102F40005AF80028D4DB7648282213211DF053F8C4
:102F50000028CDDB7248002276211DF04CF80028B5
:102F6000C6DB6F48032214211DF045F80028BFDBA3
:102F70006B48012256211DF03EF80028B8DB684856
:102F800098224D211DF037F80028B1DB64486F22EC
:102F900050211DF030F80028AADB4FF47A7023F09E
:102FA000C2FB5F480DF1070250211DF00BF800280D
:102FB0009EDB9DF807306F2B40F0A8805A481DF02B
:102FC0001EF957480D2253211DF015F800288FDBFC
:102FD0005348112252211DF00EF8002888DB50487A
:102FE00002224E211DF007F8002881DB44F6206004
:102FF00023F099FB4A480DF107024E211CF0E2FF35
:103000000028FFF675AF4648042276211CF0F3FF36
:103010000028FFF66DAF4248382244211CF0EBFF38
:103020000028FFF665AF3E488C2245211CF0E3FFE7
:103030000028FFF65DAF3A48A42243211CF0DBFFD5
:103040000028FFF655AF36489E2249211CF0D3FFD9
:103050000028FFF64DAF3248002276211CF0CBFF4E
:103060000028FFF645AF2E4820224B211CF0C3FF5D
:103070000028FFF63DAF2A480DF107024B211CF056
:10308000A1FF0028FFF634AF9DF80730002B41D197
:1030900026481DF0B4F8224840224B211CF0ABFF1B
:1030A0000028FFF625AF1E480DF1070234211CF061
:1030B00089FF0028FFF61CAF9DF80730042B2BD1A9
:1030C0001B481DF09CF81648452256211CF093FF22
:1030D0000028FFF60DAF4EF6602023F024FB1048C9
:1030E0000DF1070256211CF06DFF0028FFF600AF1E
:1030F0009DF80730452B11D10E481DF080F84FF494
:103100007A7023F010FB012003B030BD0A481DF097
:1031100076F8EDE60948FAE70948F8E70948F6E7DE
:103120008872040086880400A8880400D7880400F8
:10313000008904003B890400C2880400EC88040074
:10314000208904005C8904002DE9F0410024002559
:1031500026462F464FF02008FBF7FAFF0028F9DB40
:10316000FCF752FA304653EC102B3946DDF71EF8C7
:1031700006460F46FCF7A0FA204653EC102B2946D2
:10318000DDF714F804460D464FF4FA7023F0CBFA3D
:10319000B8F10108E0D10E4BDFF83880002230464C
:1031A0003946DDF7B9F901F10043C8F80800C8F85D
:1031B0000C300022064B20462946DDF7ADF901F11F
:1031C0000043C8F81000C8F81430BDE8F08100BF13
:1031D0000000A03F382900202DE9F0410468037960
:1031E000276901259D4063681B681D420E460ED16C
:1031F0001849194A194840F292431DF0E3F918485A
:103200001DF0E0F9144840F292411DF0D4F93B68FA
:103210001D4263681B6818BF86F001061D420ED16F
:103220000C490D4A0D484FF48D631DF0CBF90C4845
:103230001DF0C8F908484FF48D611DF0BCF936B196
:10324000A368DB6829462046BDE8F0411847A3681B
:103250001B69F7E736880400058804008E870400A0
:1032600074880400064B07481A7842F002021A706C
:103270001A78012102F0FE021A70FFF7ADBF00BFFD
:10328000DA50002080780400064B07481A7842F094
:1032900001021A701A78002102F0FD021A70FFF77D
:1032A0009BBF00BFDA50002080780400064B07481F
:1032B0001A7842F004021A701A78002102F0F7021C
:1032C0001A70FFF789BF00BFDA5000208078040031
:1032D000064B07481A7842F008021A701A78012142
:1032E00002F0FB021A70FFF777BF00BFDA50002030
:1032F0008078040030B585B0002303939D4B1A7885
:103300001AB9B0F5017F00F0DF811A78012AD1B235
:1033100018D140F61102904200F0628142D8B0F517
:10332000896F00F070812CD8B0F5836F00F08A812E
:103330000AD8B0F5017F00F0C78140F214439842EB
:1033400000F0A78105B030BD40F244439842F9D166
:10335000894C2378002B00F0988188481CF0ADFE42
:103360000023237086480121FFF736FF854B1B7829
:10337000DA0703D5FFF776FF02F0DAFBFFF772FFFB
:1033800057E140F60403984200F0A98040F6080394
:103390009842D7D17C4C2378DB0740F1928001F032
:1033A00077F862E040F64203984200F0AD8019D809
:1033B00040F61203984200F0BE8040F64103984266
:1033C000C0D16D4C2378002B00F0D0806F481CF0EA
:1033D00074FE002323706A480121FFF7FDFEFFF70A
:1033E00065FF9FE041F20103984238D042F20203A8
:1033F0009842A7D1644B1B78002BA3D05E4C237856
:103400004BB363481CF059FE00232370614A1378C4
:103410000133DBB2FF2B08BF0023137013780324A2
:10342000B3FBF4F404EB44041B1BDCB25A4823F056
:10343000ACF95A4B5A4853F824205A4B1A60196871
:103440001CF0DDFE4FF4804200235348CDE90023F9
:1034500017F0A4FB76E754481CF02FFED6E74A4C41
:103460002378580709D501F02FF8237803F0FF01DE
:10347000B3B94E48FFF7B0FE12E0237813B94B48BA
:10348000FFF7AAFE3C4D00F0C3FF2B782BB1484854
:103490001CF013FE00232B7002E046481CF00DFECA
:1034A00023784548DBB2039303991CF00CFE434B91
:1034B0001B789A073FF546AF05B0BDE8304003F0F2
:1034C000BDB9237813B93948FFF786FE2A4D00F0BD
:1034D00081FF2B780BB13A48DAE73A48DEE72A4C0D
:1034E00023789D0702D500F0B1FFBEE7237813B91A
:1034F0002E48FFF771FE204D00F04EFF2B780BB1E8
:103500003148C5E73148C9E71B4C23787BB13048C7
:103510001CF0D3FD0023237019480121FFF75CFE46
:10352000FFF7D6FE05B0BDE8304002F0EDB92948FE
:103530001CF0C3FDF0E7104C23789BB124481CF02D
:10354000BCFD002323700E480121FFF745FEFFF765
:10355000BFFE21480021FFF73FFE05B0BDE8304027
:1035600002F016BA1B481CF0A8FDECE71B481CF043
:10357000A4FD30E7C7500020D8500020F4360020CA
:1035800068780400DA500020CC500020F03600208B
:10359000DC360020C650002068110020707804003E
:1035A000A38904004C060020BC360020607804008B
:1035B000E0360020C03600204C370020D2500020DA
:1035C000E4360020C4360020E8360020C83600204B
:1035D000EC360020CC36002088780400D03600205D
:1035E000444C23785BB144481CF067FD00232370F2
:1035F00042480121FFF7F0FDFFF758FEA9E74048D8
:103600001CF05BFDF4E73B4C2378BBB13D481CF05C
:1036100054FD0023237039480121FFF7DDFD3A4BAB
:103620001B78980703D5FFF72FFE02F081FAFFF70A
:103630002BFE05B0BDE8304002F088B933481CF0DD
:103640003CFDE8E72B4C2378DBB12E481CF035FD20
:103650000023237001212948FFF7BEFD2A4B1B7868
:10366000990703D5FFF710FE02F062FAFFF70CFE90
:1036700027480021FFF7B0FD05B0BDE8304002F05B
:10368000AFB922481CF019FDE4E722481CF015FDF3
:1036900068E6184C23789BB11F481CF00EFD0023F0
:1036A000237016480121FFF797FD174B1B78DB07A6
:1036B00003D5FFF7D7FD02F03BFAFFF7D3FDD7E7BD
:1036C00014481CF0FAFCECE71A78012A06D1002411
:1036D0001C7001F007FB114B1C7033E61A78002AAE
:1036E0007FF430AE01221A7005B0BDE8304001F021
:1036F000A5BA00BFD8500020F0360020687804003A
:10370000D0360020F8360020DA500020D8360020CD
:1037100090780400D4360020F4360020C6500020F3
:10372000F8B5124F124D4FF0FF334FF0FF323846CD
:1037300014F072FD04880F49286043F60F76264086
:10374000052230461CF06AFC002818BF344621468A
:1037500009481CF054FD094B1B7813B92046FFF7AC
:10376000C9FD286823F0CFF8DDE700BF4014002032
:10377000EC350020C80C0020B4890400CF50002094
:1037800012F0FC6F2DE9F14FD0E901B90769054648
:103790000E4614460ED04F494F4A504840F2B523CA
:1037A0001CF010FF4E481CF00DFF4B4840F2B521B5
:1037B0001CF001FF04F03003302B0ED14949464A7A
:1037C00046484FF42E731CF0FDFE47481CF0FAFEED
:1037D00041484FF42E711CF0EEFE04F00213022B50
:1037E0000ED142493C4A3D484FF42F731CF0EAFE8B
:1037F0003F481CF0E7FE38484FF42F711CF0DBFE09
:1038000004F00603042B0BD13A493448324A4FF4F2
:1038100030731CF0D7FE30484FF430711CF0CBFEF3
:1038200014F4402822D0A3030ED433492A4A2B484B
:1038300040F2C3231CF0C6FE30481CF0C3FE2648ED
:1038400040F2C3211CF0B7FEB8F5402F0ED12C4931
:10385000214A224840F2C7231CF0B4FE29481CF03C
:10386000B1FE1D4840F2C7211CF0A5FEE00206D5BE
:10387000B8F1000F03D0E10748BF84F440240123CE
:1038800003FA06FADBF800301AEA030F24F4801872
:103890000ED11D49104A11484FF435731CF092FEA9
:1038A0001A481CF08FFE0C484FF435711CF083FE53
:1038B0003B68E2074CBF4AEA030323EA0A033B6082
:1038C000D9F8003042463146284601B0BDE8F04FF5
:1038D000184700BFDF890400058804008E870400B4
:1038E0003C8A0400608A0400998A0400D68A040095
:1038F0000B8B04005D8B0400908B0400D68B0400BE
:10390000118C0400528C0400368804007488040072
:103910002DE9F04104680379276901259D4063681A
:103920001B681D420E460ED11849194A194840F22B
:1039300092431CF047FE18481CF044FE144840F225
:1039400092411CF038FE3B681D4263681B6818BF3B
:1039500086F001061D420ED10C490D4A0D484FF468
:103960008D631CF02FFE0C481CF02CFE08484FF411
:103970008D611CF020FE36B1A368DB682946204625
:10398000BDE8F0411847A3681B69F7E736880400D3
:10399000058804008E870400748804002DE9F8432C
:1039A000334D344E2B78002B3AD03378002B37D15F
:1039B000314BDFF8F490D3F8088010272E48D8F860
:1039C000043049469847014620B1BDE8F8432B48EA
:1039D0001CF015BC2A4C2B4B2268B3F90030134461
:1039E00023604FF4FA7022F09EFE013FE6D1236877
:1039F0001B11236023682A78013A062A10D8DFE8D1
:103A000002F004151A1F242A3000B3F5AA7F07DB41
:103A10001D481CF0F4FB1D481CF04FFB1CF00CFB78
:103A200000214FF4004016F08BFBBBE7B3F5AA7FF3
:103A3000F6DB1748EDE7B3F52A7FF1DB1548E8E739
:103A4000B3F5C77FECDB1448E3E740F2E122934291
:103A5000E6DD1248DDE740F2E1229342E0DD104866
:103A6000D7E740F235429342DADD0E48D1E700BF96
:103A7000CC500020D05000206C7204007E8C0400DA
:103A8000F035002090500020A18C04001437002055
:103A9000C78C0400BE8C0400E48C0400008D04007C
:103AA000258D04004A8D040020060020F8B52C4B1B
:103AB00000221A702B4D284622F017FD002849D00D
:103AC000294CA38803F0E00343F48073A380AF681C
:103AD000264E3B68214628469847736843F0010309
:103AE0007360A38803F0E00343F4C06343F005036D
:103AF000A3803B6821462846984773681C4943F0D9
:103B0000200373608B8803F0E00343F4E06343F029
:103B100006038B803B6828469847164A536843F053
:103B20004003536014484FF4C0221121FFF728FED0
:103B3000A8B912480121FFF7EBFE0F484FF4C0224D
:103B40000321FFF71DFE50B9BDE8F8400C480121E4
:103B5000FFF7DEBEBDE8F8400A481CF050BBF8BDD8
:103B6000CF5000206C720400DA0C002034060020D4
:103B7000D20C002020060020C4710400A8780400A4
:103B8000987804006A8D04002DE9F047C48806681F
:103B900007790C4304F03003302BD6E901A9D6F89D
:103BA00010800ED12C492D4A2D484FF42E731CF055
:103BB00009FD2C481CF006FD28484FF42E711CF01E
:103BC000FAFC04F00603042B0BD127492448234AAE
:103BD0004FF430731CF0F6FC20484FF430711CF0A9
:103BE000EAFC04F44023B3F5402F0ED11F491B4AD1
:103BF0001B4840F2C7231CF0E5FC1D481CF0E2FC0A
:103C0000164840F2C7211CF0D6FC012303FA07F541
:103C1000DAF800301D420ED11649104A10484FF410
:103C200035731CF0CFFC14481CF0CCFC0B484FF44F
:103C300035711CF0C0FCD8F80030E2074CBF2B43B4
:103C4000AB43C8F800302246D9F800303946304638
:103C5000BDE8F047184700BF608A040005880400EB
:103C60008E870400998A04005D8B0400118C040087
:103C7000528C0400368804007488040070B504680F
:103C80000379266901259D4063681B681D420ED19A
:103C90001749184A184840F292431CF093FC174801
:103CA0001CF090FC134840F292411CF084FC6368C5
:103CB00036681B681D4206EA05060ED10C490D4AFE
:103CC0000D484FF48D631CF07DFC0C481CF07AFC11
:103CD00008484FF48D611CF06EFC36B1A368DB68B8
:103CE00029462046BDE870401847A3681B69F7E7DE
:103CF00036880400058804008E8704007488040058
:103D000008B5194822F0F1FB60B3184822F0EDFB2A
:103D100040B3164822F0E9FB20B315484FF42021A8
:103D2000FFF732FFF0B913484FF42021FFF72CFFC3
:103D3000C0B911484FF42021FFF726FF90B90F4872
:103D40004FF42021FFF720FF60B90D484FF42021E8
:103D5000FFF71AFF30B9BDE808400A484FF42021A8
:103D6000FFF712BF08BD00BFE0710400C47104007A
:103D700000790400E0780400D87804000879040091
:103D8000107904001879040010B5214C204622F067
:103D9000ACFB28B921681F48BDE810401CF02FBAC1
:103DA0001D484FF4C021FFF7EFFE80BB1B4C20469F
:103DB00022F09BFB0028EDD019484FF4C021FFF7FB
:103DC000E3FE20BB17484FF42021FFF7DDFEF0B9DA
:103DD00015484FF4C021FFF7D7FEC0B913484FF480
:103DE000C021FFF7D1FE90B911484FF4C021FFF771
:103DF000CBFE60B90F484FF4C021FFF7C5FE30B9C4
:103E0000BDE810400C484FF4C021FFF7BDBE10BD07
:103E1000C4710400AF8D0400B8780400E0710400A0
:103E2000C0780400C8780400F0780400F878040032
:103E300020790400E87804002879040008B50A48CD
:103E4000FFF71CFF0948FFF719FF0948FFF716FFA6
:103E50000848FFF713FF0848FFF710FFBDE80840C8
:103E60000648FFF70BBF00BF00790400E0780400AC
:103E7000D878040008790400107904001879040047
:103E800008B50448FFF7FAFEBDE808400248FFF70E
:103E9000F5BE00BFB8780400C078040008B5044837
:103EA000FFF7ECFEBDE808400248FFF7E7BE00BFA1
:103EB000D0780400B078040038B5054604200C46DC
:103EC00022F028FD002C014614DD012C0A4A18BFFF
:103ED00068782B7818BF5070137016BF6A789BB241
:103EE00043EA02230B8005484C8022F06BFB044B15
:103EF0001C6038BD0023F5E7C950002040140020A5
:103F0000FC35002037B5114C63681B68DB020ED40A
:103F10000F49104A104840F237431CF053FB0F483A
:103F20001CF050FB0B4840F237411CF044FB256964
:103F3000A36806485B6801A9984720B92B680198D7
:103F40005840C0F3005003B030BD00BFC47104003E
:103F500036880400058804008E87040074880400F5
:103F600008B5FFF7CFFF10B1064814F0C1F9FFF70D
:103F7000C9FF30B9044B01221A70BDE8084001F0B6
:103F800057BD08BD10140020CB50002070B5314C37
:103F9000204622F0AAFA28B921682F48BDE87040CF
:103FA0001CF02DB96368A5681B682669DA020ED477
:103FB0002A492B4A2B484FF435731CF003FB2A483F
:103FC0001CF000FB26484FF435711CF0F4FA3368FE
:103FD000264A204823F48013336014212B68984725
:103FE000014630B1226822481423BDE870401CF01D
:103FF00006B9D4E901351B68DB020ED41749184A0B
:10400000184840F275231CF0DDFA17481CF0DAFA64
:10401000134840F275211CF0CEFA1421AE690D4808
:104020004FF0C0634FF0A072B047014618B122684C
:1040300010481423D9E71049104B4B604FF48013FC
:104040008B60EB6923B1BDE870400248012218473C
:1040500070BD00BFC4710400AF8D04003688040039
:10406000058804008E870400748804002000010085
:10407000D58D0400FE8D040000360020613F020053
:1040800008B5FFF783FFBDE80840014800F080BE97
:104090004806002070B5FFF7F3FF0C480C4D0D4E9D
:1040A0000D4C1CF0ACF84FF0FF324FF0FF332846B8
:1040B00014F062F932460221D92000F0D5FE80B218
:1040C0000028F0D020461CF09AF8ECE7348E04006B
:1040D0001014002048060020528E040010B5114C28
:1040E0002378D90706D5104B10481A6841F2883159
:1040F000FBF71EFD23789A0706D50B4B0C481A6870
:1041000041F28831FBF714FD23785B0708D5064B95
:1041100008481A68BDE8104041F28831FBF708BD35
:1041200010BD00BFCC5000204C0600206479040074
:104130004C79040034790400014B00221A70704756
:10414000CD500020154B13B50122154C1A70237861
:10415000D90705D5134914484EF2C752FBF7E8FCBE
:1041600023789A0705D50F4910484EF2C752FBF73E
:10417000DFFC23785B0705D50A490D484EF2C7528C
:10418000FBF7D6FC00220023CDE900230948842256
:10419000002316F003FD02B010BD00BFCD5000207B
:1041A000CC5000208FCB0100647904004C790400CE
:1041B00034790400881000202DE9F14FB0F806A0F2
:1041C000056806794AF4C0280AF03003302BD5E997
:1041D00001B92F690ED12249224A23484FF42E7388
:1041E0001CF0F0F921481CF0EDF91E484FF42E7137
:1041F0001CF0E1F90AF00603042B0BD11C491A4804
:10420000184A4FF430731CF0DDF916484FF4307142
:104210001CF0D1F9012303FA06F4DBF800301C424C
:104220000ED114490F4A10484FF435731CF0CAF9E7
:1042300011481CF0C7F90B484FF435711CF0BBF95D
:104240003B681AF0010F14BF2343A3433B60D9F826
:10425000003042463146284601B0BDE8F04F1847CD
:10426000608A0400058804008E870400998A04008F
:104270005D8B0400368804007488040043682DE9CF
:10428000F0411B68076901258D401D420446164612
:104290000ED11949194A1A4840F292431CF092F97A
:1042A00018481CF08FF9154840F292411CF083F930
:1042B0003B681D4263681B6818BF86F001061D42FB
:1042C0000ED10D490D4A0E484FF48D631CF07AF95A
:1042D0000C481CF077F909484FF48D611CF06BF91C
:1042E00036B1A368DB6829462046BDE8F04118478F
:1042F000A3681B69F7E700BF36880400058804003F
:104300008E8704007488040007B5002340F2A2528F
:104310000348CDE9002316F041FC03B05DF804FB2F
:104320006811002008B51548FFF746FF20BB144868
:10433000FFF742FF00BB1348FFF73EFFE0B912480A
:1043400041F2893241F28831FBF7F2FBA0B90F4804
:1043500041F2893241F28831FBF7EAFB60B90C483F
:1043600041F2893241F28831FBF7E2FB20B909487A
:10437000BDE8084022F009BA08BD00BF4479040036
:104380005C79040074790400347904004C790400E9
:10439000647904006811002008B50A4B0A481A68BD
:1043A00041F28831FBF7C4FB084A137843F002035B
:1043B0001370074B1B781BB9BDE80840FFF7A4BF7B
:1043C00008BD00BF4C0600204C790400CC500020F2
:1043D000CD50002008B50A4B0A481A6841F28831CE
:1043E000FBF7A6FB084A137843F001031370074B51
:1043F0001B781BB9BDE80840FFF786BF08BD00BFAA
:104400004C06002064790400CC500020CD500020E0
:1044100008B50A4B0A481A6841F28831FBF788FB55
:10442000084A137843F004031370074B1B781BB939
:10443000BDE80840FFF768BF08BD00BF4C0600207C
:1044400034790400CC500020CD50002008B541F252
:10445000893241F288310A48FBF76AFB0022094899
:104460000421FFF70BFF084B1A7802F0FD021A70C7
:104470001B7823B90548BDE8084022F086B908BD7D
:104480004C790400E0710400CC5000206811002039
:1044900008B541F28932094841F28831FBF748FBFF
:1044A000074B1A7802F0FE021A701B7823B90548F0
:1044B000BDE8084022F069B908BD00BF6479040076
:1044C000CC5000206811002008B541F2893209481B
:1044D00041F28831FBF72CFB074B1A7802F0FB0204
:1044E0001A701B7823B90548BDE8084022F04DB981
:1044F00008BD00BF34790400CC50002068110020B2
:1045000010B50122044619210C48FFF7B7FE0C4BE9
:104510007D221A602378D80701D5FFF75BFF237847
:10452000990701D5FFF738FF23785A0700D41BB944
:10453000BDE81040FFF76CBF10BD00BFC4710400A0
:104540004C06002070B50568037901249C406B6817
:104550001B681C420ED10B490B4A0C4840F2BC436D
:104560001CF030F80A481CF02DF8074840F2BC4116
:104570001CF021F8AB68214628465B69BDE8704015
:10458000184700BF36880400058804008E870400A1
:10459000748804000A4B07B500221A60094B0A48C8
:1045A00001221A70FFF7CEFF4FF400520023074894
:1045B000CDE9002316F0F2FA03B05DF804FB00BF6A
:1045C00010360020D05000207C790400F810002024
:1045D00010B5084C0848236801332360FFF7B2FF89
:1045E0002368052B05D1054822F0CFF8044B0022A3
:1045F0001A7010BD103600207C790400F8100020DD
:10460000D05000200148FFF79DBF00BF7C79040017
:104610000148FFF797BF00BF847904002DE9F041FE
:1046200004680379276901259D4063681B681D4262
:104630000E460ED11849194A194840F292431BF010
:10464000C1FF18481BF0BEFF144840F292411BF016
:10465000B2FF3B681D4263681B6818BF86F0010605
:104660001D420ED10C490D4A0D484FF48D631BF0CD
:10467000A9FF0C481BF0A6FF08484FF48D611BF002
:104680009AFF36B1A368DB6829462046BDE8F041B1
:104690001847A3681B69F7E73688040005880400FB
:1046A0008E8704007488040001480121FFF7B6BF1B
:1046B0007C790400082813B509D850B101380728BF
:1046C00007D8DFE800F0081706320606064116286C
:1046D00040D002B010BD24481BF0EFFC234813F07B
:1046E00007FE0021112015F02BFD02B0BDE810409F
:1046F00000F0F8BA1E481F4C0021FFF78FFF1E483C
:104700000021FFF78BFF1D480021FFF787FF23687B
:10471000002BDED14FF4404200231948CDE900239D
:1047200016F03CFA01232360D3E701211048FFF77C
:1047300075FF00211048FFF771FF00210F4802B0FC
:10474000BDE81040FFF76ABF01210948FFF766FF87
:104750000121EFE706480121FFF760FF012106482C
:10476000FFF75CFF0121E9E710370020F813002074
:10477000847904000C3600208C79040094790400BC
:10478000A0110020014822F000B800BF380F00201F
:1047900010B51D4C1D481BF090FC2378590702D51D
:1047A0001B481BF08AFC2378DA0702D519481BF056
:1047B00084FC23789B0702D517481BF07EFC174C1E
:1047C000237803F08303812B04D0237803F0830341
:1047D000822B02D112481BF070FC237803F08C036B
:1047E000882B04D0237803F08C03842B02D10D484E
:1047F0001BF063FC0C4B1B78012B04D1BDE810406F
:104800000A481BF05ABC10BDCC5000208C3600204A
:10481000903600209436002098360020DA50002090
:10482000A03600209C360020D7500020A43600205F
:104830002DE9F04104680379276901259D406368EB
:104840001B681D420E460ED11849194A194840F2FC
:1048500092431BF0B7FE18481BF0B4FE144840F218
:1048600092411BF0A8FE3B681D4263681B6818BF9D
:1048700086F001061D420ED10C490D4A0D484FF439
:104880008D631BF09FFE0C481BF09CFE08484FF404
:104890008D611BF090FE36B1A368DB682946204687
:1048A000BDE8F0411847A3681B69F7E736880400A4
:1048B000058804008E8704007488040007B5094B3E
:1048C0001B7863B100220023CDE90023064840F2A3
:1048D0006762002316F062F9044B04221A7003B0D9
:1048E0005DF804FBC750002050100020D15000207C
:1048F00037B5114C63681B68DB060ED40F49104AAC
:10490000104840F237431BF05DFE0F481BF05AFE83
:104910000B4840F237411BF04EFE2569A36806485C
:104920005B6801A9984720B92B6801985840C0F3EB
:10493000001003B030BD00BFC4710400368804000D
:10494000058804008E8704007488040038B5094D7A
:10495000094C4FF0FF334FF0FF32284613F00CFDA7
:1049600023785B07F5D414F045FC01F017FE15F031
:1049700079F9EEE7F8130020D2500020014813F037
:10498000B7BC00BFF813002008B501F087FD20B1C7
:1049900006481BF034FC082008BD01F02BFA002863
:1049A000FAD003481BF02BFC0920F5E7738E0400B6
:1049B000888E040070B5314C204621F096FD28B950
:1049C00021682F48BDE870401BF019BC6368A568DA
:1049D0001B682669DA060ED42A492B4A2B484FF465
:1049E00035731BF0EFFD2A481BF0ECFD26484FF411
:1049F00035711BF0E0FD3368264A204823F0100390
:104A0000336004212B689847014630B12268224860
:104A10000423BDE870401BF0F2BBD4E901351B68EC
:104A2000DB060ED41749184A184840F275231BF0CC
:104A3000C9FD17481BF0C6FD134840F275211BF055
:104A4000BAFD0421AE690D484FF0C0634FF0A0726B
:104A5000B047014618B1226810480423D9E710492D
:104A6000104B4B6010238B60EB6913B1034801229C
:104A70009847BDE870400C481BF0C1BBC4710400EE
:104A8000AF8D040036880400058804008E8704007A
:104A90007488040020000100D58D0400FE8D040000
:104AA00014360020BD4802009F8E040007B5FFF7B2
:104AB0006BF901F011F8FFF735FCFFF721F9FFF76B
:104AC000BDF9FFF7DDF9FFF7E9F90F2368468DF827
:104AD000043010F079FF4FF08042D2F8103543F0E7
:104AE0001F03C2F8103500F04FFD0021212015F002
:104AF00027FBFEF7DBFFFEF7F1F9204B0028B4BFE0
:104B0000012200221A6019681D481BF078FB01F091
:104B100071FD20B11B4A137843F00203137001F0BA
:104B2000E5FD20B1174A137843F00103137014F028
:104B300061FB01F07BFCFFF727FF20B1114A1378DE
:104B400043F00403137001F0F3FB15F08BF80E4BE8
:104B50001B780BB100F0F0F80C4B186821F001FD48
:104B6000FFF728FF0021212015F0EAFA4FF4017029
:104B7000FEF7C0FB03B05DF804FB00BFE835002082
:104B8000BA8E0400D2500020D350002030790400A7
:104B900013B50C481BF033FB0B4B0C4800240121D0
:104BA0001C70FFF745FE0A4B1C70FFF7EBFD4FF43E
:104BB000882200230748CDE9002315F0EFFF02B05B
:104BC00010BD00BFC88E0400D5500020A479040099
:104BD000CE5000203011002008B509481BF00FFB13
:104BE00008481BF06AFA084B0848012200211A7095
:104BF000FFF71EFE0648BDE8084021F0C6BD00BF15
:104C0000DC8E0400B8360020D5500020A4790400C2
:104C10003011002010B5084C2378042B09D1FFF780
:104C200067FE08B1FFF7D8FFFFF762FE08B9FFF78C
:104C3000AFFF0023237010BDD15000201FB54FF4EB
:104C4000004200231C48CDE9002315F0A7FF4FF4D4
:104C5000160200231948CDE9002315F09FFF01F04B
:104C600025FE8DF80F000DF10F00FFF749FC144BE6
:104C70001A78A2B901221A70124B186821F071FC3F
:104C8000114821F06EFC114B186821F06AFC104BA2
:104C9000186821F066FC0F4B186821F062FCFFF7E2
:104CA00027FE30B9FFF774FF00F0B2FC05B05DF8E5
:104CB00004FBFFF791FFF7E7E00F0020181000203A
:104CC000D6500020A47804007028002058780400F2
:104CD0005C780400A0780400014821F056BD00BFB4
:104CE0003011002038B500F0C5FC0F4821F04DFD13
:104CF0000E4813F0FDFA0021A42015F021FAFFF769
:104D000041FDFFF7E9FFFFF799F8FFF7B9F8084D04
:104D1000084C00212846FFF78BFD0028F9D02046DB
:104D20001BF06DFAF5E700BFE00F0020F81300203C
:104D30009C790400F28E04000E480F49836810B578
:104D40000E4C9B68206098470D4B0028186004DAD1
:104D50000C48BDE810401BF052BA2068836802215D
:104D60001B689847084B0028186001DA0748F0E7ED
:104D700010BD00BFFC710400500600202436002046
:104D8000283600200E8F040020360020268F0400D5
:104D900008B50C4B02681A600B4812F097FA0B4BDF
:104DA000186010B90A481BF02AFA0A4812F08EFA65
:104DB000094B186028B9BDE80840064907481BF0B0
:104DC0001EBA08BD2C3600203C8F04006C06002063
:104DD000438F04005E8F040030360020648F04008F
:104DE00010B586B00DF10703029302AA0123CDE9A5
:104DF00004230393054B8DF8070018688368044962
:104E00001C6804AA0023A04706B010BD303600205D
:104E10006006002070B586B00DF10703029302AA68
:104E20000123CDE9042303930B4B06460D46186876
:104E300083680A491C68002204ABA047084C01465D
:104E4000206028B107481BF0DAF9206806B070BD71
:104E50009DF807307355F8E73036002060060020D3
:104E6000780600207D8F04002DE9F843CB1D23F048
:104E70000703DFF8708000AFADEB030D1368C8F8CF
:104E8000003000230D46E9461A46AB420DDBFFF722
:104E9000A7FF114E04463060A8B101460F481BF031
:104EA000AEF93068BD46BDE8F88309F80320013348
:104EB000EBE721464846FFF7ADFF0146306008B1F9
:104EC0000748ECE70134AC42F3DBD8F80030294660
:104ED00048469847E5E700BF78060020AD8F0400FC
:104EE0007D8F04002C360020034A137843F0010321
:104EF0001370024821F049BCD9500020A80F0020AF
:104F000010B507220C4621F028FD20B902481BF0FD
:104F100076F90123E37110BDDD8F040013B50A8813
:104F2000ADF804208B781A489DF804108DF80630EF
:104F3000184C1BF064F99DF8051015481BF05FF93B
:104F40009DF8061012481BF05AF9216812481BF010
:104F500056F9236804200133236021F0DBFCBDF8FF
:104F600005305BBA038002221B040146428007D54C
:104F70000A481BF044F900F05BFD012002B010BDAF
:104F8000074821F01FFB074B01221A70F5E700BF0D
:104F9000E98F040080360020F58F0400FB8F0400A9
:104FA00040140020D8500020F7B5002306460F46D5
:104FB0004FF60E4004211546019305F0B3F8044660
:104FC00020B913481BF01BF903B0F0BD04210830D1
:104FD0000CF0FAFB01AAA0F801700670C57021461A
:104FE0004FF60E4005F0EAF8019A014630B10AB1D9
:104FF00093681A7807481BF002F9E5E793680648BA
:1050000093F904101BF0FBF801980CF0ADFADBE704
:10501000199004003C900400609004001FB5164BEA
:105020001B789B0614D4FE23ADF8043001AB029329
:1050300002238DF80C3003F0ABFB03F0C7FB02A991
:10504000052003F03BFB014628B10C481BF0D7F8C4
:1050500005B05DF804FB3F2003F0C6FB014608B134
:105060000748F3E707481BF0CAF8012003F0E6FC05
:1050700005481BF0C4F8EBE7D950002075900400F8
:10508000A9900400DA900400FC90040070B5037845
:105090008AB004460E4607AD032B20D8DFE803F0A4
:1050A00002191B1D1149284621F0A6FD63780493BF
:1050B000A3780393E37802932379019363790093B0
:1050C0000B4AA37905951E2130461BF0A5F80AB0BE
:1050D00070BD0849E7E70849E5E70849E3E7084AFA
:1050E0000A2128461BF098F8E0E700BF1B91040056
:1050F000449104002291040029910400339104009A
:105100003D910400F0B58FB0154604461DF0DFF95F
:1051100006A9FFF7BBFF184EE5B918481BF06FF85A
:1051200033689C4214D1164B01AA03F110071646AE
:1051300018685968154603C50833BB422A46F7D19B
:105140001B782B700F4A104B3146204603F06CF948
:105150000FB0F0BD132120461DF0BBF933689C420F
:1051600005D1FFF75BFF09481BF049F8F0E7FFF7AF
:1051700055FF0748F8E700BF343600206791040068
:105180003C760400D40600203C3600207A910400CE
:105190009E91040070B588B00E4604461DF097F944
:1051A0006946FFF773FF1C4D86B11C481BF027F8BA
:1051B0002868A04208D106F0CDFF00232B60FFF73E
:1051C0002DFF17481BF01BF808B070BD154E28685E
:1051D00031461CF082FD014690B113481BF00FF8D8
:1051E00012481BF00CF81249124B0B60204609F0D4
:1051F00075FD022120461DF018F91BF059FFE3E769
:1052000020461DF064F96946FFF740FF3188082207
:105210000220FFF7C9FEE3E734360020C391040003
:10522000DA91040096500020F7910400B99204002E
:10523000383600205100040070B5044694B00F4881
:105240001AF0DDFF2368A4681D68DE79284604A9EA
:10525000FFF71CFF684603F0F3FA10B108481AF094
:10526000CEFF0CA92846FFF711FF052E04D10549F2
:105270002A4620461CF0FCFD14B070BD16920400B6
:10528000289204008952020030B50378FF2B85B0C4
:105290000C4678D142683D4B91789970D178D9709D
:1052A000117919715179597191799971D17915786B
:1052B000D971117A1972517A50785972FE2D917AFA
:1052C000D27A1D7058709972DA725CD100285AD166
:1052D000092958D112062AD52D4B1B78DB0726D475
:1052E0002C481AF08CFF06F027FC014600284AD112
:1052F00005F0E8F9284AD2F81200D2F8161002ABED
:1053000003C302AA2549264B204607F07DFA014631
:1053100020B124481AF073FFFFF780FE22481AF0EC
:105320006EFF22481AF0C9FE002005B030BD20688B
:10533000A288A3790090ADF8042000201C498DF8C4
:1053400006306A468DF807000BF02CFD9DF80730FB
:10535000CBB118481AF053FF06F0EEFB98B90E4A8D
:10536000D2F81200D2F8161002AB03C302AA0C4BFB
:105370000A49204607F048FA08B1FFF74FFE0E48E9
:105380001AF03DFFD0E70120CFE700BF3E0D00201F
:10539000D9500020429204003C7604007C06002094
:1053A00034360020529204006F920400FC36002034
:1053B000014F02008F9204009D92040010B50E4C24
:1053C00063681B68DB050ED40C490D4A0D4840F29A
:1053D000BC431BF0F7F80C481BF0F4F8084840F207
:1053E000BC411BF0E8F8A36803485B69BDE81040C6
:1053F0004FF48071184700BFC47104003688040060
:10540000058804008E870400748804002DE9F041AB
:105410001C4D6E682F693368D90504460ED41A49AD
:105420001A4A1B4840F292431BF0CCF819481BF073
:10543000C9F8164840F292411BF0BDF83B68DA0506
:10544000336848BF84F00104DB050ED40E490F4ACF
:105450000F484FF48D631BF0B5F80E481BF0B2F8FF
:105460000A484FF48D611BF0A6F83CB1AB68DB68CD
:105470000448BDE8F0414FF480711847AB681B69E0
:10548000F6E700BFC47104003688040005880400F4
:105490008E8704007488040030B589B01DF017F8B9
:1054A000124C6946FFF7F2FD11481AF0A8FE237866
:1054B0009B0702D50F481AF000FE00F0B9FA2378D6
:1054C0000D4D6FF3410323700C4B286800241C70B2
:1054D00006F040FE20462C60FFF798FFFFF79EFD88
:1054E00007481AF08CFE09B030BD00BFD95000202B
:1054F000B69204000437002034360020D750002034
:10550000C592040038B504460D4610481AF077FEDF
:105510002946204603F0A4FA284603F047FB20461C
:105520001BF0AEFD0A4821F030F90120FFF76EFFB5
:10553000084A0948137843F002031370074B01220D
:105540001A70BDE838401AF0B8BD00BFE5920400FB
:10555000700F0020D950002000370020D7500020C5
:105560001FB5074B019301A800238DF80830039362
:1055700003F032FA034803F091F805B05DF804FB3C
:10558000E8060020E00600201FB5194B19481A78DC
:105590006FF300021A7007F093FB30BB164807F058
:1055A000ABFB044608BB154807F0B6F8204605F0EB
:1055B00023FA0446C8B912481AF021FE1BF0D1FAAA
:1055C000104B01931048114B039401A902931BF057
:1055D00096FD044648B9FFF7C3FF08222146012083
:1055E00004B0BDE81040FFF7DFBC04B010BD00BF41
:1055F000D95000208C060020A4060020B40600200C
:10560000039304001D4F02003C3600204B000400B1
:105610001FB5154A137813F0020105D0012005B01B
:105620005DF804EBFFF7F2BE23F021030391137042
:1056300000220023CDE900230C484FF4F012002390
:1056400015F0ACFA4FF4804200230948CDE900235D
:1056500015F0A4FAFFF7E2FC03990822012005B037
:105660005DF804EBFFF7A0BCD9500020700F0020BC
:10567000A80F00200C4A08B5137843F020031370DC
:105680000A4821F082F80A4821F07FF81BF010FD4B
:10569000084B132118681CF01CFF0022BDE80840CD
:1056A00011460120FFF780BCD9500020700F002068
:1056B000A80F0020343600202DE9F041046803795A
:1056C000276901259D4063681B681D420E460ED167
:1056D0001849194A194840F292431AF073FF1848C2
:1056E0001AF070FF144840F292411AF064FF3B68D0
:1056F0001D4263681B6818BF86F001061D420ED16B
:105700000C490D4A0D484FF48D631AF05BFF0C48AD
:105710001AF058FF08484FF48D611AF04CFF36B16B
:10572000A368DB6829462046BDE8F0411847A36816
:105730001B69F7E736880400058804008E8704009B
:105740007488040008B5002211460448FAF790FA5C
:10575000BDE8084002480121FFF7AEBFD47904003C
:10576000CC79040008B5002211460448FAF780FA03
:10577000BDE8084002480121FFF79EBFEC79040014
:10578000E47904002DE9F047C488066807790C43E2
:1057900004F03003302BD6E901A9D6F810800ED1E1
:1057A0002C492D4A2D484FF42E731AF00BFF2C482C
:1057B0001AF008FF28484FF42E711AF0FCFE04F08E
:1057C0000603042B0BD127492448234A4FF4307396
:1057D0001AF0F8FE20484FF430711AF0ECFE04F491
:1057E0004023B3F5402F0ED11F491B4A1B4840F2FE
:1057F000C7231AF0E7FE1D481AF0E4FE164840F2EF
:10580000C7211AF0D8FE012303FA07F5DAF80030B1
:105810001D420ED11649104A10484FF435731AF044
:10582000D1FE14481AF0CEFE0B484FF435711AF031
:10583000C2FED8F80030E2074CBF2B43AB43C8F898
:1058400000302246D9F8003039463046BDE8F047EE
:10585000184700BF608A0400058804008E87040092
:10586000998A04005D8B0400118C0400528C0400A2
:10587000368804007488040010B50C4C0C49236869
:105880000C486433236023682268B1FBF2F20A49B2
:10589000B1FBF3F1FAF7ECF92368B3F5C87F04D153
:1058A0000648BDE8104020F070BF10BD84360020CF
:1058B0000065CD1DD479040000CA9A3B1012002067
:1058C00010B50C4C0C4923680C48643323602368E2
:1058D0002268B1FBF2F20A49B1FBF3F1FAF7C8F919
:1058E0002368B3F5C87F04D10648BDE8104020F016
:1058F0004CBF10BD883600200065CD1DEC7904003A
:1059000000CA9A3B8012002007B500210A48FFF721
:10591000D3FE0A4A0A490B48FAF7AAF900220023E3
:10592000CDE9002308484FF48042002315F036F9F2
:1059300003B05DF804FB00BFCC790400105E5F008B
:1059400020BCBE00D4790400D811002007B5002186
:105950000A48FFF7B1FE0A4A0A490B48FAF788F9E4
:1059600000220023CDE9002308484FF4A47200234D
:1059700015F014F903B05DF804FB00BFE4790400EE
:10598000404B4C0080969800EC79040048120020AF
:1059900007B50D4A0D4913780D4843F08003137085
:1059A0000C4B64221A600C4AFAF762F900220023B9
:1059B000CDE9002309484FF41602002315F0EEF854
:1059C00003B05DF804FB00BFDA500020593D3A00F7
:1059D000D479040084360020AC1E1D00C0100020C5
:1059E00007B50D4A0D4913780D4843F08003137035
:1059F0000C4B64221A600C4AFAF73AF90022002391
:105A0000CDE9002309484FF41602002315F0C6F82B
:105A100003B05DF804FB00BFDA500020593D3A00A6
:105A2000EC79040088360020AC1E1D00C010002058
:105A300008B51E481AF0E3FB1D4A1E4813780021E2
:105A400003F07F031370FFF737FE10B11A481AF006
:105A5000D6FB1A480121FFF72FFE10B116481AF0A5
:105A6000CEFB17480121FFF727FE10B112481AF0AC
:105A7000C6FB144820F089FE134820F086FE002261
:105A800012481146FAF7F4F810B10B481AF0B7FBB8
:105A900000220F481146FAF7EBF810B106481AF049
:105AA000AEFB0C48BDE8084020F06FBE1B9304001D
:105AB000DA500020BC7904002A930400E479040041
:105AC000CC7904001012002080120020EC79040030
:105AD000D4790400C010002008B54FF4C0210F484D
:105AE000FFF750FE0E484FF42021FFF74BFE002831
:105AF00012DB0C484FF42021FFF744FE00280BDB9B
:105B0000002211460848FAF7B3F80022BDE8084021
:105B100006481146FAF7ACB808BD00BFC4790400C6
:105B2000CC790400E4790400D4790400EC79040011
:105B300010B50B4C0B480021FFF7BEFD0A4A0B497C
:105B40002046FAF795F8002146F6CD4014F0F8FA11
:105B5000002220461146BDE81040FAF789B800BF80
:105B6000EC790400E4790400D0121300A02526008B
:105B7000014B01221A707047D350002012F0FC6FC5
:105B80002DE9F14FD0E901B9076905460E461446E3
:105B90000ED04F494F4A504840F2B5231AF012FD3B
:105BA0004E481AF00FFD4B4840F2B5211AF003FDA4
:105BB00004F03003302B0ED14949464A46484FF491
:105BC0002E731AF0FFFC47481AF0FCFC41484FF4D2
:105BD0002E711AF0F0FC04F00213022B0ED1424990
:105BE0003C4A3D484FF42F731AF0ECFC3F481AF042
:105BF000E9FC38484FF42F711AF0DDFC04F006037D
:105C0000042B0BD13A493448324A4FF430731AF01E
:105C1000D9FC30484FF430711AF0CDFC14F4402810
:105C200022D0A3030ED433492A4A2B4840F2C3237F
:105C30001AF0C8FC30481AF0C5FC264840F2C321CF
:105C40001AF0B9FCB8F5402F0ED12C49214A224850
:105C500040F2C7231AF0B6FC29481AF0B3FC1D48DD
:105C600040F2C7211AF0A7FCE00206D5B8F1000FF8
:105C700003D0E10748BF84F44024012303FA06FA65
:105C8000DBF800301AEA030F24F480180ED11D4906
:105C9000104A11484FF435731AF094FC1A481AF060
:105CA00091FC0C484FF435711AF085FC3B68E20713
:105CB0004CBF4AEA030323EA0A033B60D9F80030E9
:105CC00042463146284601B0BDE8F04F184700BFB4
:105CD000DF890400058804008E8704003C8A0400E4
:105CE000608A0400998A0400D68A04000B8B0400A1
:105CF0005D8B0400908B0400D68B0400118C040093
:105D0000528C0400368804007488040037B5114CA6
:105D100063681B689B000ED40F49104A104840F27C
:105D200037431AF04FFC0F481AF04CFC0B4840F276
:105D300037411AF040FC2569A36806485B6801A951
:105D4000984720B92B6801985840C0F3407003B0C1
:105D500030BD00BFC471040036880400058804000B
:105D60008E870400748804002DE9F04104680379EB
:105D7000276901259D4063681B681D420E460ED1B0
:105D80001849194A194840F292431AF01BFC184866
:105D90001AF018FC144840F292411AF00CFC3B68CF
:105DA0001D4263681B6818BF86F001061D420ED1B4
:105DB0000C490D4A0D484FF48D631AF003FC0C4852
:105DC0001AF000FC08484FF48D611AF0F4FB36B16C
:105DD000A368DB6829462046BDE8F0411847A36860
:105DE0001B69F7E736880400058804008E870400E5
:105DF0007488040010B5234C206820F076FB20B98D
:105E000021481AF0FCF9012010BD2068836823B1F5
:105E10001B6E13B11D4900229847206883681B6CD4
:105E200003B198471A4B1868F3F781FB072804461B
:105E300004D018481AF0E3F90420E5E7164B186877
:105E4000F3F775FB082804D014481AF0D8F9052098
:105E5000DAE7134B1868F3F76AFB242804D01148DB
:105E60001AF0CDF90620CFE70F4B1868F3F75FFB68
:105E7000042804D00D481AF0C2F92046C4E70020D7
:105E8000C2E700BF0C070020389304008D620200B7
:105E9000000700204B9304000807002062930400D1
:105EA000040700207B930400FC0600209693040066
:105EB00070B50021044610480F4EFFF755FF222011
:105EC0001AF0EAF8082514F0010118BF0121304644
:105ED000FFF74AFF013D08201AF0DEF815F0FF0534
:105EE0004FEA5404EFD104480121FFF73DFFBDE81C
:105EF000704022201AF0D0B8047A040038B5354B2F
:105F00004E221A7000225A7054229A70324A126835
:105F1000511EDC1C0632084610F8015F04F8015BD4
:105F20009042F9D12D4811F8014F00F8014B9142F0
:105F3000F9D120225A742A4A2A481268511E07327F
:105F400011F8014F00F8014B9142F9D1264A274838
:105F50001268511E233211F8014F00F8014B914293
:105F6000F9D1234A1B4D1268117883F83E105178FD
:105F700083F83F10917883F84010D27883F841205D
:105F8000322283F8432083F8452013214FF08052BA
:105F900083F8421083F84410116EC3F84A10516E12
:105FA000C3F84E10D2F8A410C3F85210D2F8A820AB
:105FB000C3F85620042283F85620032283F8572082
:105FC000002415F8010B0134FFF772FF5A2CF8D1A9
:105FD00038BD00BF7751002000070020815100200C
:105FE000080700208951002004070020915100205B
:105FF000FC06002070B50021044610480F4EFFF744
:10600000B3FE68201AF048F8082514F0010118BF03
:1060100001213046FFF7A8FE013D68201AF03CF848
:1060200015F0FF054FEA5404EFD104480121FFF7B2
:106030009BFEBDE8704068201AF02EB8047A040078
:1060400038B5354B4E221A7000225A7054229A707D
:10605000324A1268511EDC1C0632084610F8015FF5
:1060600004F8015B9042F9D12D4811F8014F00F876
:10607000014B9142F9D120225A742A4A2A481268C7
:10608000511E073211F8014F00F8014B9142F9D12E
:10609000264A27481268511E233211F8014F00F892
:1060A000014B9142F9D1234A1B4D1268117883F8B4
:1060B0003E10517883F83F10917883F84010D278E1
:1060C00083F84120322283F8432083F845201321AE
:1060D0004FF0805283F8421083F84410116EC3F8D9
:1060E0004A10516EC3F84E10D2F8A410C3F85210E3
:1060F000D2F8A820C3F85620042283F856200322A1
:1061000083F85720002415F8010B0134FFF772FFC4
:10611000582CF8D138BD00BFD15100200007002015
:10612000DB51002008070020E35100200407002075
:10613000EB510020FC06002038B50B4C0B494623E0
:1061400090220025E01C23706570A27020F015FCE1
:10615000032384F8933014F8010B0135FFF74AFF4D
:10616000942DF8D138BD00BFE35000208C360020BC
:1061700010B54E20FFF73EFF0020FFF73BFF012048
:10618000FFF738FF0F4C0120FFF734FF0320FFF724
:1061900031FF01212046FFF7E7FDFEF739F9FCF753
:1061A000D3FF09481AF02BF8FEF7F6F800F062FB6F
:1061B000FEF78AF9FEF74AF920460021BDE81040B3
:1061C000FFF7D2BDFC790400B093040070B5104C09
:1061D000FFF79CFD012802D12378002BF8D0332053
:1061E00019F05AFF08254FF6FF744FF67F766408C2
:1061F000FFF78CFD00B934402220013D19F04CFF1F
:1062000015F0FF05F3D1222019F046FFE0B270BD72
:10621000D350002070B5104CFFF778FD012802D153
:106220002378002BF8D0962019F036FF08254FF67A
:10623000FF744FF67F766408FFF768FD00B93440BD
:106240006820013D19F028FF15F0FF05F3D1682003
:1062500019F022FFE0B270BDD350002038B5094DCF
:10626000094C002344202B702370FFF7C3FEFFF777
:10627000D1FF2870FFF7CEFF2070BDE83840032023
:10628000FFF7B8BEDB500020DC500020F7B5224CF1
:1062900020688368DB6D1BBB204F214D214E206899
:1062A0008368DB6C0BB19847E8B1206883681B6B8F
:1062B0001BB101220DF1070198472B783B70337811
:1062C0002B70194B9DF807101B783170002BE6D10D
:1062D00049290AD119F0E2FE144B01221A70DEE7B7
:1062E00098470028D8D103B0F0BD442902D1FFF768
:1062F000B5FFF1E7462902D1FFF71EFFECE74E2973
:1063000002D1FFF79DFEE7E74229C8D120688368E4
:10631000DB699847E0E700BF0C070020E150002050
:10632000E0500020DE500020D3500020D450002048
:106330002DE9F041334E344F344D0EE0344C2B7880
:106340003B7023782B70FFF765FF4428207021D025
:1063500008D82A2836D0422813D03378002BEDD025
:10636000BDE8F081462818D04E28F6D1294B1B787D
:10637000FF2B25D1284B1B78FF2B1CD1FFF760FE8C
:1063800001E0FFF737FE254B01221A70244820F068
:10639000FCF9D1E7FFF762FFF5E71E4B1E4A1B78B9
:1063A00012781340FF2B02D1FFF7C6FEEBE7032064
:1063B000FFF720FEC0E7FE2B02D1FFF7D9FEE2E790
:1063C0004E20F5E7FFF716FEFFF700FF2070FFF7FE
:1063D000FDFEDFF84080104D88F80000FFF7F6FE64
:1063E0002870FFF78BFD21780E4819F008FF98F808
:1063F00000100D4819F003FF29780B4819F0FFFE33
:106400009AE700BFD3500020E2500020DF50002068
:10641000DD500020DB500020DC500020D450002054
:10642000000F0020D6930400EC93040007B5114838
:1064300020F05BF8D8B10F484FF420221C21FFF761
:106440009DFBA0B90B4820F050F880B109484FF4EB
:1064500080321D21FFF792FB48B900220023CDE9CD
:106460000023054840F26762002314F097FB03B055
:106470005DF804FBC4710400000F002008B5054B53
:106480008C220021184620F099FA034AC0F88C208B
:1064900008BD00BF8C360020FECAADAB7FB5304CC6
:1064A0003048A06220F021F840B9A36A2E4819684C
:1064B00019F0A5FE0825284604B070BD4FF46E21E2
:1064C000A06A216001AA1FF07EFA054620B1274884
:1064D00019F095FE0925EEE7029B2548A3810623C6
:1064E000E38119F08CFE03992248DDE9013219F0AD
:1064F00086FE204600F03AFF014610B11E4819F012
:106500007EFE1E4E16489023324601211AF003FBF0
:106510009021044602461A4819F071FE002C16DD3F
:10652000D6F88C20174B9A4211D11748012119F047
:1065300066FE3168154819F062FE0D4819F05FFEDD
:10654000134819F05CFE134819F059FEB3E7FFF742
:1065500095FF11489022012119F051FEF3E700BF89
:106560001C370020147304003D9404005B94040065
:1065700074940400AF940400C39404008C3600208B
:10658000D9940400FECAADABF19404001E9504003A
:1065900044AC0400679504002E95040008B5012161
:1065A000084A0948902301F035F8011E04DABDE8D5
:1065B0000840064819F023BEBDE80840044819F019
:1065C0001EBE00BF8C3600201C37002083950400BF
:1065D0009F950400024B0022C3E90022704700BFD0
:1065E0004C37002002481822002120F0E7B900BFF4
:1065F00038290020F0B52F4C2F48A06285B01FF03D
:1066000074FF40B9A36A2D48196819F0F8FD0825F0
:10661000284605B0F0BD4FF47621A06A216001AA9A
:106620001FF0D1F920B1264819F0E9FD0925EFE75F
:10663000029B2448A3810226E68119F0E0FDDDE9F2
:1066400001320399204819F0DAFD204600F08EFE51
:10665000054620B11D4819F0D2FD0A25D8E71C4F88
:1066600008233A46314620461AF055FA08210446D6
:106670000246184819F0C3FD002C12DD16483146B9
:1066800019F0BDFDD7E90012144819F0B8FD0D4806
:1066900019F0B5FD124819F0B2FD124819F0AFFD1E
:1066A000B6E7FFF797FF10480822314619F0A7FD1B
:1066B000F3E700BF84370020147304003D94040006
:1066C0005B94040074940400AF940400B19504003A
:1066D0004C370020D9940400C4950400E2950400CE
:1066E00044AC0400579604001396040070B5384D6E
:1066F0003848A86288B01FF0F8FE40B9AB6A364847
:10670000196819F07CFD0826304608B070BD4FF4BA
:106710007421A86A296005AA1FF055F920B12F48F5
:1067200019F06DFD0926EFE7069B2D48AB8102238A
:10673000EB8119F064FDDDE905320799294819F06C
:106740005EFD284600F012FE064620B1264819F0EC
:1067500056FD0A26D8E7254C182322460121284653
:106760001AF0D9F9182105460246214819F047FDCB
:10677000002D25DD1F48012119F041FD63790293A9
:1067800023790193E378217862781B480093A378FA
:1067900019F035FDD4E904231848CDE90023D4E9E4
:1067A000022319F02CFD0E4819F029FD144819F0A8
:1067B00026FD144B01221A70134819F020FDA3E79F
:1067C000FFF710FF11481822012119F018FDF3E717
:1067D00054370020147304003D9404005B940400BB
:1067E00074940400AF940400B1950400382900208B
:1067F000D9940400C49504007A9604009996040084
:1068000044AC04002B520020BD9604002E950400D9
:1068100070B5084C064618232246012106481AF096
:106820007AF90FCC35460FC594E8030085E80300DC
:10683000304670BD382900205437002008B50221A9
:10684000084A0948082300F0E5FE011E04DABDE805
:106850000840064819F0D3BCBDE80840044819F0C8
:10686000CEBC00BF4C370020843700208395040045
:10687000DD96040008B50121084A0948182300F0F4
:10688000C9FE011E04DABDE80840064819F0B7BC8D
:10689000BDE80840044819F0B2BC00BF3829002008
:1068A00054370020839504009F95040010B5044CD4
:1068B00004480823224602211AF02DF9207810BD41
:1068C0004C3700208437002030B50A4C0A449142EE
:1068D00000D130BD11F8013B58400309E35C83EA65
:1068E0000013DDB2C3F30313E05C80EA0510C0B20D
:1068F000EDE700BF02970400436803F00303022B97
:1069000070B504460E46816010D0032B04D0012BD5
:106910000FD10025284601E00568002000236360B0
:1069200010B1314614F0DAFC284670BD006800252D
:10693000F4E7064A06490748452319F043FE034891
:10694000452119F038FE0025E7E700BF1297040043
:10695000D48B04008E8704000B6801330B60014B5D
:106960001B68184710070020014B1860704700BFD4
:106970001007002007B50B4600210246019103488D
:1069800001A9F9F7C9F903B05DF804FB59690200E0
:1069900030B585B0CDE901010446002501A90548BF
:1069A0000395F9F7B9F9DDE902309842B8BF2554EB
:1069B00005B030BDD90104002DE9F04F2DED028B5B
:1069C000B0F81C9083B019F0080F0446019224D04F
:1069D00001290CBF49F0100949F02009A0F81C90CA
:1069E0001434204611F018F968B9A24AA249A34804
:1069F000B92319F0E7FDA248214619F0E3FD9D48AF
:106A0000B92119F0D8FD019B83F31188BFF36F8F73
:106A100003B0BDEC028BBDE8F08F9A4FDFF85C82CB
:106A200009F00709022906D1204619F002FC0028C6
:106A3000D6D0012868D1D4F818B0A38BBBF1000FD1
:106A40001CDA00262568009623F00703C4E90066D7
:106A500043F00103A383A38B03F007024A4508EE2A
:106A6000102A03D0A268002A40F01C811DB9009AA8
:106A7000002A00F062814FF0000A15E103F00702DE
:106A8000511F012921D8002123F00703062A256878
:106A90009BB2C4E900110AD13DB1E28B29460968D5
:106AA000013292B20029FAD1E28343F00203A383B8
:106AB000204619F0BEFB002800F0D780A38B43F0DE
:106AC0002003A38300230093C5E7042A0FD123F0FA
:106AD00007039AB2A283204619F0ABFB002800F00E
:106AE000C68042F02002A28300250095B3E740460D
:106AF000654940F21B133A4619F064FD40F21B1140
:106B0000384619F058FDEFE7032835D1B9F1000FE9
:106B10000BD05E4940464FF4AB733A4619F052FD34
:106B20004FF4AB71384619F046FD23685BB95849FC
:106B3000404640F257133A4619F044FD40F25711CF
:106B4000384619F038FD23691B6800935BB9514939
:106B500040464FF4AD733A4619F034FD4FF4AD7131
:106B6000384619F028FDA38B23F0070343F00603F2
:106B7000A3830025AB466EE7042832D1B9F1020F9A
:106B80000BD04549404640F25D133A4619F01AFDD4
:106B900040F25D11384619F00EFDE38B5BB13F49C1
:106BA00040464FF4AF733A4619F00CFD4FF4AF7105
:106BB000384619F000FD23695B6800935BB93549DD
:106BC000404640F261133A4619F0FCFC40F2611174
:106BD000384619F0F0FCA38B23F0070343F00403BD
:106BE000C6E7052832D1B9F1010F0BD02C49404638
:106BF0004FF4B2733A4619F0E5FC4FF4B2713846DF
:106C000019F0D9FC23685BB92149404640F265136D
:106C10003A4619F0D7FC40F26511384619F0CBFC22
:106C200023699B6800935BB91A4940464FF4B473DB
:106C30003A4619F0C7FC4FF4B471384619F0BBFC62
:106C4000A38B23F0070343F0050391E70E4940F2BD
:106C50006B133A46404619F0B5FC002540F26B1123
:106C6000384619F0A8FC009584E70090F3E6054645
:106C70003BE700BFD8970400059804008E87040006
:106C80001C98040035970400D48B04005797040027
:106C900063970400869704009D970400B39704004F
:106CA000C29704004FF0010A43F0080304F11409ED
:106CB000A383484610F0B0FF68B9394A3949B9236F
:106CC000404619F07FFC3848494619F07BFC3448AF
:106CD000B92119F070FC019B83F31188BFF36F8F0A
:106CE000BAF1000F38D1002D49D1009B13B12F49C3
:106CF000204698474FF04003EFF3118B83F312883F
:106D0000BFF36F8F4846CDF804B010F077FF68B935
:106D1000234A27498E23404619F054FC254849460A
:106D200019F050FC1E488E2119F045FC484610F021
:106D300083FFA38B23F00803A383A38BDA0627D555
:106D400023F01003A3830121B4F81C9009F0070974
:106D500000297FF467AE43E6A1680029C3D0D1F8CB
:106D600000A04B6818EE102A1E4620465B46B0472E
:106D7000BAF1000FB7D05146DAF800A0F1E7294682
:106D800018EE102A5B4620462D6819F06EFAAAE725
:106D900013F020011EBF23F02003A3830221D3E7B9
:106DA000D8970400059804001C980400B96D0200EF
:106DB0003198040046980400F8B504460D4600F1E9
:106DC00014064FF04003EFF3118783F31288BFF3EB
:106DD0006F8F304610F012FF68B90C4A0C490D480D
:106DE0008E2319F0EFFB0C48314619F0EBFB0748F6
:106DF0008E2119F0E0FB304610F01EFFA5613A46E7
:106E000020460121BDE8F840FFF7D6BDD897040021
:106E1000319804008E870400469804002DE9F0475D
:106E200004460F4619F037FA051E5EDB04F114091B
:106E30004FF04003EFF3118A83F31288BFF36F8F93
:106E4000484610F0DBFE68B9384A394939488E2384
:106E500019F0B8FB3848494619F0B4FB33488E2185
:106E600019F0A9FB484610F0E7FEE38BA28B4FF622
:106E7000FF718B4202F0070650D0022E24D101335D
:106E8000E38335464FF00108484610F0C5FE68B967
:106E9000264A2A492748B92319F094FB284849462D
:106EA00019F090FB2148B92119F085FB8AF311886C
:106EB000BFF36F8FB8F1000F17D000233246394669
:106EC000204619F0D2F910E0930701D0062E0FD119
:106ED00000233B606368F3B9C4E900773546FEB927
:106EE000524602212046FFF767FD2846BDE8F0879D
:106EF000052E18D0012E0BD012490E48124A40F22E
:106F0000C91319F05FFB104840F2C91119F053FB87
:106F10006FF0040504E01F606760DFE76FF00A05AB
:106F20004FF00008B0E76FF08505F9E7D897040047
:106F3000319804008E8704004698040005980400E8
:106F40001C980400C297040035970400F8B50D465C
:106F5000002939D006680C1FA41BE70824F0070499
:106F600034446388DB070DD4184A19491948AC2307
:106F700019F028FB1848294619F024FB1348AC21C6
:106F800019F019FB3946304619F0B1F9384436F892
:106F90003030C01A87420DD00C4A10490D48B42336
:106FA00019F010FB0E48294619F00CFB0748B421D4
:106FB00019F001FB638823F00103638039463046F2
:106FC000BDE8F84019F052BAF8BD00BF5E98040061
:106FD0007F9804008E87040090980400C8980400ED
:106FE000EE9804004B422DE9F04703EA010731EA2D
:106FF0000303066814461FD0042F3D46B94628BF38
:107000000425CF1B07F1FF3A1AEA070F0ED03449C7
:10701000344A35484FF4A07319F0D4FA334819F0C4
:10702000D1FA30484FF4A07119F0C5FA7CB94FF08D
:1070300000094846BDE8F087042904D8BDE8F047B8
:10704000114619F045BA4FF000090425DAE7B36894
:10705000B3EBD40FEBD904F10B013944491BC90838
:10706000304619F09CF980460028E0D009F104056B
:1070700005EBC005354455447F422F40A7EB090975
:107080004C44A9F1040307349B1B24F00704A41B00
:10709000B0EBD30F4FEAD3074FEAE40408D201461E
:1070A0003A46304619F0C8F94146304619F024F9FD
:1070B0003946304619F01BF93844844208D2394623
:1070C0003046224619F0B8F92146304619F014F935
:1070D00006EBC706738843F001037380A9E700BF7E
:1070E0002A9904005E9804008E87040045990400E4
:1070F000B2F5802F2DE9F04180460C4616466BD341
:107100003E493F4A3F4840F2E31319F05BFA3E48DC
:1071100019F058FA40F2E311394819F04CFA043EDC
:10712000E51D264425F0070526F00706761B172ED9
:107130004FEAD6070ED83549314A324840F2F313A8
:1071400019F040FA324819F03DFA2D4840F2F31197
:1071500019F031FAB7FA87F4C8F80050C4F12008E2
:10716000C4F12404A40007340023E408EB60631C8A
:10717000BB42AF600ED92749214A22484FF4017320
:1071800019F020FA224819F01DFA1D484FF4017138
:1071900019F011FA05F1100303EB88080022984555
:1071A00029D1630043F001036B8005EBC4013B1B55
:1071B00058002A804880A91925F834404A80AB53EA
:1071C00005EBC70321465A8842F0010228465A803F
:1071D000BDE8F04119F090B8042AA0D80E49084A39
:1071E00008484FF4F57319F0EDF9094819F0EAF978
:1071F0004FF4F57190E743F8042BD0E7629904004F
:107200005E9804008E87040078990400C9990400F0
:10721000B0990400F29904008F990400F0B5094E6A
:10722000016802460A2700200C46013123789D5D43
:107230006D0701D41460F0BD07FB0033A3F13000EB
:10724000F2E700BF2FC304002DE9F84F15469A4618
:10725000D378224A13F802B06F2B80460F460BF00A
:10726000030B29D024D8582B14BF0A261026DDF88A
:1072700028903246002340463946D9F77FFC092A38
:10728000D4B21ED83034B045E4B277F1000309F827
:10729000014D01D3D14511D82B789B0605D5082E79
:1072A00015D1AB7843F00803AB704846BDE8F88FC2
:1072B00003F0F703702BD7E70826D8E780460F4680
:1072C000D7E7BBF1010F0CBF37345734DBE7102E83
:1072D000EBD1AB7843F01003E6E700BF2FC3040007
:1072E00008B54FF04002EFF3118382F31288BFF329
:1072F0006F8F02F0EBFB034818F081FF01F0C2FD35
:10730000FCE700BF239A04002DE9F7430F46064629
:107310000821C06ADFF8509019F0EEF93C68241A91
:1073200080463C6004EA0905AC4203D8002003B063
:10733000BDE8F08308236A462146304619F050F92B
:107340000028F4D16946304619F0E0F940B1BDF8A3
:107350000230BDF804203C6005EA090513441D44D1
:10736000A4EB0804E0E700BF0000FFFF2DE9F04FA9
:10737000044689B000F1140738461FF003F9A06AEB
:107380008368DB689847E06228B96FF015052846E6
:1073900009B0BDE8F08FA06A8368DB68984703688E
:1073A000013B1F2BF1D8A06A216805AA1EF00BFB38
:1073B0000028EAD1A589002DE7D0069BB5FBF3F2A2
:1073C00003FB1255002DE0D1E389012BDDD9E36ADF
:1073D000009593F804804FF0FF334FF0FF323846AA
:1073E00010F064FCE06A082119F086F9A946064607
:1073F000E3891FFA85FA534545D8E3894B4500F0E8
:10740000D38053450BD1009908234246891B20465F
:1074100019F01EF918B9E089694619F062F9694650
:107420002046FFF771FF0546002840F0BF80009B13
:10743000DFF8DC91636003EA0903A360D4E9011378
:1074400099420ED3082301AA204619F0C9F8C0B901
:1074500001AB13F8012B904540F0BE8001300828A5
:10746000F7D16368E0891B0C1B046946009319F08F
:1074700038F9A38900994246204619F0E9F8002816
:1074800026DA054692E0A1892B04891B13FA81F1C3
:10749000424608232046009119F0DAF878B1E089D5
:1074A000694619F01EF909F10109009908234246BD
:1074B00020461FFA89F919F0CBF800289DD0013534
:1074C00096E7BAF1000F00F09F806FF01C056DE0A9
:1074D00045D06368334400934FF6FF780099A38941
:1074E0008AB29B1B9A4215D36168204619F0D6F8E0
:1074F0000028C6D16368464AA18913400B44A3EB18
:10750000460363601340A360204619F0F4F9002895
:1075100040D0B6E7082303AA204619F061F80028F6
:10752000AFD103A9204619F0F1F838B1BDF80C30FD
:10753000434503D1BDF81030002B40D0009B3344AD
:107540000093CBE75B1A4246204619F081F80028E9
:1075500097DB08D0E26AA36812681344A360D4E9F9
:1075600001318B42EED86168A38901EB46029A4251
:10757000CDD1DFF89C80A36801EA08029342C6D00F
:10758000204619F08BF800287FF47BAF636803EA8C
:107590000803A360A089A388A0EB4606B34205D1E7
:1075A000204619F093F96CE76FF02C05384610F07F
:1075B00077FC002D7FF4EBAE01232374E7E66368CC
:1075C000E0891B0C1B046946009319F08AF80099A6
:1075D000204619F063F89AE701A9204619F096F8B9
:1075E000D4F804B080B1009ABDF808A0BDF8061028
:1075F000E06A02EA0902A260514419F07DF81044E1
:107600005845A0603FF45DAFABEB0603636015E740
:107610000000FFFF2DE9F04F1E46037C89B00446B1
:1076200089469046002B00F0B280C26A08211046BD
:1076300019F062F831468246104619F05DF8A389C8
:10764000A3EB8A039E42074600F2A4801EB1B8F164
:10765000000F00F09F806368039304AA03A92046EB
:10766000DDF80CB019F08AF8054600285AD1BDF8AB
:1076700010304B4505D06268039B9A42EDD1DEB9CC
:1076800050E004A9204619F041F80028F3D0BDF8D5
:10769000143086B19E420FD1BDF812004FEA1B4153
:1076A0000904014433464246204618F0A7FF00284B
:1076B00002DC054636E0ABB3002F37D104F1140AE3
:1076C0004FF0FF324FF0FF33504610F0EFFADFF883
:1076D000CCB0E3899D4257D0D4E90123F9188A42FE
:1076E00027D3ADF81A3006A8FF238DF81E30ADF869
:1076F0001890ADF81C6018F0EBFF3246414620466A
:1077000019F0C0F8034638B906A9204619F0CDF89B
:10771000002814BF034633460193504610F0C0FBC7
:10772000019B1D46284609B0BDE8F08F5744BFB203
:10773000C4E70821E06A18F0DFFF4FF6FF73ADF8E9
:1077400018300023ADF81C301318ADF81A3002EAD7
:107750000B03A28913441B1A636006A818F0B8FF34
:1077600006A9204619F0A1F8E089211D18F0B9FFFB
:10777000636803EA0B03A360204619F0BCF80346D4
:107780000028C9D10135A4E76FF01B03C4E76FF0EF
:107790000C05C7E76FF01505C4E700BF0000FFFF49
:1077A0000C4B1B6870B573B10B4A15680022AA42D6
:1077B00002DB6FF0010070BD1C4613F8106B8642AF
:1077C00004D00132F3E76FF00C00F4E70C60002006
:1077D000F1E700BF140700207C7A040070B588B080
:1077E00005460C46C0B269461646FFF7D9FF002889
:1077F0001FDB009BEBB15A6802929A682168D86837
:107800000195CDE903260022CDE9061205920FF07D
:107810005DFD0546009819F085F96DB128460849C7
:1078200001AA1EF0D4F8079808B9059B236008B098
:1078300070BD6FF01500FAE76FF01200F7E700BFB8
:10784000270B0400104B2DE9F0411C6805460E463D
:107850001746ACB14FF0FF324FF0FF330B4810F03A
:1078600025FA63683246D3F8088029463B4620460D
:10787000C0470446054810F013FB2046BDE8F081E0
:107880006FF00104F9E700BFBC370020D0130020DF
:1078900000230360044B5A6812B9C3E90000704723
:1078A00010605860704700BFB4370020014B18606B
:1078B000704700BFBC37002030B585B000230546B7
:1078C000CDE9023301904FF0FF330C484FF0FF3207
:1078D00010F0ECF90A4B1C6834B1636820461B6851
:1078E00001A998472468F7E7284600F09BF804466A
:1078F000024810F0D5FA204605B030BDD013002064
:10790000B43700201FB5CDE9010103924FF0FF33DA
:107910000A484FF0FF3210F0C9F9094B1C6834B126
:10792000636820461B6801A998472468F7E7034865
:1079300010F0B6FA002004B010BD00BFD013002034
:10794000B4370020024B0022C3E90022704700BF79
:10795000B4370020024B0022C3E90022FFF7F2BF38
:10796000C03700202DE9F74307460E4609B1002332
:107970000B60254CDFF8A480DFF8A4900025444577
:107980000CD92249224894234A4618F01BFE21486C
:1079900018F018FE9421484618F00DFE444510D307
:1079A0001D4B1C685CB301AA384654F8141C143CE7
:1079B00019F0DEF808B3CDB90EB1019B336025464E
:1079C0001BE0216801AA384619F0D2F860B125B948
:1079D0000EB1019B3360254606E02968206800222D
:1079E00019F0C6F80028F3D11434C8E729682068D4
:1079F000002219F0BDF80028DED16469D2E72846DC
:107A000003B0BDE8F08300BF00750400919A040044
:107A10008E870400B99A0400C037002078750400EE
:107A20005F9A04002DE9F041204C214FDFF894804B
:107A300006460025BC420CD91E491F48F423424685
:107A400018F0C0FD1D4818F0BDFDF421404618F0A7
:107A5000B2FDBC4208D31A4B1C6824B3143CAEB927
:107A6000E368DBB96469F8E71EB9E3684BB914341D
:107A7000E0E720680022314619F07AF80028F4D1B6
:107A8000F5E79847002D08BF0546F0E7206800227B
:107A9000314619F06DF80028E2D1E3E79847002D50
:107AA00008BF0546DEE72846BDE8F0810075040002
:107AB00078750400919A04008E870400B99A040036
:107AC000C03700205F9A040010B5064C23783BB9FC
:107AD000FFF740FF00F064F808B90123237010BDE0
:107AE0000020FCE72C5200202DE9F047048FDFF83E
:107AF000ACA0013498B080468946A4B200F10806D3
:107B0000651EADB2B5F5004F45D04A2305AA2946FA
:107B1000304619F000F804F57F543F34A4B207460C
:107B2000214601230DF10B02304618F0F4FF002F1F
:107B3000014603DC002803DC2C46E1E7002816DCC4
:107B4000B8F83830AB4209D142466B1E22F8383FB4
:107B50004FF4004102233046FFF75CFD29463046D2
:107B600018F07EFF2146304618F07AFFE4E718ABA4
:107B70001F44002307F84C3C5246CDF8009003AB5D
:107B800005A80396ADF8104019F028F80028D3D0C6
:107B900018B0BDE8F0870020FAE700BF3B0C0400F6
:107BA0007FB50123694606200193FFF7F9FD0446DE
:107BB000002836D102AA01A90620FFF70FFE10F116
:107BC000130F04462DD038B10C3405D0404080F35B
:107BD00011884FF0040002DF0399B1F5803F23D2F2
:107BE000009A002395681846084485429CB203D346
:107BF0000133082BF8D11C460D4D5368AB60284665
:107C0000D368EC82A982EB6319F0AEF8044640B960
:107C1000084E6E602846FFF73BFE28466E60FFF771
:107C200045FE204604B070BD6FF02004F9E700BFA8
:107C3000C8370020180700202DE9F84305464FF00B
:107C40004003EFF3118683F31288BFF36F8F22484E
:107C50000FF0D4FF68B9214A214922488E2318F039
:107C6000B1FC1D49204818F0ADFC1C488E2118F0CD
:107C7000A2FC19480FF0E0FF1C4B1C689CB11C4F84
:107C8000DFF878804FF00C09D4E90132002D08BFED
:107C900013462BB198F8142009FB02F2B85C984700
:107CA0002468002CF0D10C480FF0B6FF68B90B4ADD
:107CB00010490C48B92318F085FC07490E4818F004
:107CC00081FC0648B92118F076FC86F31188BFF3D1
:107CD0006F8FBDE8F88300BF0C380020D8970400F0
:107CE000319804008E870400469804001038002064
:107CF00018380020059804001C98040060450020F6
:107D000070B5084D084E2C68013C002C02DA0023A7
:107D10002B6070BD56F82400012119F06FF8013C6A
:107D2000F3E700BF08380020940D0020420901232A
:107D300000F01F0003FA00F0074BBFF35B8FC04356
:107D400003EB820353E8002F024043E8002100299F
:107D5000F8D1BFF35B8F70472438002038B51A4B39
:107D60001C7DBFF35B8F04F01F0301229A40174B69
:107D70006109D04303EB810353E8001F01EA0005CA
:107D800043E8005CBCF1000FF6D1BFF35B8F1142FA
:107D900013D00F4B0F4D8BB10C236343EA18E85CF3
:107DA000517819F03CFC0020FFF746FF0C235C43A0
:107DB0002A1900232B51C2E9013338BD83F31188FE
:107DC000BFF36F8FEFE700BF604500202838002029
:107DD0001F160400183800202DE9F74F664B674A3C
:107DE0001D7DBFF35B8F6B094FEA830A52F8233086
:107DF000634FBFF35B8F05F01F0943FA09F313F0DC
:107E0000010F06460AD10146284600F0D7F828B1EE
:107E100007C80C2303FB057383E807000C236B439F
:107E2000FA18FC5C34B92846FFF780FF204603B0FF
:107E3000BDE8F08F731C0FD0D2F808C05148524AE9
:107E40004FF4004400210023ECFB0401D8F796FE18
:107E50000121301A12F092FC0C236B434B4EFB5C59
:107E6000012B1DD0BFF35B8F56E8003F5A1E46E83A
:107E700000210029F8D1BFF35B8F012B10D101A89D
:107E80000FF016FADFF814810023C8F800301C2325
:107E90005843019B1C3803EB000B019A934535D2E4
:107EA00011F0A8F90120FFF7C7FEBFF35B8F012394
:107EB00003FA09F9364B9A445AE8003F43EA0903AA
:107EC0004AE80032002AF7D1BFF35B8F314B33B160
:107ED0000C236B43FA18F85C517819F094FBBFF34C
:107EE0005B8F56E8003F5A1C46E800210029F8D174
:107EF000BFF35B8F0BB9FFF703FFFFF72FFF284698
:107F0000FFF714FF012411F0ADFE8FE7584618F07B
:107F100057FFE8B9584618F067FFC8B9584618F037
:107F200059FF0446A0B90146584618F067FF10F102
:107F3000860F0DD020F02002783209D000280ADB0D
:107F4000D8F80020144B43F822B00132C8F80020C2
:107F5000ABF11C0BA1E7FFF7D3FE0C236B43FC54E2
:107F6000BFF35B8F56E8003F013346E80032002A3A
:107F7000F8D1BFF35B8F56E760450020243800201E
:107F8000183800203F420F0040420F002807002011
:107F90002838002007160400940D0020083800201F
:107FA000054BBFF35B8F53F82000BFF35B8F0038A6
:107FB00018BF0120704700BF2C3800202DE9F04F7A
:107FC00085B00F4603A900F047F8DFF88480DFF89A
:107FD00084A0013804B24FF0000B631C04D10026CA
:107FE000304605B0BDE8F08F039A04EB440302EB82
:107FF000830612F82300FFF7D3FF054610BB706815
:108000004FF40049C4462946E0FB09C152465B468D
:108010006046D8F7B3FD0190B068C4462946E0FB3E
:1080200009C15B4652466046D8F7A8FD074B1B685E
:10803000591C01D0834205D97A1CD1D0019B184428
:10804000B842CDD9013C24B2C7E700BF2C070020BD
:108050003F420F0040420F0008B9024B0B60002066
:10806000704700BF807A0400033038B520F0030564
:10807000742D09D917491848184A5B2318F0A2FA39
:1080800016485B2118F097FA154CD4F8503123B1FB
:10809000D4F858312B44742B19D9782101201EF0C3
:1080A0003DFC78B1D4F85421002303605AB9C4E9E7
:1080B0005400C4F85831D4F858311A1D1D441044E6
:1080C000C4F8585138BD1060C4F85401F1E7D4F831
:1080D0005401F0E7039B04008E870400D89A040043
:1080E000483800200A48BFF35B8F00F59C7353E8C3
:1080F000002F42F0020243E800210029F7D1BFF32C
:108100005B8FD0F85C311B680BB141681847704732
:10811000483800202DE9F041154CD4F83431222B99
:108120000546884603D900263046BDE8F08103683D
:108130001B78022B9ABF0F4AD75C0027C819FFF79C
:1081400093FF0028EFD0D4F8343129685A1C033348
:10815000DB001E1DC4F8342126441C442B8A2381D5
:10816000AB7CA372404460603A461EF006FCDBE73D
:1081700048380020259D040037B5044690B10378A7
:10818000022B9ABF084AD25C002210460192FFF7E8
:108190006BFF054618B1019A21461EF0EEFB2846FA
:1081A00003B030BD0546FAE7259D04002DE9F341F3
:1081B0007B4D2B6883420C4605D06FF00D0128469D
:1081C00018F09FFE2EE0137C032B00F0AC8011D83A
:1081D000022B23D1734A744974484FF4E97318F0A1
:1081E000F1F9734818F0EEF96E484FF4E97118F0A0
:1081F000E2F917E0052BEDD1002974D1D5F834311F
:10820000012B60D92B8C01332B8205F1080103234C
:108210002B7606F0BDFD014620B1D0E721B92846F6
:1082200018F085FE002074E0CF6820460821FFF793
:1082300071FF4FF0000806464FF4205320688DF878
:1082400000806946ADF8023019F046FAB0B142F646
:10825000010320688DF8048001A9ADF8063019F0FB
:108260003BFA58B1534951484E4A40F2271318F08F
:10827000A9F94C4840F2271118F09DF91EB96FF08A
:108280000B0147489CE7304618F065FE044658B994
:1082900049494648434A40F23B1318F093F9414894
:1082A00040F23B1118F087F93B6823607B68206837
:1082B0006360FFF761FF20600028E0D0A288B388E8
:1082C000EA829A4202D1FFF70DFFABE70022AA60D3
:1082D00001330522394928682A762B8206F058FD99
:1082E00000289FD0CBE7002542F6030320688DF8D5
:1082F000045001A9ADF8063019F0EEF960B9082173
:108300002046FFF707FF044618F045FE2368036088
:10831000012002B0BDE8F08129462046FFF7FAFEB1
:108320000028F5D1ABE70029CDD000238DF804302B
:10833000206842F6030301A9ADF8063019F0CCF924
:1083400058B11F491948174A4FF4CE7318F03AF93B
:1083500014484FF4CE7118F02EF9218A104818F005
:108360008BFD10B96FF002018BE7E56818F013FE82
:10837000044658B913490D480A4A4FF4D47318F00B
:1083800021F908484FF4D47118F015F92B682360CF
:108390006B6820686360FFF7EFFE2060C0E700BFF6
:1083A00048380020D89A0400D48B04008E8704003B
:1083B0000F9D0400539B0400549C0400503800207F
:1083C000739C0400F29C04002DE9F047DFF84C8018
:1083D000DFF84C90DFF84CA006460F4600242146FB
:1083E000304618F0F0FD0446A8B118F0D4FD05465B
:1083F00058B94946504640F21A23424618F0E2F86E
:1084000040F21A21404618F0D6F82968384619F08B
:1084100063F90028E3D12046BDE8F087D89A04002C
:10842000FB9C04008E87040070B5064619B10878DD
:1084300010F0FD0F47D1002A45D0BFF35B8F254CCC
:1084400004F59C7050E8005F45F0010C40E800CE58
:10845000BEF1000FF6D1BFF35B8F15F0010535D1EA
:108460000029C4E9006314BF01230023C4E9545563
:10847000C4F85C21C4F83451C4F8585184F8603110
:108480000AD00B781448022B96BF144A2A46D25CB5
:1084900028231EF080FA1049114BE3600123238248
:1084A0004FF6FF73A160E3820E4900233046237626
:1084B00006F06EFC044620B10B486FF0010118F085
:1084C00011FD204670BD6FF01504FAE76FF07704D8
:1084D000F7E700BF4838002084390020259D0400BC
:1084E000AD810200503800208039002070B5064C64
:1084F0000FCC86B001AD0FC501AD0FCD2668034C82
:108500000FC4266006B070BDE0750400FC39002081
:10851000034B04494FF0C872C3E91912704700BFFA
:10852000AC390020180028002DE9F04F294C8BB001
:1085300094F82130009106460392002B3CD04B78F2
:1085400094F849B094F820A0019300273D46574580
:108550000ED386F83C50BBF1000F2BD0AA452BD18F
:10856000737801337370012386F83430B37023E0DD
:10857000009B039A5B680293174B13F802804FF03D
:108580000009019B994505D3BBF1000FE1D10137EB
:108590001834DCE7029B424603EB090105A819F0F9
:1085A000C9F80028F0D0A16805A819F095F830B1F5
:1085B000C144E6E7002DD3D10BB0BDE8F08F06EB48
:1085C0008502A16891630135EDB2BBF1000FDED1E8
:1085D000BFE700BFAC390020289D04002DE9F0471B
:1085E0000378072B06460C460DD8052B10D8032B15
:1085F00003D8012B09D9002200E001223146204690
:10860000FFF792FF01E0FF2B04D00120BDE8F087C7
:108610000222F3E7DFF8548098F84830002BF4D0BA
:1086200098F847A0474600255545EED297F84620D2
:108630007378934217D307F12609716848461EF0F4
:108640008CF980B905EB45154544C4F84C9095F874
:10865000463084F85030637801336370012384F826
:108660004830A370D1E701352137DDE7AC39002070
:10867000F8B5094B1C6805460E46174654B154F828
:10868000043C1B68043C1BB13A46314628469847D7
:108690006468F3E7F8BD00BF183A002050B100232A
:1086A0004360054B5968021D11B9C3E900227047A8
:1086B0000A605A60704700BF183A0020F8B50546B6
:1086C0000C4600295CD04FF0FF324FF0FF332E48AC
:1086D0000FF0ECFA052D50D8DFE805F04C4C4C03B8
:1086E0004C352A4B93F82020002A43D12278012AC6
:1086F00011D0022A16D0002A3FD12068D86003F199
:108700000C029A60012283F8202000251E480FF0F9
:10871000C7FB2846F8BD94E8030003F10C0282E889
:108720000300EEE703F10C0204F11007164620687F
:108730006168154603C50834BC422A46F7D1217842
:1087400029709E60DEE7114E96F8475095B9227960
:10875000531E1F2B11D84623216806F126001EF058
:108760001AF9237986F8463096F84730013386F8AF
:108770004730CBE76FF00B05C8E76FF01505C5E78D
:108780006FF01505C5E700BFBC130020AC39002011
:1087900010B50C4C4FF0FF324FF0FF3320460FF076
:1087A00085FA094B00221A709A701A7183F82020FA
:1087B00083F8242083F847202046BDE810400FF0BE
:1087C0006FBB00BFBC130020AC390020054B00225A
:1087D0005A70DA705A7183F8212083F8252083F8C3
:1087E00048207047AC39002008B5830622D0FFF737
:1087F000EDFF124B10F0020F1CBF01225A71C2078D
:1088000044BF01225A70C20644BF0122DA704207F7
:1088100044BF012283F82120020744BF012283F8CC
:108820002520820644BF012283F8482083F849109E
:10883000002008BD6FF01500FBE700BFAC39002039
:10884000E8B1104B5A7942711A7982715A784270A4
:108850001A788270DA78C2709A78027193F82120BF
:10886000C27193F82020027293F82520427293F887
:108870002420827293F847300373002070476FF012
:1088800015007047AC39002070B586B00E4605461D
:1088900018F00EFC154B0FCB02AC84E80F0001ABB7
:1088A0002146134A304603F0AFFF124B08351C68CF
:1088B00048B164B154F8043C9B68043C0BB12846B1
:1088C00098476468F5E724B9019803F043FC06B0C3
:1088D00070BD019E54F8043CDB68043C13B1314682
:1088E000284698476468002CF4D1EDE7F47504003D
:1088F000103A0020183A00202DE9F041324D96B090
:1089000006460C465422002101A81EF057F895F89F
:1089100049308DF8073095F8213013B101238DF8D7
:10892000043095F8483023B19DF8043001338DF8B8
:108930000430337A204603F001038DF808301CF030
:10894000C5FC2249B4F80480074601AA204619F064
:108950008FFA1F4BA068A4F80480CDE904349DF879
:108960000730039610FA87F727603468ABB19DF89B
:1089700005209DF804309A4213D19DF8082006A9DD
:1089800003A8FFF775FE95F84C301BB1214601A8EE
:10899000FFF77AFF16B0BDE8F0819DF80630002B96
:1089A000EBD10C4B1C68002CF4D09DF8085054F807
:1089B000043C5B68043C13B1294603A898476468EB
:1089C000002CF4D1E6E700BFAC390020DD850200C1
:1089D000103A0020183A002070B5154C064615488C
:1089E00003F0CCF84C22002120461DF0E7FFBEB179
:1089F0003568337984F84C305DB10FCD50340FC4F5
:108A00002B682360B2683AB10B4B1068516803C3FE
:108A100070BDFFF76BFDF5E7BDE87040FFF778BD6F
:108A2000FFF764FDFFF774FD84F84C60F0E700BFCA
:108A3000AC39002030070020103A002008B101288E
:108A400006D1054B002183F85000044802F0F4BF22
:108A50006FF01500704700BFAC390020FC390020D2
:108A60002DE9F04397B00C46054618F0AAFA18F025
:108A700072FA4B4BD0F800C011AA03F1100E174642
:108A800018685968164603C6083373453246F7D14D
:108A90001B7833703946604618F01EFE064628B132
:108AA0006FF08506304617B0BDE8F0834FF0FF3316
:108AB000A360A3813B4B02AA03F1100996461868F4
:108AC00059689446ACE8030008334B456246F6D13A
:108AD0001B788CF8003071462846FFF775FC8046FD
:108AE00010B96FF01506DDE70DF11C0C2D4B624639
:108AF00018685968E646AEE8030008334B45F4466B
:108B0000F6D11B788EF800304146284618F0A6FAB8
:108B10000028E6D08388638100238DF8043001AA01
:108B200042F6021341462846ADF8063018F096FA90
:108B30000028D6D08388A3811B4B0CAA03F1100810
:108B40009646186859689446ACE8030008334345D4
:108B50006246F6D11B788CF8003071462846FFF744
:108B600033FC84460028BCD00F4B3A46186859683D
:108B70009646AEE80300083343457246F6D11B78AB
:108B80008EF800303A466146284618F067FA002809
:108B9000A7D083882381284618F011FA206081E746
:108BA0005E7604006F7604008076040010B5041D24
:108BB000BFF35B8F54E8003F43F0020244E800211A
:108BC0000029F7D1BFF35B8F9B0728D4154B0361B6
:108BD00001238383438903838389438300F1200333
:108BE000BFF35B8F53E8002F42F0010243E80021FE
:108BF0000029F7D1BFF35B8F00F11001006806F088
:108C000021FB58B1BFF35B8F54E8003F23F0020310
:108C100044E80032002AF7D1BFF35B8F10BD6FF03C
:108C20007700FBE7B51004000449431E0F3013F82A
:108C3000012F8A5C1A708342F9D170472B9D040082
:108C4000F0B5264E07460C460FCE8DB001AD0FC5D0
:108C50000FCE0FC596E8070085E807003846002FBD
:108C600038D0002C38D0381F2146024610344B78BB
:108C70000D781B0443EA0563CD782B438D780431CE
:108C800043EA05238C4242F8043FF0D1144C0421FE
:108C90008A07036916D1C3F30742A55C1A0EA25CCA
:108CA00042EA0562C3F30725DBB2655DE35C42EA95
:108CB000054242EA03220CAD21F003032B4453F892
:108CC0002C3C534050F8042F013153402C290361B0
:108CD000DED101200DB0F0BD2046FBE70476040094
:108CE0002B9D0400014814F0E5BC00BF807A04000D
:108CF00010B5044618B90D4B0D485B68984761687C
:108D000008290DD031F004030AD011F0020108D077
:108D1000084821460EF0D2FD002323600023636043
:108D200010BD206814221DF049FEF7E7540C002006
:108D30002B9E0400203A002008B508B34368042B9A
:108D400010D101220368BFF35B8F53E8001F002995
:108D500003D143E800200028F7D1BFF35B8F0BD18C
:108D6000002008BD53B100684FF0FF324FF0FF33D1
:108D70000EF09CFF0028F3D00348F2E70348F0E729
:108D80006FF4E040EDE700BFE98FFFFFEA8FFFFFE0
:108D900008B5D0B14368042B11D100220368BFF39A
:108DA0005B8F53E8001F012903D143E8002000280E
:108DB000F7D1BFF35B8F074808BF104608BD3BB132
:108DC00000680FF06DF80020F8E76FF4E040F5E779
:108DD0000148F3E7E98FFFFFEA8FFFFF10B5044674
:108DE00018B9164B16485B6898476368042B23D064
:108DF000082B21D0CBB92368BBB912484FF0FF3202
:108E00004FF0FF3321460EF0EDFC08B923681BB983
:108E10000A4B0D485B6898472068142200211DF01A
:108E2000CDFD636843F00203636020681DF0AAFB78
:108E3000636843F00103636010BD00BF540C002061
:108E40002B9E0400203A0020519E040008B50649DC
:108E50000648402314221DF05FFBBDE8084004498A
:108E6000044814F0DDBC00BF403A0020203A002046
:108E7000987A0400887A0400014910220A60704739
:108E800010ED00E072B6404080F31188BFF36F8FA1
:108E9000BFF34F8F30BF62B6BFF36F8F704700BF15
:108EA00072B6494081F3118820BF80F3118862B601
:108EB000704700BF43B2002B08DB012200F01F0007
:108EC00002FA00F05B09024A42F82300704700BF33
:108ED00000E100E043B2002B0DDB01225B0900F052
:108EE0001F0002FA00F02033034A42F82300BFF3C8
:108EF0004F8FBFF36F8F704700E100E0054B4209D1
:108F000000F01F0053F82220012303FA00F0104064
:108F1000704700BF00E100E0D30770B505460E467C
:108F200025D48C1C072C0FD9124A134913485723F8
:108F300017F048FB1248314606232A4617F042FB39
:108F40000C48572117F037FB6BB2002BACBF03F175
:108F500060430C4B4FEA4414B8BF05F00F05E4B270
:108F6000AABF03F561435C5583F8004370BD00243C
:108F7000EAE700BF7E9E0400B49E04008E870400D2
:108F8000CF9E040014ED00E008B572B6044B9A6958
:108F90001AB100229A611DF0E6FA62B608BD00BF60
:108FA0006045002030BFFFF7FDBF00BF144A08B581
:108FB000144B22F07F029A60BFF34F8FBFF36F8F85
:108FC000D3F8882022F47002C3F88820D3F88820D0
:108FD00042F4A002C3F888204FF04042C3F8342284
:108FE000BFF34F8FBFF36F8F0023E1EE103A0EF007
:108FF000EBF911F001FA00F0A7FA0EF025FA00BF24
:109000000000000000ED00E0094A0A499368096881
:10901000D967094998674B6843F080534B60002338
:1090200083F31188BFF36F8F9368D86F704700BFC9
:1090300060450020A482040000ED00E021498A6818
:1090400082F8C1E04FF030001044EFF3098C80E863
:10905000F01F1EF0100F03D102F1800080EC108A87
:10906000402080F31288BFF36F8F174F4FF00066D8
:10907000CA698A603E6092F9C1E0906F00239367ED
:1090800080F311881EF0100F03D00023E1EE103A98
:1090900003E002F1800090EC108AEFF3148323F0D8
:1090A000040383F31488BFF36F8F04B5104600F0F8
:1090B000E7FABDE8044002F1300090E8F01F8CF3BD
:1090C000098870476045002004ED00E01EF0040FA1
:1090D0000CBFEFF30880EFF30980816911F8021CDF
:1090E0000229FFD001B518F05DFA01BD017B10B572
:1090F00011F0020405D0816E60318166C16E603965
:10910000C16642F8203C029B42F81C3C0F49039B7D
:1091100042F8183C049B42F8143C21F001014FF046
:10912000807342F8043C42F8081C0023203A026590
:109130008367C0F8C0301CB9FD2380F8C13010BD72
:109140004FF60853C0F8C030F9E700BFDB02040057
:1091500030B5017BD0F8C030174A11F0020F03F090
:10916000080503D190F8C140E40613D4546B44F0D1
:10917000804454634DB943F00803C0F8C030836E97
:1091800060338366C36E603BC36641F002010173C6
:10919000802030BD516B21F0804151634DB123F0EF
:1091A0000803C0F8C030836E603B8366C36E6033D3
:1091B000C3662020EDE700BF00EF00E00D4B024644
:1091C000986810B590B1D0F8C030806E13F0080FD9
:1091D00014BF8024202412F1160F04D0031B9342E5
:1091E00005D8824203D2814228BF002010BD002052
:1091F000FCE700BF6045002008B514460D4600227C
:10920000E1EE102AEFF3148222F0040282F31488B4
:10921000BFF36F8FBFF36F8F084A906000F030FA92
:10922000204685F30988002163B681F31188BFF3D6
:109230006F8F0022002317F050F800BF6045002018
:1092400001B572B60B4A906900281EBF00219161DA
:109250001DF089F962B6EFF30580A0F110004FEA26
:10926000C0000549014409C99847BDE801400349C8
:1092700008470000604500204C7304008192020002
:10928000044B9968D869884203D003494FF0805253
:109290000A6070476045002004ED00E0264B70B581
:1092A00015469A6A9A6A9A6A9207044621D5586BBB
:1092B0009A6A16061DD519B19A6A22F080029A623E
:1092C0009A6A9A6A9A6AD10616D49B6A9A0713D444
:1092D0000024194B9A6A920642BF5A6A22F400523D
:1092E0005A629A6A42F0FF029A6200232B7020466B
:1092F00070BD6FF01500E3E70F4E73681B05E7D5EF
:109300002146FFF75BFF044618B180F30988022469
:10931000DFE7B36AD906DBD5084A0949094840F2B4
:10932000491317F04FF9084817F04CF9034840F279
:10933000491117F040F9CCE700ED00E00F9F040061
:10934000499F04008E870400939F04000D4B9A6A86
:109350009A6A9A6A920508D59A6B9A6A120404D599
:1093600018B19A6A22F400429A62064B9A6A9A6A83
:10937000D20558BF9A6A9A6A002042F47F429A62E4
:109380000870704700ED00E070B55E4B5C689CB003
:10939000C4F30804002686F31188BFF36F8F02F030
:1093A0007F43B3F17F4F09D102F00C03082B05D0A6
:1093B00015074EBF0D46054601267DB9524A534951
:1093C000534840F2FB3317F0FDF8524817F0FAF813
:1093D0004D4840F2FB3117F0EEF8002500238DF8E0
:1093E0000730E31E032B00F28680DFE803F0026FF4
:1093F0007377444BDC6A14F002047CD1DA6A002AE9
:109400000ADBDA6A520054D5AA6932F8021C4DF61A
:109410000272914219D12C689DF807309BB96822DD
:10942000294602A81DF0A9FA099B002E65D0C3F3B6
:10943000080222B96FEA53236FEA4323099302A972
:10944000204618F0ADF81CB070BD93F828203AB152
:109450000DF1070201212846FFF720FF0446DBE754
:1094600093F829202AB10DF107010120FFF76EFFC3
:10947000F4E75A8D92B262B19A6A9A6A9A6A9A6AC3
:109480009A6A9A6A9A6A6FEA02426FEA12429A628A
:10949000C2E721491C4A1E4840F2CD2317F092F83A
:1094A0001E4817F08FF840F2CD21174817F083F8C7
:1094B000B2E71949144A164840F2D12317F082F84E
:1094C000174817F07FF840F2D121EEE70DF10702BF
:1094D0000021C0E70DF107010020C7E7094B9A6A98
:1094E0009A6A9A6A9A6A9A6A9A6A9A6A6FEA0242C7
:1094F0006FEA12429A6200248EE723F4FF7323F08E
:1095000001039BE700ED00E00F9F0400B69F0400FD
:109510008E870400C99F0400D48B040007A00400B8
:109520002BA00400024A536943F0100353617047B3
:1095300000ED00E0EFF30880EFF3098101B572461A
:10954000FFF722FF01BD00BF044800234021C218DD
:109550000133302B82F80013F9D1704700E100E0AD
:10956000002080F31488BFF36F8F1DF0A3FD00204F
:109570000D490860BFF34F8F0C4880F3088800F056
:109580002BF8402080F3118809484FF402614018FD
:1095900080F30988EFF314800221084380F31488D4
:1095A000BFF36F8FFFF702FD94ED00E000B20020E3
:1095B00000BB00200749D1F890200023C2F3072206
:1095C0001846934200D17047C1F89830C1F8A00006
:1095D0000133F6E700ED00E008B572B6002383F32F
:1095E0001388FFF7E7FF144B4FF0FF32C3F88020DA
:1095F000C3F88420C3F88820C3F88C20C3F89020D7
:10960000C3F89420C3F89820C3F89C20C3F88021A5
:10961000C3F88421C3F88821C3F88C21C3F89021B2
:10962000C3F89421C3F89821C3F89C2162B6BFF314
:109630004F8FBFF36F8F08BD00E100E0084B9B68C0
:1096400083420BD1EFF3058343B1064B5A6842F0D6
:1096500080525A605A6A22F400425A6210F0AEBD3B
:109660006045002000ED00E0024B034A0348012161
:1096700000F074B80000042000000020AC7A040060
:1096800010B50446FFF764FDA26E064B121AC3E93B
:109690000020054A9A60BDE810400121184600F0FC
:1096A00085B800BF403F002000000B15F0B51F4FEC
:1096B00000268E4201DB1046F0BD44689CB353B1D6
:1096C00004F1FF3C14EA0C0F18D11F2C16D90568C1
:1096D0001CEA050F12D1202C0568D0F808C0D2B2C0
:1096E0000FD9B4F1004F0ED8013CB4FA84F4C4F1A0
:1096F0001F046400072A4CEA040406D96FF015021F
:10970000D9E70824F6E73E24F4E725F01F051543C2
:1097100045F0100544F00104C7F89820C7F89C50A4
:109720000132C7F8A04001360C30C2E700ED00E07E
:10973000044B0522C3F89420BFF34F8FBFF36F8F04
:10974000704700BF00ED00E0BFF35F8F024B0022C7
:10975000C3F89420704700BF00ED00E038B50E4D0F
:1097600001232A78FFF7A2FF287016300C4611D18A
:1097700040F21113094A0A490A4816F023FF21460C
:10978000094816F01FFFBDE83840044840F21111A7
:1097900016F011BF38BD00BF2D5200205BA00400A1
:1097A000D48B04008E87040092A0040010B5124AE6
:1097B00000231278FFF77AFF10F1160F0C4609D03C
:1097C0000E4A072800DD10BDC2F89800C2F8A0308C
:1097D0000130F6E70A4A0B490B484FF4987316F02C
:1097E000F1FE2146094816F0EDFEBDE810400448A0
:1097F0004FF4987116F0DFBE2D52002000ED00E00E
:109800005BA00400D48B04008E870400BEA004007B
:10981000274910B50C68082C13D94FF4A473254AB6
:109820002549264816F0CEFE25480822214616F086
:10983000C9FE20484FF4A47116F0BDFE4FF0FF3072
:1098400010BDFFF781FF48681E490022944200F1D5
:109850000C001AD11C4B1C70FFF76AFFD1F8903036
:10986000C3F30723082B0ED01849124A13484FF4AC
:10987000D47316F0A7FE164816F0A4FE0D484FF458
:10988000D47116F098FE0020DAE7C1F8982050F85D
:109890000C3C23F01F03134343F01003C1F89C302A
:1098A00050F8043C43F00103C1F8A0300132CDE789
:1098B000B87A04005BA00400D48B04008E870400F7
:1098C000EBA0040000ED00E02D5200201FA10400D9
:1098D0006FA1040008B50B4BC3F1005303F58023BF
:1098E000B3F5006F0CD20849084A0948812316F0E5
:1098F00069FE084816F066FE0448812116F05BFEFA
:10990000002008BD3DEE0020C0A1040090A104008D
:109910008E87040007A20400014B1860704700BF47
:1099200060070020F8B5084F06460D460024AC42FB
:1099300008DA3B6898470A28305504F1010401D041
:109940000D28F4D12046F8BD5C070020F8B50A4F79
:109950000D46461EC0F10104A3199D4201DC2846B4
:10996000F8BD73780A2B02D13B680D2098473B68FD
:1099700016F8010F9847EFE76007002008B5024886
:109980000521FFF7E3FFFEE78EA2040010B5074CA8
:109990002368C2180648C0F1005101F580218A42AF
:1099A0003ABFC01822604FF0FF3010BD4C3F00207E
:1099B0003DEE002010B5044658B912491248134A2A
:1099C00040F2771316F0FEFD104840F2771116F0C2
:1099D000F2FD142012F0FCF9206070B90C490B4A1A
:1099E000094840F27F1316F0EDFD0A4816F0EAFD33
:1099F000064840F27F1116F0DEFD2068BDE81040F9
:109A00001CF0C0BD95A204008E87040090A1040044
:109A100094A20400D0A2040010B5044658B90A4923
:109A20000A480B4A4FF4D27316F0CCFD08484FF4A5
:109A3000D27116F0C0FD4FF0FF3220464FF0FF33D9
:109A4000BDE810400EF032B995A204008E870400E4
:109A500090A1040010B5044658B908490848094ABD
:109A60004FF4E07316F0AEFD06484FF4E07116F0C7
:109A7000A2FD2046BDE810400EF012BA95A20400E7
:109A80008E87040090A1040008B51D210448FFF74B
:109A90005DFF404080F311884FF0030002DF00BFFC
:109AA000F3A204004FF04002EFF3118382F3128817
:109AB000BFF36F8F044A0121C2F8401583F3118868
:109AC000BFF36F8F0020704700E001404FF08043EC
:109AD000C0B2C3F81C05BFF34F8F0549054BCA68D8
:109AE00002F4E0621343CB60BFF34F8F00BFFDE78A
:109AF00000ED00E00400FA0520B1034B800143F0C3
:109B000001031847704700BFE0760400034904488A
:109B1000CA79C2EBC202FDF795BE00BF5004002017
:109B200020A304002DE9F3411C4EBFF35B8F984640
:109B30003368BFF35B8F1746DA07044604D400246A
:109B4000204602B0BDE8F08110B96FF00104F7E7DC
:109B500001A917F02DF81249024620461DF054F8CD
:109B600004460028F1D1BFF35B8F3368BFF35B8FEE
:109B70001B07E4D4A6F18805072229464046B847CA
:109B8000062895BF46F8884C0723C5F80340B0FB6C
:109B9000F3F094BFEC71E871D2E700BFD804002065
:109BA000309104002DE9F04188B09C79DDF83880CF
:109BB0005D791E79DF7893F802C093F801E01B7895
:109BC000B8F1000F0ED0CDE90638CDE904CE13462A
:109BD000CDE90267CDE90045084A16F01DFB08B043
:109BE000BDE8F081CDE905E3CDE9037C1346CDE97D
:109BF0000156034A009416F00FFBF0E726A3040079
:109C00004AA3040001480EF059BF00BF64070020BA
:109C100070B51B4CBFF35B8F2368BFF35B8F13F0F2
:109C2000010F254601D1002028E014F8813CA4F161
:109C30008806CBB1BFF35B8F2368BFF35B8F5A07F6
:109C400001D400F0C1FEBFF35B8F55E8003F23F461
:109C5000004245E800210029F7D1BFF35B8F1B04C8
:109C6000E1D5FFF7CFFFDEE701F0BEF930B9F379B8
:109C7000002BDFD101F0FCF90028DBD070BD00BF64
:109C8000D80400200378012B30B513D0022B27D045
:109C90007BB9194B0A4603F1100453F8045B42F8F0
:109CA000045BA342F9D11B78137043884B731B0AE2
:109CB0008B7330BD104B0A4603F1100453F8045B5C
:109CC00042F8045BA342F9D11B78137043684B73CD
:109CD000C3F307221B0CCB731B0A8A730B74E8E7D0
:109CE00000F1100350F8042B41F8042B9842F9D1ED
:109CF00003780B70DDE700BF6EA3040070B51C464F
:109D000000F0FD03012B054616460ED005280CD0A9
:109D10000D490E4A0E48412316F054FC0D4816F02A
:109D200051FC0A48412116F046FC23460A483246B7
:109D30001BF0B1FA044620B10021083007F0B4FA54
:109D40002575204670BD00BFAEA304007FA30400AC
:109D50008E870400F3A30400481500200B460B492E
:109D60000246D1F8F80010B520B9BDE81040012036
:109D7000FFF7C4BF07F03EFC01230021037581817A
:109D80000446083007F090FA204610BD5004002029
:109D900070B504460F2C0D461046194605D80D2CFB
:109DA00012D9BDE87040FFF7D9BF132C0CD10B4876
:109DB0001BF071FA044628B10021083007F074FA4C
:109DC00001232375204670BD02460B460DB10448A1
:109DD000EEE7BDE870400120FFF790BF7C15002042
:109DE000AC140020F8B506460F4602F0B9FC044654
:109DF000F8B93946304607F059F8054610B12846FB
:109E000007F064F83946304605F01CFC144B1B681B
:109E100023B353F80C4904B10C3C9B6813B1394689
:109E200030469847D4B1E26802B10C3A2346144652
:109E3000F3E78378012B4FF0000304BFD0F8BC5048
:109E4000C0F8BC304FF0130118BF1D4618F041FB9D
:109E5000204602F07FF9002DD1D1CAE7F8BD00BF3E
:109E6000883F002038B583681A78AAB9B3F8014052
:109E7000204602F0A3F9054678B90C4B1A8822B99E
:109E80006FEA04526FEA12521A805A8822B96FEAB6
:109E900004546FEA14545C8038BD012102F096F935
:109EA0002846BDE8384002F055B900BF9850002060
:109EB00010B501210446083007F064FC2146034A2E
:109EC0000078BDE810400F2317F074BC087B040035
:109ED00070B53C4807F088FA0446002871D0037D2D
:109EE000012B3FD0032B1FD18389032B0CD8364A7B
:109EF0003649374840F2D91316F064FB404080F3EE
:109F000011884FF0030002DF042104F1080007F07C
:109F100039FCFF22438806886275A289C6F30B00CC
:109F20009A42E08203D0204607F01EFB0FE002F0C9
:109F300045F905460028F6D002F020FA320B60758C
:109F40002146284618F0A4F9284602F003F9214BCF
:109F5000D3F8FC30002B34D0BDE870401E491F48B8
:109F60000EF042BD8389012B0CD8174A17491848B7
:109F700040F6371316F026FB404080F311884FF06F
:109F8000030002DF022104F1080007F0FBFB054695
:109F9000007817F0FDFB83070CD40B4A10490C48DE
:109FA00040F63B1316F00EFB404080F311884FF053
:109FB000030002DF0B4A28780623214617F0FAFB3C
:109FC000B1E770BD4C05002013A4040047A40400B1
:109FD0008E87040050040020C40700205029002070
:109FE00060A40400907B0400F8B5074690790E4603
:109FF000144606F0B3FF284B83424BD1204606F0AF
:10A00000B5FF264D0C2303FB00504388BB4241D1D2
:10A01000234FD7F8F80020B107F0A6FA0023C7F8BD
:10A02000F830204606F0A2FF0C2707FB00504368DB
:10A030009BB196B9204606F099FF07FB005001211D
:10A040004268D2E90003127A03F01F07B9405B09A6
:10A05000D2B100EB830017F0DBFB204606F086FF51
:10A060000C2707FB00508368A3B1204606F07EFF53
:10A0700078432E54204606F079FF07FB0050806895
:10A08000BDE8F8400EF034B9C94300EB830017F087
:10A0900053FCE2E7F8BD00BF14150020503F00203C
:10A0A0005004002038B504210446083007F06AFB4C
:10A0B0004578017840882246FFF796FF25B103488E
:10A0C000BDE838400EF014B938BD00BF300500209F
:10A0D00038B503210446083007F054FBA36805781F
:10A0E0001978B0F801002246FFF77EFF25B103483A
:10A0F000BDE838400EF0FCB838BD00BF3005002088
:10A1000010B5C1E900239DF808300B720C4606F02B
:10A110002DFF034B0C2202FB0030446010BD00BF3A
:10A12000503F00202DE9F0474FF0FF3206464FF038
:10A13000FF331D480F461BF0AEF8044648B91B49D3
:10A140001B481C4AED2316F03DFA1A48ED2116F083
:10A1500032FA04F1080A00214FF00008504607F0D7
:10A16000A3F884F81480204606F000FF124D4FF04B
:10A170000C0909FB00504680204606F0F7FE09FB5B
:10A180000050C0F80880204606F0F0FE09FB00559C
:10A190000321C5F80480504607F016FB877006803F
:10A1A0002046BDE8F08700BF141500208EA40400EF
:10A1B0008E87040013A40400503F0020F0B515461C
:10A1C00087B00C4621B9FFF7ADFF0446002848D000
:10A1D0000122002168461CF00AFA204606F0C6FE5D
:10A1E000214F0C2303FB0070C0F808D0204607F075
:10A1F00001FA01461D4807F083F94FF4A02200231D
:10A2000068460EF0B9F8064680B1194A19491A484D
:10A2100040F2351316F0D6F91848314616F0D2F947
:10A22000404080F311884FF0030002DF204606F023
:10A230009DFE0C2358433E5C56B1204607F094F92E
:10A24000092E0CBF6FF06E006FF0040007B0F0BD78
:10A2500015B12C603046F9E7204607F085F928460D
:10A26000F4E76FF06800F1E7503F0020540500204C
:10A2700013A4040092A404008E8704009BA404008D
:10A280000138C0B202289ABF014B185C0020704709
:10A29000E7A404002DE9F04387B004460DF10B015B
:10A2A000002000F011FF0646002840F08780DFF80C
:10A2B0002481D8F8083083F00201C1F3400103F093
:10A2C0000103194409010A3101F0FE0142F2430081
:10A2D000FFF728FF0746002877D000F108090A2178
:10A2E000484607F071FA06604660068198F8D83053
:10A2F0000546002B66D098F8D9209A4262D804F11E
:10A300009001A81C17F0EFFA00232B709DF80B208A
:10A310006A706B72D8F8086016F002061BD1012330
:10A320006B721021484607F04FFAB8F80C300380E2
:10A33000B8F80E304380B4F8A8308380B4F8AA305F
:10A34000C380B4F8AC300381B4F8AE3043810673F7
:10A3500046738673C673D8F80830DB071ED56B7A50
:10A3600043F004036B721021484607F02DFAB8F849
:10A3700010200280B8F812204280B4F8A820828011
:10A38000B4F8AA20C280B4F8AC200281B4F8AE20A0
:10A3900042810022027342738273C27301230093CD
:10A3A0000C230DEB03010A4A3846FFF7A9FE0022F1
:10A3B000394642F24300FFF701FF0646304607B038
:10A3C000BDE8F08304F19E019BE76FF06806F5E7B6
:10A3D000D80400205004002030B5002187B042F29C
:10A3E0000E00FFF79FFE00250C2304460DEB030132
:10A3F000054A0095FFF784FE2A46214642F20E00E8
:10A40000FFF7DCFE07B030BDD80400202DE9F04393
:10A41000B0F80180A74A6FEA085311886FEA135316
:10A420009BB2994289B005461FFA88F92CD0518811
:10A4300099422BD10123002122F81310012700F0AB
:10A44000DDFB2E7826B3022E1BD100210622084602
:10A4500002F0ACF9044688B10673002101F0B6FEA3
:10A46000BFF35B8F6368BFF35B8FDD0703D53146B6
:10A47000204601F0ABFE204601F06CFE002001F00A
:10A48000CDF809B0BDE8F0830023D4E70027D6E774
:10A490002B79023B012B05F1040426D8214604A8A0
:10A4A00017F021FA9DF8103005F11101023B0DF172
:10A4B00009008DF8103017F01DFA01238DF80830CF
:10A4C000E87828BB062204A902F070F90446EB786C
:10A4D00023B979486FF4805117F02EFA002C33D14C
:10A4E0001F21484617F000FBCBE7EB78012B04BF98
:10A4F000724B93F823602146304617F087FD0146E2
:10A5000004A817F0F0F9214602A817F0ECF9D7E7F4
:10A51000012817D1694E052296F8230004A902F0FC
:10A5200045F904460028D2D1654B18689A889B7972
:10A530000690ADF81C2096F823008DF81E300422FA
:10A5400006A9C1E70024C2E7204604A920F8908BA1
:10A5500017F0C9F92A7EEB7D43EA0223A4F8A6305E
:10A56000AA7E6B7E43EA0223A4F8AC302A7FEB7EFE
:10A5700043EA0223A4F8AE30EB78E37000222273A2
:10A58000012B40F20112A4F8C02011D102A904F15C
:10A59000970017F0A8F904F19F0005F10B0117F0DF
:10A5A000A9F9464BD3F89C30580601D500F050FE6F
:10A5B000E3786BB902A904F19E0017F094F9217AAF
:10A5C0003E4BC1EBC101194404F1970017F08BF920
:10A5D000022142F23000FFF7A5FD0546D8B1022165
:10A5E000083007F0F1F82388038006AA294642F2D2
:10A5F0003000FFF7E3FD70B9069A9168C878FFF75D
:10A600003FFE84F8C0000879FFF73AFE84F8C100E5
:10A61000104606F0A9FF0721204601F0D7FD1FB123
:10A620000121204601F0D2FD204617F0BBFE637BDE
:10A63000072B37D1BFF35B8F6368204EBFF35B8F6F
:10A6400013F4805F18D1E3781BB196F890301907A6
:10A6500012D5022142F21600FFF764FD054658B1FB
:10A660000221083007F0B0F8238803800022294631
:10A6700042F21600FFF7A2FD96F890309A0611D527
:10A68000D6F820319B689B070CD506A90DF1060072
:10A6900017F0F5F930B9BDF81820BDF806102046BE
:10A6A00017F03DFA204601F055FDE378002B7FF4CA
:10A6B000E8AEE3E698500020D804002050040020C3
:10A6C0009176040030B585B00D468DF80700D0B9FD
:10A6D00049B90E499DF807000DF1070206F062FB2B
:10A6E000002005B030BD02900722CDF80B0002A972
:10A6F00028461CF032F90028EBD09DF807002946C7
:10A70000FFF770FBECE76FF01500EAE72F18040085
:10A7100029289ABF014B185C09207047EAA404005D
:10A72000024BD3F820315B69184700BF500400206A
:10A7300038B505460C4619B9FFF7F4FC044698B144
:10A7400040F635439D4209D12046FFF7E9FF054613
:10A7500010B1204606F008FF284638BD04482146BF
:10A7600006F0CEFE0025F7E76FF06805F4E700BFBE
:10A77000540500202DE9F84FDFF80C81DFF820A107
:10A78000D8F80C303F486FF35233C8F80C3001F062
:10A79000A5FC451C3C484FF0FF324FF0FF332946E3
:10A7A00010F08EFC60B13949394840F6B313524677
:10A7B00015F008FF404080F311884FF0030002DFDE
:10A7C000DFF8E090304EA9F58277A9F1240B15B996
:10A7D0000FF06CFBD4E7F368C3F34533042B47D188
:10A7E000337B002B47D100220023484606F028FD8A
:10A7F000044660B92749264840F64A13524615F0E8
:10A80000E1FE404080F311884FF0030002DF4FF07B
:10A81000FF324FF0FF3358460DF0AEFDD7F8F80089
:10A8200020B106F0A1FE0023C7F8F830204606F05C
:10A83000E1FEC7F8F8002046FFF772FFC0B11648E6
:10A840000DF056FD204606F091FB144B0C2202FB46
:10A8500000301F2140882246FFF7C6FBD7F8F800DA
:10A8600006F082FE00232046C7F8F83006F07CFE92
:10A870001436013DABE7012BFAD13069383802F0CC
:10A88000BFF9F5E7880700207407002092A40400B0
:10A890008E8704008EA4040030050020503F002065
:10A8A00013A40400540500202DE9F041044600F1F2
:10A8B000080630461AF00AFDB4F80C80B8F1010F12
:10A8C00005460CD81C4A1D491D4840F64F5315F04B
:10A8D00079FE404080F311884FF0030002DF3046DC
:10A8E000022106F04FFF0746007816F051FFC2071D
:10A8F00006460CD4104A1349114840F6535315F03C
:10A9000061FE404080F311884FF0030002DF052311
:10A910000D4A3878214616F04DFFB30707D5206958
:10A92000A4F80C8010FA85F5A560BDE8F0812046FA
:10A93000BDE8F04106F018BE13A4040047A40400CB
:10A940008E870400BBA40400C07B040038B5037DDF
:10A95000012B05460BD0032B17D10E48294606F0D4
:10A96000CDFC0D490D480EF03FF800200CE0836847
:10A97000187816F00DFFC307044602D52846FFF7E6
:10A9800093FF14F00200E8D138BD06F0EDFD6FF042
:10A990001500F9E74C050020C407002050290020CD
:10A9A000084AD2F820313BB9C16841B1416931B19F
:10A9B000C2F82001184670476FF0770070476FF0BB
:10A9C000150070475004002008B50448042116F013
:10A9D0001FFFBDE80840002000F020BED804002082
:10A9E00010B5F6F705F8034B1B6813B1BDE810402E
:10A9F000184710BD683F002070B52A4DD5F82031AA
:10AA000088B00646002B47D06FF0020105F18800A0
:10AA100016F092FF012116F0FBFEC3073FD416F09B
:10AA200059FE0446002834D11F4B1E60002200232B
:10AA3000CDE906236FF00803CDE90203CDE900005C
:10AA400004901A4B1A491B484FF4C0620CF0FEFFE9
:10AA5000194918481BF082FD1849194800946FF0F5
:10AA6000070340F698020EF02FF8164914481BF021
:10AA700075FDD5F82031DB689847044648B926B9FA
:10AA800008B0BDE87040F5F7B3BF05F178000EF0EF
:10AA900015F8204608B070BD6FF01204F9E76FF0AA
:10AAA0007704F6E750040020683F002075A70200F5
:10AAB00000930020382A0020D4A40400008A00203B
:10AAC00050290020DAA4040000487047E0A40400E4
:10AAD000F8B50B4F06460025FB79ECB2A34202D82D
:10AAE0006FF0010409E0C4EBC40107223944304689
:10AAF0001BF033FF01350028EED12046F8BD00BF22
:10AB000050040020084BBFF35B8F53E8002F42F442
:10AB1000804243E8002CBCF1000FF6D1BFF35B8FFD
:10AB2000037A194301727047D804002038B5062211
:10AB3000124905461BF011FF0246D0B1062142F230
:10AB40000500FFF7EFFA0446A8B1062229460830AF
:10AB50001AF0C8FB0022214642F20500FFF72EFB47
:10AB6000024630B90548294617F0AFF9012300F82D
:10AB7000013C104638BD6FF06802FAE76D04002012
:10AB800030B5044685B00D46E1B10023072202A985
:10AB900028460293CDF80B301BF0DFFE90B115482C
:10ABA000C4EBC4042946204417F094F9124817F066
:10ABB00086F94207C0F380031AD5FFF723F8002077
:10ABC00005B030BD684616F0D5FD0028F8D16846BE
:10ABD000FFF77EFF0028F5DA0648C4EBC4042044E2
:10ABE000694617F077F9002DE0D001462846DBE7EB
:10ABF0001846E5E750040020D80400200A4BBFF3B4
:10AC00005B8F53E8002F22F4804143E800100028B6
:10AC1000F7D1BFF35B8F530404D50449002202200F
:10AC200006F0DAB8704700BFD804002045200400C1
:10AC3000F0B5564C94F8D82094F8D93085B0054634
:10AC40000AB19A4208D2013384F8D9302B7A43F002
:10AC500004032B7205B0F0BD00210622084601F066
:10AC6000A5FD064648B128460121FFF74BFF3046B7
:10AC700005B0BDE8F04001F06DBA8DF8080002A9FA
:10AC8000434800F0B7FA9DF8083023B10121284667
:10AC9000FFF738FFDEE704F1880017F010F94106EE
:10ACA000C0F3801709D504F1880017F008F90205F0
:10ACB00003D501212846FFF725FF3648002100F083
:10ACC00099FA17B1002017F069FA94F8D930B3B99E
:10ACD00094F8D92094F8D8309A4223D10022114612
:10ACE00042F22900FFF76AFA70B994F8D9300133BB
:10ACF00084F8D9302B7A43F004032B7204E000204F
:10AD000017F040F90028E3D0012017F03BF917B104
:10AD1000012017F043FA2048002105B0BDE8F040BB
:10AD200000F068BA2A46691C12F82A0B019117F044
:10AD3000D8F806460028E7D194F8D930013384F8D2
:10AD4000D9302B7A43F004032B7294F85B305B0705
:10AD5000DAD5019902A817F0BDF80123082142F2C3
:10AD60004E008DF80F30FFF7DDF904460028CBD0F8
:10AD700008220DEB020110441AF0B4FA32462146C3
:10AD800042F24E00FFF71AFABEE700BF500400205F
:10AD9000ED1F0400B51F04005B1F04002DE9FF41F7
:10ADA0004C4D95F8D82095F8D930044612B10132AF
:10ADB000934209DD013B85F8D930237A23F004035F
:10ADC000237204B0BDE8F08100210622084601F09C
:10ADD000EDFC064648B120460221FFF793FE3046BF
:10ADE00004B0BDE8F04101F0B5B98DF80F000DF1E8
:10ADF0000F01394800F0FEF99DF80F3023B1012111
:10AE00002046FFF77FFEDCE705F1880017F057F8D2
:10AE10004206C0F3801709D505F1880017F04FF8F6
:10AE2000030503D502212046FFF76CFE2B480021C5
:10AE300000F0E0F917B1002017F0B0F9002017F08A
:10AE4000A1F8024680B995F8D93095F8D810994202
:10AE50001BD2013B85F8D930237A214923F0040322
:10AE60002372022005F0B8FF95F8D93013B1012004
:10AE700017F088F817B1012017F090F91948002150
:10AE800004B0BDE8F04100F0B5B90190072142F2ED
:10AE90002800FFF747F904F1010806460028E3D02F
:10AEA0000721083006F090FC414617F013F8019A8C
:10AEB000314642F22800FFF781F90028D4D195F8F5
:10AEC000D930013B85F8D930237A23F0040323726B
:10AED000CAE700BF50040020ED1F0400B51F0400A6
:10AEE000451F04005B1F040073B50C46054618B9E6
:10AEF000ECB16FF0150018E00023072269460093BB
:10AF0000CDF803301BF029FD0028F1D02B78012B60
:10AF1000EFD1AB7903F0C003C02BEAD12846FFF78D
:10AF2000D7FD0028E4DB6FF0770002B070BD124E51
:10AF3000F379012B1CD006F1880016F0C0FFC3077F
:10AF40000BD4002DD5D00722694628460094CDF8B1
:10AF500003401BF002FD0028CBD0F4792946631C86
:10AF60002046F371FFF70CFE002808BF2046DCE7FF
:10AF70006FF00B00D9E700BF5004002070B586B019
:10AF8000064601AA002141F20900FFF717F904461D
:10AF900070B9019B02909D68ADF80C000135062246
:10AFA00002A928461BF0D9FC20B9019806F0DCFA6A
:10AFB000002015E00B4B186804909B88ADF8143006
:10AFC000062204A928461BF0C8FC0028EDD029461B
:10AFD000701C16F07AFF0198347006F0C5FA012053
:10AFE00006B070BD9876040007B56846FFF7C6FF47
:10AFF000044BD87118B169460020FFF7C1FD03B0BA
:10B000005DF804FB50040020F7B5184B93F8764028
:10B0100014F0010405460E4615D001AA00214FF692
:10B020000940FFF7CBF80346E8B9019882685478E5
:10B030004FF0160CB44228BF344602EB0C07A34273
:10B0400004DB06F091FA204603B0F0BD961C0CFB21
:10B05000035156F804EB41F804EBBE42F9D13E88A7
:10B060000E800133EBE70024EDE700BF5004002021
:10B0700070B5144DEC7988B0ECB9012102A8FFF746
:10B08000C3FFE871B8B1162602ABE2B206FB02318B
:10B090000DF1010016F019FF0123694610468DF8E5
:10B0A0000030FFF76DFD20B9EA790134E3B29A422E
:10B0B000EAD808B070BD0021084608B0BDE870406D
:10B0C000FFF712BF5004002038B5074C2378012B3E
:10B0D0000D4603D023782B70002038BD601CFFF78D
:10B0E00025FD0028F6D0F8E75004002010B5054BE8
:10B0F0001B780B7000200C4616F090FF08B9012356
:10B10000237010BD500400207FB500F10906002314
:10B1100004460D460722694630460093CDF80330B9
:10B120001BF01BFC2478C8B90F4B9A8818689B79D0
:10B13000ADF80C2002908DF80E30042202A92046B2
:10B1400001F034FB044660B10573002101F03EF8C4
:10B15000204604B0BDE8704000F0FCBF0522314637
:10B16000EDE704B070BD00BF9E760400F0B5064662
:10B170001E4B16F8092B83F8232085B000230546C3
:10B1800007220F46304669460093CDF803301BF086
:10B19000E4FB2A780446A8B9154B186899880290F0
:10B1A0009B79ADF80C10104602A98DF80E3001F015
:10B1B000BBFA0546B8B1042101F008F83D6020460D
:10B1C00005B0F0BD3146104617F079F9044638B99C
:10B1D0002878314601F0A8FA054620B10521EBE7B1
:10B1E0006FF01504EBE76FF00B04E8E75004002064
:10B1F0009E76040070B504460D460A48002116F0FC
:10B2000033FF10B108482946A0470848002116F02E
:10B210002BFF28B1294623460548BDE87040184752
:10B2200070BD00BF102B0020002B0020602B0020E1
:10B23000502B002010B5054CA06930B16FF0010112
:10B24000103016F01AFF0023A36110BD5004002037
:10B250001A4B73B59E6976B306F110050D21284689
:10B2600016F002FF38B30621284616F0FDFE04460C
:10B2700008BB0921284616F0F7FEE0B101A93046C7
:10B28000FFF774FFB8B90121304616F05CFF50B1EA
:10B290002146019800F09AFF6FF40051284616F0FD
:10B2A000ECFEC0F34034019800F054FF1CB10D21B6
:10B2B000284616F0F8FE02B070BD00BF5004002012
:10B2C000F7B586687478012C3DD90024204675882E
:10B2D00016F03CFF002C6AD004F110076FF040011B
:10B2E000384616F0CAFE3378002B3AD1284600F0D3
:10B2F00065FF0546002846D16FF02001384616F05C
:10B30000BCFE830610D56FF01001384616F0B5FE6E
:10B31000FFF774FC63693BB11B682BB132798DF880
:10B32000042001A9204698470D21384616F09CFEBE
:10B3300000283CD11F4B9B69A34238D103B0BDE824
:10B34000F040FFF777BF04EB84041B4B240104F1AA
:10B3500010000021184416F087FE0028B5D01C44C8
:10B36000B4E70921384616F07FFE40B1114B9B69C6
:10B37000A3420CBF317800212046FFF7C5FE337889
:10B38000002BB9D1B2E7017A0A4BC1EBC1011944D4
:10B390009E3016F081FE63692BB15B681BB101958D
:10B3A00001A920469847284600F0D4FEA4E703B040
:10B3B000F0BD00BF50040020002B0020F0B58268D3
:10B3C0001478012C85B028D804EB8406184D36017A
:10B3D00006F110000021284416F046FEE8B1502383
:10B3E0006343E9184969C1B18968B1B1511C527808
:10B3F000023A012A02AF12D8384616F04DFE9DF8E7
:10B400000830023B8DF80830502303FB04540197A9
:10B41000636901A99B68A819984705B0F0BDE85C6D
:10B4200016F0F4FD0146384616F036FEECE700BF94
:10B43000002B0020034B002299689A801960024B70
:10B440001A727047D40700201353002038B5054600
:10B45000407A0C46FEF714FF2073A87AFEF710FF1F
:10B4600060732B7BA3716B7B6371EB7A2371EA7B37
:10B47000AB7B43EA022363812B88A3F11002D2B293
:10B480000B2A98BF054983F0100394BF8A5C0522FC
:10B4900003F01F03E271238138BD00BF8FA50400B4
:10B4A000034BBFF35B8F1868BFF35B8F704700BF20
:10B4B000D804002070B5044686B00E4642F2420021
:10B4C0000621FEF72FFE054628B30621083006F0B8
:10B4D0007BF9012C02461BD1FFF7E2FFC0F34020AD
:10B4E0005070631E14705C4256805C4100261671D9
:10B4F000567103A9094A009428460623FEF700FE68
:10B500003246294642F24200FEF758FE06B070BDB0
:10B5100000234370E5E76FF06800F7E7D8040020E8
:10B520002DE9F74F0E469246804610B10578012D61
:10B5300005D0002E5DD035786B1E5D425D412C46F6
:10B54000BAF1000F04D030484FF4006116F001FE4C
:10B5500020460DF10701FFF7C9FD0446002844D13C
:10B56000B8F1000F14BF08210321002E14BF0523DA
:10B570000023194442F24100FEF7D4FD8146002821
:10B580003FD000F1080B0321584606F01DF99DF845
:10B5900007300370074684704470B8F1000F06D07E
:10B5A0000123837005224146584619F09BFE46B19F
:10B5B000BB7843F00403BB7005223146584619F0AE
:10B5C00091FE0022494642F24100FEF7F7FD044693
:10B5D00058B951460120FFF76DFF044628B955B10F
:10B5E00009484FF4807116F0B4FD204603B0BDE861
:10B5F000F08F3546A3E76FF48071034816F0B8FD6D
:10B60000F3E76FF06804F0E7D8040020024B002253
:10B610001A60FFF70FBF00BF743F002073B50646E6
:10B62000FFF73EFF0106C0F3C01201D5002031E054
:10B63000FFF736FF430628D400210622084601F012
:10B64000B5F8044640BB0222014601F0AFF80546BA
:10B650000028EBD04FF40071114816F07AFD28460F
:10B6600000F078FD002E15BF60224FF400623023F9
:10B670001223ADF801202146224668468DF800408D
:10B68000ADF80330FFF74CFF04E0104616F086FDDE
:10B690000028D1D002B070BD00F05CFDC6E700BF4D
:10B6A000D80400202DE9F04F85B080469A46FFF778
:10B6B000F7FE06060D46144602D50B8958077ED4C0
:10B6C00098F800309A1E012A44D84146684616F080
:10B6D0005EFD9DF80030023B8DF80030424FC5F80A
:10B6E00000D03B68A3B1204619F0F0FDB4F80490F7
:10B6F000A4F804A006463F68EA7995F90510684663
:10B700002346B847A068A4F8049010FA86F626608D
:10B71000364B1E687EB356F8087907B1083F336888
:10B720008BB1204619F0D2FDB4F804B03368A4F808
:10B7300004A08146214628469847A068A4F804B092
:10B7400010FA89F02060B7B1BB6803B1083B3E46F0
:10B750001F46E4E7FF2B08D10023029302A9CDF88E
:10B760000B30684616F013FDB8E74146002016F08E
:10B770004DFC0146F5E72A89FFF792FE0106C0F36A
:10B78000C0151CD4D2071AD502226946284601F0FA
:10B790000DF8044698B1FFF783FE430612D404F176
:10B7A0009E00414616F0F3FC204616F09BF970B956
:10B7B0002046062100F00AFD204600F0CBFC05B033
:10B7C000BDE8F08F284616F0E9FC0028E7D01F23DB
:10B7D00023730021204600F0F9FC204600F0BAFC5B
:10B7E0000020FFF71BFFEAE7743F00206C3F0020BA
:10B7F00010B56FF04001134816F0BAFC6FF08001ED
:10B80000104816F0B5FC6FF400610E4816F0B0FC5D
:10B810006FF400510B4816F0ABFCFFF7EFF90A4B41
:10B820001B686BB153F8084904B1083C5B6803B16D
:10B8300098472CB1A26802B1083A23461446F5E7AE
:10B8400010BD00BFD80400206C3F00202DE9FF4749
:10B8500000F108068146304619F028FD4F4DDFF80B
:10B8600050A1074617B904B0BDE8F087B9F80C300D
:10B87000172BF8D91821304605F084FF0388C3F34D
:10B880004118DB0604460BD56946FFF7DFFDE37D73
:10B8900032466946A01CFFF705FF013FFFB2E1E712
:10B8A0002B7A2BB9B8F1000F12D169462046ECE78C
:10B8B000C27AEB799A4200F10201F3D107222846BD
:10B8C0001BF04BF80028EDD1B8F1020F1DD15DE05F
:10B8D0002B7A012B57D1E17D304605F053FFDCE791
:10B8E0005BB12F492F48304A4FF4217314F06AFEA0
:10B8F0002D484FF4217114F05EFEA11C2846E27A17
:10B9000016F045FC0123EA712B72E27DBAF804308F
:10B91000BAF8061013448B4209DD02232B7211463C
:10B92000304605F02FFFB8F1010FB6D032E02B7A88
:10B93000022BF4D0D9F80810504619F0D3FCB8F116
:10B94000010FAAD0B8F1000F0BD018491548164ABC
:10B9500040F2A32314F036FE134840F2A32114F062
:10B960002AFE69462046FFF771FD6946BAF80430A1
:10B970005246A01CFFF796FEFFF75CFD3046E17DC6
:10B9800005F0E0FE89E7B8F1020FA9D1E17D30466C
:10B9900005F0F8FEFFF74EFD7FE700BF13530020D0
:10B9A00044A504008E87040014A5040077A50400B4
:10B9B000D40700202DE9F04300F1080685B00746C2
:10B9C000304619F073FCDFF86C9004464FF07F08A6
:10B9D00014B905B0BDE8F083BB89082BF9D909215A
:10B9E000304605F0CFFE037A8DF80680C21800219C
:10B9F000527A8DF80520FF228DF804200122ADF83F
:10BA00000A10ADF80C2002788DF80720042A98BFA0
:10BA100019F80210ADF808100546324669460130A3
:10BA2000FFF740FE297A30460131013C05F08AFEDD
:10BA3000E4B2CDE78AA504007FB50446FFF730FDE8
:10BA400045070E4671D52278012A04D96FF01505F5
:10BA5000284604B070BD636833F00F03F6D1208927
:10BA6000031F9BB243F6FC75AB42EFD861890B1FF5
:10BA70009BB2AB42EAD88842E8D34AB980212C482D
:10BA800016F067FB10EA010207D06FF07705DFE7D9
:10BA900016F0D6FA0028F1D1D8E7FFF701FD4006ED
:10BAA0000AD5104616F07AFB054628B16FF08001E2
:10BAB0001F4816F05DFBCBE76368D9072DD51C48FE
:10BAC0004FF4007116F045FB63681A075FBF2278D8
:10BAD0008DF800202289ADF801205DBF6289ADF8A4
:10BAE00003206846002013F004031CD0E28902B949
:10BAF0002289238A03B9638921788DF80810ADF86B
:10BB00000920ADF80B3002A9A289FFF709FD05460F
:10BB10000028CBD1074B1E609AE76FF400710448F0
:10BB200016F026FBD0E71946EEE76FF00A058FE71F
:10BB3000D8040020743F002008B50F486FF0800142
:10BB400016F016FB020614D5FFF760FD0A486FF4E5
:10BB5000006116F00DFB030506D56FF40051064891
:10BB600016F006FBFFF74AF8BDE808400020FFF793
:10BB700055BD6FF0770008BDD80400200023836016
:10BB8000054B596800F1080211B9C3E9002270475A
:10BB90000A605A60704700BF6C3F002008B5044936
:10BBA00040221AF0DAFEB0FA80F0400908BD00BF6A
:10BBB0009BA5040070B5314B93F8563003F0060393
:10BBC000062B52D1002853D02D4E326832B1131FAC
:10BBD000984250D05B680BB1043BF9E74260726851
:10BBE000031D336002B97360264CBFF35B8F54E8CA
:10BBF000002F42F0200344E800310029F7D1BFF3C1
:10BC00005B8F12F0200202D00025284670BDBFF3E2
:10BC10005B8F54E8003F23F0100344E80031002913
:10BC2000F7D1BFF35B8F114642F22500FEF7C6FA4B
:10BC300005460028E8D0BFF35B8F54E8003F23F0AF
:10BC4000200344E80032002AF7D1BFF35B8F346849
:10BC50003CB154F8043C043C0BB1002098476468A4
:10BC6000F6E70023C6E90033CFE76FF08505CCE7A0
:10BC70006FF01505C9E76FF07705C6E7500400209F
:10BC80007C3F0020D8040020054BBFF35B8F1B686E
:10BC90000448BFF35B8F13F0100F08BF00207047FC
:10BCA000D80400201C53002070B5204E33688B420E
:10BCB000044635D013B16FF00F0070BD1C4BBFF3BD
:10BCC0005B8F1A68BFF35B8F9206F4D4BFF35B8F70
:10BCD0001B68BFF35B8FDB0625D5316042F226007F
:10BCE0004021FEF71FFA0546B8B14021083005F0A3
:10BCF0006BFD234604F1400253F8041B40F8041B7B
:10BD00009342F9D10022294642F22600FEF756FA64
:10BD10000028D2D000233360CFE76FF06800F9E746
:10BD20006FF07700C9E76FF07C00C6E7783F00202E
:10BD3000D8040020F8B51D4B8568BFF35B8F53E82E
:10BD4000002F22F0200243E800210029F7D1BFF3A1
:10BD50005B8F2A78AAB916496A1C05F1410052F88E
:10BD6000044B41F8044B8242F9D1BFF35B8F53E897
:10BD7000002F42F0100243E800210029F7D1BFF361
:10BD80005B8F0C4E34686CB1094F043C23682BB1B7
:10BD90002A78002A0CBF38460020984764680CB106
:10BDA000043CF3E70023C6E90033F8BDD8040020C3
:10BDB0001C5300207C3F002005490B6833B182688A
:10BDC00000200860117801B9501C1847704700BF67
:10BDD000783F00200023C0E901330146C3600148D9
:10BDE0001AF0F0BB5C140020F8B5144B1D68044633
:10BDF000B5B9134D134E144FB5420ED9134914481B
:10BE000040F214533A4614F0DDFB124814F0DAFB0A
:10BE100040F21451384614F0CEFBB54207D3F8BDBA
:10BE20002B6813B1217B20469847ED69E0E72B682A
:10BE300013B1217B204698472035DDE7903F002055
:10BE4000F0740400F0740400DBA504000BA60400E9
:10BE50008E870400B99A04002DE9F8434D69044621
:10BE60000E4691461F464FF0FF333D484FF0FF32DC
:10BE70000CF082FA637B072B3CD14FF04003EFF3C9
:10BE8000118283F31288BFF36F8FA369002D43D013
:10BE900000212960002B3CD1C4E9055582F31188AB
:10BEA000BFF36F8F042106F1080005F029FC2388F9
:10BEB00009F0FD0943EA0939B389A0F80090043B71
:10BEC0004380022333753046FEF72AFC002844D015
:10BED0004FF04003EFF3118983F31288BFF36F8FA4
:10BEE00035B3294604F1140016F05BF989F3118883
:10BEF000BFF36F8F1A480CF0FBF915B12846FFF716
:10BF000069FF1FB1304605F02FFB00273846BDE81A
:10BF1000F8831D60A561C1E733B103F10C08DB684C
:10BF20000133C8F80030B9E7E36904F11C08F7E70A
:10BF3000D8F800305BB90B490B480C4A4FF4047336
:10BF400014F040FB09484FF4047114F034FBD8F8A6
:10BF50000030013BC8F80030C8E70127D6E700BF32
:10BF60001005002026A604008E870400DBA504002F
:10BF7000004870471005002038B5002301258B428A
:10BF800002D10024204638BD044600F1C402BFF3AC
:10BF90005B8F52E8000F002804D142E8005CBCF13E
:10BFA000000FF6D1BFF35B8F04F1C80001D001335D
:10BFB000E5E7002CE6D0C422002120461AF0FEFC62
:10BFC00004F1600004490CF0F1FD044904F128007B
:10BFD0000CF09AFCD6E700BF81CA02007922040067
:10BFE00070B5044600F1380600220023304605F003
:10BFF00027F9054648BB636973B11849184A1948BF
:10C0000040F2932314F0DEFA174814F0DBFA1448D8
:10C0100040F2932114F0CFFAE3695BB11349114860
:10C020000F4A4FF4257314F0CDFA0D484FF42571E3
:10C0300014F0C1FA204616F022F904F16000002243
:10C04000BDE8704000230CF0D5BE686908B1FFF769
:10C05000C1FE284605F088FAC6E700BF39A60400ED
:10C06000DBA504008E8704005FA6040074A604000C
:10C07000F8B51F46437B072B04460D46164614D1E0
:10C0800012B30EF095F8134B8342134807BF0022FA
:10C0900000234FF0FF324FF0FF330CF0BDF8A8B192
:10C0A000637B072B04D0FFF795FE6FF07F000AE05B
:10C0B0000023C0E90167C360686104F138002946C4
:10C0C00005F01EFA0020F8BD4A61F6E76FF068003F
:10C0D000F9E700BFF83400205C1400202DE9F84394
:10C0E0001A4B1B4C00263246012107469E600EF07B
:10C0F00099FF01254FF0140904F1C40009FB0578EC
:10C1000016F079F858B1637B83B96FF04001201DB8
:10C1100016F062F8430609D52046FFF761FFC834E0
:10C1200016B12846BDE8F8830126E5E7637B072BB7
:10C13000F5D104F138030022042140460EF072FFCD
:10C14000012388F80C301D44E9E700BFE007002018
:10C15000A02B002038B5054600F1C404BFF35B8F67
:10C1600054E8003F5A1E44E800210029F8D1BFF3EB
:10C170005B8F002B0EDC0D490D4A0E4840F25143F7
:10C1800014F020FA0C4814F01DFA094840F251410D
:10C1900014F011FAAB78012B07D1204616F02BF8DA
:10C1A00018B9BDE83840FFF753B838BD8DA6040074
:10C1B000DBA504008E87040095A604000246022138
:10C1C000014816F0CDB800BFA02B002070B5457B0C
:10C1D0008D42044600F0CA8041735DB1062D0FD038
:10C1E000637B072B00F2C280DFE803F04511C0C07B
:10C1F000C0C082298378082BF2D016F096F8EFE7BA
:10C200008378012BECD160300CF0FAFDE8E7584D53
:10C2100000264FF04003EFF3118283F31288BFF33F
:10C220006F8FE369002B00F08280013BE36182F3B2
:10C230001188BFF36F8F28460CF05AF8E9E7A3780E
:10C24000042B00F0938004F138001AF0AEF949484D
:10C2500000210FF043F80023C4E91533E378012BE4
:10C2600040F084804FF42032002304F16000BDE8E8
:10C2700070400CF043BDA378042B04D12046BDE8E8
:10C280007040FFF767BF013D052D6FD801A353F83C
:10C2900025F000BFADC20200E3C202007DC2020071
:10C2A0007DC20200E3C20200E3C20200204615F094
:10C2B000BEFFA378012B0AD104F1600528461AF0CD
:10C2C000F7F910F00C0F02D028460CF099FD402130
:10C2D000201D15F096FF2748BDE8704000210EF0A4
:10C2E000FDBF237B002BC9D02046FFF77DFDC5E7AE
:10C2F000A378012B3AD1204B988A6034A8B10A2345
:10C3000058430021C90341EA504140F2E733C003DA
:10C31000C0184FF47A724FF0000341F10001D4F7D6
:10C320002DFC02460B462046A1E70146EAE760697C
:10C3300028B1A16903686361884208BFA36182F3E1
:10C340001188BFF36F8F88B14FF04002EFF3118374
:10C3500082F31288BFF36F8FC268E261C66083F315
:10C360001188BFF36F8FFFF735FD64E770BD00BF25
:10C3700010050020E0070020500400200D4BC01ADB
:10C380000D4B10B5C8284FEAE00403FB04F40ED9A6
:10C390000A490B4A0B4840F26F4314F013F90A485C
:10C3A00014F010F9064840F26F4114F004F9E0B2BD
:10C3B00010BD00BFA02B0020295C8FC2B3A60400D3
:10C3C000DBA504008E8704007CA70400F8B50446B2
:10C3D0000D4617461E461AF0BBF858B10D490E48D7
:10C3E0000E4A40F28B4314F0EDF80C4840F28B41BA
:10C3F00014F0E1F80A483A46002C18BF20463346AC
:10C4000018F049FF044618B1291D083004F04CFF0C
:10C410002046F8BD96A704008E870400DBA5040023
:10C4200078140020031D2DE9F0410446184615F04C
:10C43000E2FEC20512D5B4F8A620B4F8A8109142C5
:10C440000CD8B4F8AA10914208D3D4E92B12914227
:10C4500004D16FF48071184615F0BEFE1A4B1D68AA
:10C46000BDB91A4D1A4E1B4FB5420ED91A491B4879
:10C4700040F25E533A4614F0A5F8194814F0A2F8B9
:10C4800040F25E51384614F096F8B5420DD3BDE83F
:10C49000F081EE683EB1B4F8AE30B4F8AC20B4F838
:10C4A000A6102046B047ED69DAE7D5F80C80B8F160
:10C4B000000F07D0B4F8AE30B4F8AC20B4F8A61032
:10C4C0002046C0472035CFE7903F0020F07404009D
:10C4D000F0740400DBA504000BA604008E870400A2
:10C4E000B99A0400F8B5164B1D68044600F1C00661
:10C4F000B5B9144D144E154FB5420ED9144915480F
:10C5000040F285533A4614F05DF8134814F05AF897
:10C5100040F28551384614F04EF8B54207D3F8BDC5
:10C52000AB6913B1314620469847ED69E0E7AB6946
:10C530001BB104F1C001204698472035DCE700BF5D
:10C54000903F0020F0740400F0740400DBA50400A8
:10C550000BA604008E870400B99A04002DE9F84365
:10C56000074608460C4615F030FB054618B900256D
:10C570002846BDE8F8831C4B1E68DEB91B4EDFF869
:10C580007C80DFF87C9046450ED91949194840F265
:10C59000A6534A4614F016F8174814F013F840F260
:10C5A000A651484614F007F84645E1D2B36883B96E
:10C5B0002036E8E7B3680BB9F669DEE7214638466E
:10C5C00098470028D3D0204615F0FFFA0028F3D171
:10C5D000CDE72146384698470028C8D0204615F0B8
:10C5E000F4FA0028E4D1C2E7903F0020F074040080
:10C5F0000BA604008E870400B99A0400F0740400AE
:10C60000DBA504002DE9F041C3780446FBB900F135
:10C610009E06194B1D6804F19007DDB9174D184FA0
:10C62000DFF86C80BD420ED91649174840F263739B
:10C63000424613F0C7FF154813F0C4FF40F2637180
:10C64000404613F0B8FFBD420CD3BDE8F08100F1C5
:10C650009706DEE72B691BB13A46314620469847DC
:10C66000ED69DAE72B6923B104F1900231462046E7
:10C6700098472035D6E700BF903F0020F0740400B3
:10C68000F07404000BA604008E870400B99A04001D
:10C69000DBA504002DE9F041437A83720446164677
:10C6A00015F0B6FF154B1D68C5B9154D154FDFF8D0
:10C6B0006480BD420ED91449144840F2CC734246FE
:10C6C00013F080FF124813F07DFF40F2CC7140461A
:10C6D00013F071FFBD4209D3BDE8F0816B691BB156
:10C6E000617A324620469847ED69DDE76B691BB1F8
:10C6F000617A3246204698472035DAE7903F00209D
:10C70000F0740400F07404000BA604008E8704008B
:10C71000B99A0400DBA50400024B1A68C2611860D4
:10C72000704700BF903F002038B505460C460A48C8
:10C730000221FFF721FC024658B1057221469030D4
:10C7400015F06EFD0123537293729370034BC2F880
:10C75000A830104638BD00BFA02B002018002800CC
:10C760002DE9F041104D06460F464FF000082846CF
:10C7700015F0DBFD044620B18378012B0CD0FFF7C8
:10C78000E9FCC835B8F1000F03D000242046BDE80D
:10C79000F0814FF00108EAE73A46314615F06FFEA6
:10C7A0000028F3D12046EAE7A02B00202DE9F0472E
:10C7B000DFF850A005460E46904600274FF0C80906
:10C7C00009FB07A015F0B1FD044620B18378012BC9
:10C7D00006D0FFF7BFFC0FB100240FE00127EFE701
:10C7E00036B13246294615F04AFE08B92046F0E730
:10C7F000637B4345FAD1237AAB42F7D12046BDE8AB
:10C80000F08700BFA02B00202DE9F34104464E48DD
:10C8100015F0F1FC0E46410715461F4605D46FF092
:10C820000A05284602B0BDE8F081104615F0CDF9A2
:10C8300010B96FF01505F4E7434815F0DCFC02066B
:10C84000EDD4414815F0D7FCC304C0F3003875D4CB
:10C8500015F0F6FB0028ECD02146404615F02FFEDF
:10C860000028E6D12378023B012B214647D86846B1
:10C8700015F0D6FC9DF80030023B8DF8003069467B
:10C880000020FFF751FF044600285AD02B88A0F85B
:10C89000A8306B88A0F8AA30AB88A0F8AC30EB8841
:10C8A000A0F8AE3096E80F00284D05F1080C8CE892
:10C8B0000F00AB8A002B08BF4FF49673AB822B8A14
:10C8C00003B9AB892B826B8A03B9EB896B8295F82C
:10C8D000D8301BB195F8D9209A4217D902212046A9
:10C8E000FFF774FC0120FEF799FE054620B32046B1
:10C8F0000021FFF76BFC2046FFF72CFC91E715F0B9
:10C9000085FB0146684615F08BFCB8E706212046FA
:10C91000FFF75CFC204615F0E5F8054660B10026FF
:10C92000314620462673FFF751FC2046FFF712FCE4
:10C930003046FEF773FE74E73C6072E76FF07705F0
:10C940006FE76FF00B056CE7D8040020500400205F
:10C9500070B506462F4815F04EFC40070D4653D5DE
:10C9600029B915F06DFB40B96FF0150070BD084690
:10C9700015F02BF90028F4D1F6E731460020FFF737
:10C98000EFFE044628B93146FFF7CEFE04460028E4
:10C990003DD0201D3DB32B88A4F8A8306B88A4F8A7
:10C9A000AA30AB88A4F8AC30EB88A4F8AE300121F3
:10C9B00015F027FCC10702D4204615F0B6FC637BB6
:10C9C00063B9144815F017FC430707D51DB10221C0
:10C9D0002046FFF7FBFB0020FEF720FE2046FFF776
:10C9E000B9FB0020C2E76FF0010115F0F5FBC207AB
:10C9F000E5D52046FFF7AEFB637B022BDFD129464E
:10CA00002046FFF7E3FBDAE76FF00A00AEE76FF0CE
:10CA10000B00ABE7D804002038B5044608460D46A5
:10CA200015F0D3F838B3154B93F89030990707D425
:10CA3000E37873B129462046BDE8384000F038BAA3
:10CA400094F8B4309A07F3D5201D15F0D4FB830574
:10CA5000EED42946204615F075FD58B92B88A4F868
:10CA6000A8306B88A4F8AA30AB88A4F8B030EB8863
:10CA7000A4F8B23038BD6FF01500FBE75004002079
:10CA80002DE9F34110F8533C0446A0F1600593BB37
:10CA9000284615F0ACFD344B1E68E6B9334E344FD2
:10CAA000DFF8E080BE420ED93249334840F22553C8
:10CAB000424613F087FD314813F084FD40F22551C2
:10CAC000404613F078FDBE420DD3284602B0BDE8C3
:10CAD000F041FFF73FBB73681BB114F8541C2846A4
:10CAE0009847F669D9E773681BB114F8541C2846B7
:10CAF00098472036D6E710F85E3C012B31D110F86C
:10CB00005D3C23B902B0BDE8F041FDF765BCA0F182
:10CB10005C066FF48071304615F05EFBC3051AD5D4
:10CB2000B4F84830ADF80030B4F84A30ADF802300F
:10CB3000B4F85030ADF80430B4F85230ADF80630E7
:10CB400069462846FFF768FF8021304602B0BDE8FD
:10CB5000F04115F056BB0A4A106851686B4603C392
:10CB6000EEE702B0BDE8F081903F0020F0740400D1
:10CB7000F07404000BA604008E870400B99A040028
:10CB800056760400DBA5040001460148FFF71EBCF1
:10CB9000E01400202DE9F04106464FF0FF334FF03E
:10CBA000FF3200200C46FFF7EFFF737B072B054693
:10CBB0004FF0000605D004F0D7FC35462846BDE806
:10CBC000F081466100F108070C4E3846B6F8BC808B
:10CBD00018F080FB80450CD2B6F8BC6054F8081FF2
:10CBE0003246384618F07EFB3146204604F0AAFD56
:10CBF000E4E7384618F06EFB86B2EFE750040020F9
:10CC000070B5437B04465BB96FF04001043015F00A
:10CC1000E3FA430604D52046BDE87040FFF7E0B9CB
:10CC20000022002304F1380004F00AFB054660B935
:10CC30001F4A204920484FF43A7313F0C3FC404088
:10CC400080F311884FF0030002DF1C4EAA89B6F86A
:10CC5000BC309A4207D80023022229462046FFF71B
:10CC6000FBF830B170BD29462046FFF793FF01461F
:10CC700020B92846BDE8704004F076BC01230022AC
:10CC80002046FFF7E9F80028F3D0AA89B6F8BC30AF
:10CC90009A4202D800230322DFE729462046FFF705
:10CCA00079FF01460028E4D001231A46E8E700BFD7
:10CCB000DBA504008EA404008E870400500400202D
:10CCC0000C4B08B9186070471A6862B902693AB922
:10CCD00002685AB942684AB982683AB942692AB9BF
:10CCE0001860002070476FF0770070476FF01500F4
:10CCF000704700BF843F002068B1084A002300F15C
:10CD00000C01C360506810B9C2E90011704701609E
:10CD10005160184670476FF015007047883F00203B
:10CD200038B51E491E4819F04DFC1E491C4819F023
:10CD300049FC1D491A4819F045FC16F092F903F018
:10CD4000EBFF054608BB15F048FD184815F0EDFA55
:10CD5000044638B1043015F04EFAC20717D4204605
:10CD6000FFF7F8F9124815F0E0FA044668B104300C
:10CD700015F041FAC30705D500232372022120468E
:10CD8000FFF724FA2046FFF7E5F9284638BD25725B
:10CD900002212046FFF71AFAE1E700BF943F002086
:10CDA0005C140020A43F0020B43F0020A02B0020F2
:10CDB000682C0020084B1A681AB1D3F8942042B9A5
:10CDC0000122942000FB0233044A5A6000200B60C9
:10CDD00070476FF00B007047C43F0020087C0400D0
:10CDE000F7B52D4D2D4E2E4F0446B5420ED92D4987
:10CDF0002D484FF4B6733A4613F0E4FB2B4813F07A
:10CE0000E1FB4FF4B671384613F0D5FBB54201D3C0
:10CE100003B0F0BD6B6801A920469847002835DBB8
:10CE2000019B2A889A829A84002103F11002A86843
:10CE3000BFF35B8F52E800CF42E8001EBEF1000F47
:10CE4000F8D1BFF35B8F9960A16D03F10802F9B9C6
:10CE5000C4E91522D86001981C6043681B6803B1BF
:10CE60009847019BBFF35B8F103353E8002F42F0CC
:10CE7000010243E800210029F7D1BFF35B8F01983D
:10CE800043689B6913B100F1100198470C35ACE77A
:10CE90000A60A265DEE700BFCC740400F0740400F1
:10CEA000A5A70400D6A704008E870400B99A040041
:10CEB00073B50D4616490B78013313F0FF0308BF15
:10CEC00001230B70097806460822122015F063FB37
:10CED0000446D0B10821084404F076FC2A88028078
:10CEE0006A884280AA8882800023EA88C28005215D
:10CEF00000932246304615F0A3FB054610B12046AC
:10CF000004F032FB284602B070BD6FF00B05F9E764
:10CF10005C530020024BC1F8EC3015F071BC00BF2F
:10CF2000132D0400024BC1F8EC3015F069BC00BFB2
:10CF3000AB2D0400024BC1F8EC3015F061BC00BF12
:10CF4000AB2A040007B50438019001A902480AF091
:10CF5000B5FC03B05DF804FBD812002010B5437B8C
:10CF6000072B01D0002010BD042115F011FC044650
:10CF70000028F7D0BFF35B8FD0F89430BFF35B8FFE
:10CF80005B070ED40849094A094840F65C2313F0B0
:10CF900019FB084813F016FB044840F65C2113F017
:10CFA0000AFB54F8040CDEE72CA80400FDA70400DB
:10CFB0008E8704005CA804002DE9FF4105460E465B
:10CFC0004FF000084FF42053006817688DF8088070
:10CFD00002A91446ADF80A3014F07EFBA0B142F667
:10CFE000010328688DF80C8003A9ADF80E3014F009
:10CFF00073FB48B123691BB15A88B24200D25E80EC
:10D00000012004B0BDE8F0816168286814F064FB79
:10D0100010B100232361F3E7E368A0681A7832B106
:10D020007B8D81895B1A934201DA0020E9E70421B4
:10D03000083004F0C9FB094B2061A26806804680D5
:10D040002946009301940023384615F0B9FD0028C5
:10D05000EBDB2069003818BF0120D2E78B2A0400DF
:10D06000F7B5002307460E462948002269460AF014
:10D07000B9FB054610B16FF00B0545E00DF098F8CF
:10D08000244B294618603022009819F097FC009C28
:10D090002148A560C4E90075C4E90A5500220023AF
:10D0A00001A901950AF09EFB05460028E3D101463F
:10D0B000F822019819F082FC0198184B8360A03087
:10D0C00019F073FA019BBFF35B8F983353E8002F7D
:10D0D00043E800510029F9D1BFF35B8F019FA36A98
:10D0E0003C601BB904F10C0019F05FFAA26AC7F8A2
:10D0F000F420E26A07F1F403A36202B9E362019B40
:10D10000002BB8D004333360284603B0F0BD00BF15
:10D11000B8120020EC400020D8120020F0070020B8
:10D120002DE9F743D2F80080064689460068516829
:10D13000D8F80450144614F0CFFA074600283ED120
:10D1400028461522314616F0C9FC0546207548B11F
:10D15000E3681B7823B90025284603B0BDE8F083B7
:10D160002775F8E7A06804F05FFA0221083004F0A0
:10D170002BFB144B2061A268A0F80090314600936D
:10D1800001942B46404615F01BFD002807DA10F1EC
:10D19000FF0F26BF4042C0B20E202075DCE7236996
:10D1A000002BD8D0A06815F023FBB8F82A30181A45
:10D1B000E3681D78A84294BF00250125CCE701252E
:10D1C000CAE700BF0D28040010B5044604F194031B
:10D1D0000438BFF35B8F53E8002F42F0040243E8AA
:10D1E00000210029F7D1BFF35B8FBFF35B8FD4F829
:10D1F0009430BFF35B8F1B075EBF1723E384E3828A
:10D2000015F074FB04F1BC0003490BF0CFFC20685F
:10D21000BDE8104002F054B94D3104002DE9F74348
:10D220008B68BFF35B8F1746D0F89820BFF35B8FF6
:10D23000520706460C4646D51B78D22B0CD1036804
:10D24000186817F028FD054630B1204604F08CF927
:10D25000284603B0BDE8F08304F1080018F036F862
:10D26000B4F80C90804657B9A368187815F0E0FA26
:10D270000138C0B204289CBF144B53F820703368A7
:10D28000C6F8F0701868124B9F4218D0114B9F429D
:10D2900017D01149114B124A8F4218BF134604365A
:10D2A00000962246042115F0CBF905460028CFD080
:10D2B0002069A4F80C9010FA88F0A060C8E7094B28
:10D2C000EDE7094BEBE76FF01505C1E72C7C040097
:10D2D000AB2D0400132D0400AB2A040035CF02004F
:10D2E0000128040025CF020015CF020038B50D46F5
:10D2F000044658B91D491E481E4A40F2652313F0E2
:10D3000061F91C4840F2652113F055F95DB91A49DD
:10D310001748184A40F2662313F054F9154840F2B2
:10D32000662113F048F96B685BB914491048114A3B
:10D3300040F2672313F046F90E4840F2672113F0DC
:10D340003AF9D4F89C305BB10D490948094A4FF4C9
:10D350001A7313F037F907484FF41A7113F02BF9C9
:10D3600029462046BDE8384015F02DBD78A80400B8
:10D370008E870400FDA704008EA804007DA8040089
:10D3800087A8040070B5044601F108000D4617F0A7
:10D3900095FF2668AB89AA680146306816F0F7FD4C
:10D3A0001E210022204615F0D6FD014618B1034A81
:10D3B000204615F0C2FD002070BD00BF132D0400F3
:10D3C0002DE9F041884617460121042205461E46F4
:10D3D00015F0C1FD044678B10421083004F0F4F9D9
:10D3E00080F80080C670A0F8017021462846034AE4
:10D3F000BDE8F04115F0A1BDBDE8F081AB2D040002
:10D400008B892DE9F04706460C46002B47D00121B9
:10D4100004F1080004F0B6F956F8043C0746002B66
:10D420003DD00178224DA6F10408002315F83320E1
:10D430008A420DD14FEAC30905EBC30393F802A05A
:10D44000BAF1010F14D0BAF1050F17D1012110E084
:10D4500001331C2BEAD1084615F0EAF9F8B105288A
:10D460001DD0E1B1062300224046FFF7A9FF16E0D8
:10D47000002106F1940015F05CFC80B94D44A289AE
:10D480006B789A420ED36B68214640469847BAF1B2
:10D49000010F034603D110B139780029E3D10020F0
:10D4A000BDE8F087BAF1010FF9D10423F4E700BF1A
:10D4B000407C04002DE9F0431F4603680E46003906
:10D4C00087B0044618BF01211868904616F0D1FDB8
:10D4D00058B9052104F1980015F02BFC00284BD019
:10D4E0000025284607B0BDE8F083002F46D018225B
:10D4F0000021684619F062FAB8F1000F2AD12368BA
:10D500001F4A1B6800930E9B0393BDF83C30ADF897
:10D51000103001238DF814304FF000096B46394666
:10D5200038468DF80860ADF8129015F00FFA9DF8A6
:10D530001450CDB1B8F1000FD2D0019804F014F816
:10D54000002ECDD09DF814303A4631462046FFF7E4
:10D5500037FFC5E700224146204615F0FCFC01904C
:10D560000028CCD10E25BCE701990029B8D0054A86
:10D57000204615F0E2FCB4E71225B2E70125B0E73A
:10D58000BF2A0400AB2D04002DE9F0418C89043C36
:10D59000E4B2022C05468CB0084601D0102C6FD1A5
:10D5A0000421083004F0EEF80DF1080806884788D9
:10D5B000011D2246404614F0BDF8002862D0002E1E
:10D5C0003AD00024002F36D0BE4235D84FF4205335
:10D5D00001A940468DF80440ADF8063014F07CF8FF
:10D5E000002834D16C681422002107A819F0E6F94C
:10D5F00001221121204615F0F8FC0990002841D0A5
:10D6000001210830CDE9075804F0DEF84FF000089A
:10D610000A9007AB80F800801B4ACDF82C80394671
:10D62000304615F093F90A9B1C781CBB099803F04F
:10D630009BFF0A2318E03E4601233246102128466C
:10D64000FFF7BEFE002420460CB0BDE8F08142F694
:10D65000010307A940468DF81C40ADF81E3014F0B8
:10D660003BF80028BED01023324610212846FFF791
:10D67000A7FEE8E7054A0999284615F05EFCE1E7B0
:10D680000424E0E70E24DEE7B9CF0200AB2D04004E
:10D690002DE9F043466885B004460D463046012129
:10D6A00016F0E7FC58B9052104F1980015F041FB8C
:10D6B00000280CBF1220002005B0BDE8F083102226
:10D6C0000021684619F07AF900220F21304615F042
:10D6D0008CFC029050B3DFF85C90009405F10807D1
:10D6E0004FF00108AB89012B05D8114A0299204659
:10D6F00015F023FC18E0384617F0E0FD6B464A466B
:10D70000014606468DF80C8015F020F99DF80C3086
:10D71000002BE7D0029803F027FF9DF80C3032462B
:10D720000E212046FFF74CFE0020C5E70E20C3E780
:10D73000AB2D04005D2D04002DE9FF41D0F80480DD
:10D7400004460F464046012115461E4616F091FC40
:10D7500060B9052104F1980015F0EBFA00280CBF20
:10D7600012250025284604B0BDE8F08176B31022CA
:10D770000021684619F022F900222946404615F09A
:10D7800034FC029020B3BDF82830ADF804300123FA
:10D790008DF80C300F4A00946B463146304615F038
:10D7A000D5F89DF80C505DB1029803F0DDFE9DF8B0
:10D7B0000C30324639462046FFF702FE0025D1E7FD
:10D7C000054A0299204615F0B8FBCBE70125C9E7C9
:10D7D0000E25C7E75D2D0400AB2D04002DE9F041B7
:10D7E0008C89043CE4B2022C05468CB0084601D07A
:10D7F000102C50D10421083003F0C4FF0DF10408AF
:10D8000006884788011D2246404613F093FF88B1E1
:10D810009EB18FB1B74210D318226C6800210DEB76
:10D82000020019F0CBF801220921204615F0DDFB9A
:10D83000089068B90E2407E03E46012332460821CD
:10D840002846FFF7BDFD002420460CB0BDE8F0815E
:10D8500001210830CDE9065803F0B6FF4FF000086B
:10D860000A2309900D4A80F8008039468DF82C3043
:10D87000304606AB15F06AF89DF82C402CB108989C
:10D8800003F072FE9DF82C30D8E7054A0899284627
:10D8900015F053FBD8E70424D6E700BF21D10200DE
:10D8A000AB2D04002DE9F047884686B005460621D9
:10D8B00008F1080003F066FF078817B3B0F802907C
:10D8C000B9F1000F1CD04F451BD88388ADF802304A
:10D8D00000244FF4205301A96846D8F808A08DF819
:10D8E00000408DF80440ADF8063013F0F5FE064612
:10D8F00090B10A233A4606212846FFF761FD07E06A
:10D900004F4601233A4606212846FFF759FD0024D9
:10D91000204606B0BDE8F08798F80C40D5F80480A2
:10D920000146142201A819F049F832460721404661
:10D9300015F05BFB0290E0B10A238DF815300E4A1A
:10D940008DF8144001AB49463846CDE9036A01958C
:10D9500014F0FCFF9DF815402CB1029803F004FE72
:10D960009DF81530CEE7054A0299284615F0E5FAEC
:10D97000CEE70E24CCE700BF63290400AB2D0400E2
:10D98000F0B58B681E8885B005469EB15C8884B171
:10D99000B4420FD3476810220021684619F00EF8F0
:10D9A00000220521384615F020FB019058B90E20C1
:10D9B00007E026460123324604212846FFF700FDF2
:10D9C000002005B0F0BD2146094A00956B4630465F
:10D9D00014F0BCFF029C24B9019803F0C5FD0A2392
:10D9E000E9E7044A0199284615F0A7FAE8E700BFDD
:10D9F000232B0400AB2D04002DE9F04103681E68C1
:10DA0000BFF35B8FD0F89830BFF35B8FC3F3C005D3
:10DA10001B0704462ED48B681F88162F2CD9022290
:10DA20000321304615F0E1FA804638B30221083070
:10DA300003F0CAFE412303704570114A4146204657
:10DA400015F07BFA412F28BF41276783678504368D
:10DA5000BFF35B8F56E8003F43F4006346E80032B3
:10DA6000002AF7D1BFF35B8F204614F03FFF284612
:10DA7000BDE8F0810620FBE70420F9E70E20F7E778
:10DA8000AB2D040037B5002305460C4601930CF07E
:10DA90008FFB0B4B1B68834204BF00252C4601A95A
:10DAA00008482A46234609F09DFE014630B90198F0
:10DAB0001C2218F083FF019803B030BD0020FBE763
:10DAC000EC400020F812002007B50190806820B1DA
:10DAD00003F04AFD019B00229A60034801A909F066
:10DAE000EDFE03B05DF804FBF81200202DE9F347CA
:10DAF0000446C030884691461F460BF081F9D4F8A1
:10DB00009C000026F0B1104B984212D1C4F89C60E2
:10DB10003546206815F095F93DB12068CDF800A094
:10DB200000684B4642463946A847002002B0BDE88F
:10DB3000F08745684660D0F818A0FFF7C5FFC4F825
:10DB40009C60E6E70546E4E7F0400020D0F89C3012
:10DB500070B5044613B3164A93421FD08B684068D1
:10DB6000DD78052D06D00F2D19D1437A012B16D85B
:10DB7000022107E0437A012BFAD9022B0CD0032BA8
:10DB80000DD1042114F051FC48B9D4F89C20137C29
:10DB900043F00103137470BD0321F3E70E25002247
:10DBA0002B4620461146BDE87040FFF79FBF00BFDF
:10DBB000F0400020F0B550F8045C85B00446002D1C
:10DBC0004CD000F1F00105F1280015F08AF8261F6D
:10DBD00004F19C0700220023384603F031FB024683
:10DBE00018BBD4F8983023B101460E233046FFF716
:10DBF0007DFF002344F8043CAB6A002B2ED1039533
:10DC00000398002200230C3003F01AFB80B903981C
:10DC1000456885B9056003A9114809F04FFE2068E1
:10DC200005B0BDE8F04001F089BD03F09DFCD1E7EF
:10DC300003F09AFCE4E782686E682B6843609542C3
:10DC400008BF836036B1AB690093002300681A46B1
:10DC50000E21B0472846FFF737FFD8E705B0F0BDE3
:10DC6000B81200202DE9FF410C461746984606469B
:10DC700058B92C492C482D4A40F6815312F0A2FC89
:10DC80002A4840F6815112F096FC5CB92849264892
:10DC9000264A40F6825312F095FC244840F6825101
:10DCA00012F089FC3046FFF759F9054638B920468D
:10DCB00003F05AFC6FF07F0004B0BDE8F08147B17B
:10DCC000CDF800803B4622460421304614F0B8FCD3
:10DCD000F2E700F10C062146304603F011FC002269
:10DCE0000023304603F0ACFA014608B90020E3E710
:10DCF000A86A90B150F8F44904B1F43C00220391B1
:10DD0000FFF78CFA0028F1DA039934B1D4F8F43033
:10DD100003B1F43B20461C46F0E7304618F05DFCAA
:10DD2000E4E700BF92A804008E870400FDA704006A
:10DD30008EA4040038B50C46054658B91649174854
:10DD4000174A40F69E5312F03DFC154840F69E518E
:10DD500012F031FC5CB913491048114A40F69F5348
:10DD600012F030FC0E4840F69F5112F024FC284679
:10DD7000FFF7F4F860B10023236083682BB9C0E992
:10DD8000014415F05EF8002038BD1C608460F8E79F
:10DD90006FF07F00F8E700BF92A804008E870400B0
:10DDA000FDA704008EA8040010B50C4618B311B3EB
:10DDB000FFF7D4F8F8B1836A43B153F8F42902B1FC
:10DDC000F43AD3F89C108C4206D06AB9043021464C
:10DDD00014F087FF204603E0074AC3F89C20204642
:10DDE000BDE81040FFF770BED2F8F41001B1F4396D
:10DDF00013460A46E5E710BDF040002010B504497F
:10DE0000144618461022A04700EAE07010BD00BF7B
:10DE1000402D0020F7B50F4D044600262F466A1C02
:10DE200054B9694610460094CDF8034015F053FAF2
:10DE300040B9384603B0F0BD2978204614F01FFBE6
:10DE40000028F6D10136032E05F11005E6D1002792
:10DE5000EFE700BF14410020F8B50B4D06460F4612
:10DE6000002415F8013CB34207D13946284615F085
:10DE700032FA10B905482044F8BD0C34242C05F1C1
:10DE80000C05EED10020F7E79F5000209E500020A7
:10DE9000F7B50F4D044600262F466A1C54B9694653
:10DEA00010460094CDF8034015F015FA40B93846F5
:10DEB00003B0F0BD2978204614F0E1FA0028F6D12D
:10DEC0000136032E05F11005E6D10027EFE700BF6C
:10DED0007C410020F8B50B4D06460F46002415F88E
:10DEE000013CB34207D12946384615F0F4F910B980
:10DEF00005482044F8BD1034302C05F11005EED152
:10DF00000020F7E7154100201441002070B50546B8
:10DF10008CB015F8012B04469AB102AE04213046AC
:10DF200012F0D3F800962B4603A8074A2421FBF7EA
:10DF300039FE042204F1080103A8F9F783FC0CB0B0
:10DF400070BD0092EFE700BF70AA040008B5082179
:10DF5000044815F012FA0022002303480AF04AFF91
:10DF6000002008BD302E0020502D002007B51223C0
:10DF70000A460421CDE90031034B044915F01BFA90
:10DF800003B05DF804FB00BFD3390400353604004C
:10DF9000836813B504465BB10A490B480B4A40F647
:10DFA000813312F00FFB094840F6813112F003FB78
:10DFB00000236946601C0093CDF8033015F08CFAFD
:10DFC00002B010BDC7A804008E87040097A8040003
:10DFD0002DE9F0479846BDF82030D1F80CA0064650
:10DFE0008946002B5ED108F1FF33012B5DD81778ED
:10DFF000B8F1010F514614BF1788BFB215F06EF982
:10E00000054680B917B94046BDE8F087514615F07E
:10E0100065F9054600284BD006F19001013015F056
:10E020005BFA337A2B70DAF81C307BBBBAF8143009
:10E030002C892F81BB4203D05146484615F0CCF8BD
:10E04000BC421DD03046FEF799F91B4C54F82030E5
:10E050009E4215D0307A06F1900113F000FF78B19E
:10E060003046FEF78BF98146304614F05EF94FF4E6
:10E07000004244F82900002304F108000AF0BAFE27
:10E08000002FC0D1284615F074FABCE73A4649463D
:10E09000304698470028B7DB441E012CC6D96FF0E4
:10E0A0000D00B1E76FF00600AEE76FF00C00ABE7D4
:10E0B0006FF01000A8E700BFA82D002070B58CB04D
:10E0C000FFF7CAFE0446A8B1054615F8012BA2B118
:10E0D00002AE0421304611F0F8FF0096084A2B46A4
:10E0E000242103A8FBF75EFD03A812F03DFD2046A6
:10E0F00015F01DFB00200CB070BD0092EEE700BFD4
:10E1000070AA04002DE9F84F254B164682689A4202
:10E1100007462FD1C568AB8A63B3DFF888B06C1CA3
:10E1200005F1150A4FF0000806F19009B4F8073020
:10E130009BB114F8011C2246304614F0A0F9E0B956
:10E1400014F8010C2146FEF70BFB30B1437B072B83
:10E1500008BF4FF00108FDF7FDFF0A34A245E5D1E5
:10E16000B8F1000F06D1AB69A5F8148013B1414690
:10E17000384698470120BDE8F88F307A494613F0B9
:10E180006EFE40B95D4502D1304615F0D5FA601EED
:10E1900015F0EFF9E1E74946204615F09DF9DCE777
:10E1A000D1DF02006408002008B581681346074AE1
:10E1B000914209D11A791968C06815F0BBF818B1F5
:10E1C0000023036043600381012008BDD1DF02000A
:10E1D00037B5204B144682689A4202D0012003B022
:10E1E00030BDA368C5684BB922792168284615F06F
:10E1F000A1F80028F2D015F0BCF9EFE7E06800289C
:10E20000EDD01B8899420AD0E8D9E068A3680138AC
:10E210000433E0600038A36018BF0120DFE72279F3
:10E220002168284615F086F8024678B900906946BC
:10E23000CDF80300284615F07DF802460028E4D00A
:10E240002168013015F048F923791370A3685B88C1
:10E250001381DAE7D1DF020070B50E4B14468268F5
:10E260009A4214D1C56821686E1C304615F033F807
:10E2700018B96168304615F02FF90B35216828462A
:10E2800015F029F818B96168284615F025F901201C
:10E2900070BD00BFD1DF020038B50C4B1446826858
:10E2A0009A420D460FD122792168C06815F042F8D4
:10E2B00048B1D4F8C830018904EB830201331581D9
:10E2C0005181C4F8C830012038BD00BFD1DF020041
:10E2D00070B58EB00546FFF79DFD05F1900304462D
:10E2E00008B32A7A083402B304AE042130460393FB
:10E2F00011F0EBFE039B0E4A0096242105A8FBF7C4
:10E3000051FC2A7A039B012532B900220092242174
:10E31000074A05A8FBF746FC2A46214605A8F9F757
:10E3200091FA0EB070BD0546EFE70125EDE700BF9D
:10E330006AAA040008B509486FF0020115F02CF82C
:10E34000064815F014F8C30705D505484FF4A47224
:10E3500000230AF04FFD002008BD00BF302E002032
:10E36000002E002010B56FF0020104460F4815F092
:10E3700013F80E4814F0FBFFC20704D50C48002226
:10E3800000230AF037FD204614F0FDFE60B1204660
:10E39000FFF740FD40B1037ADB0705D5BDE810402B
:10E3A00001210C3014F0E9BF10BD00BF302E002059
:10E3B000002E002070B52D4BBFF35B8F012253E878
:10E3C000001F002903D143E800200028F7D1BFF344
:10E3D0005B8F4AD1BFF35B8F254B53E8001F0029A9
:10E3E00003D143E800200028F7D1BFF35B8F38D07A
:10E3F000204B214921480022C3E900220AF0D6FB24
:10E400004FF4A47200231D480AF078FC1C491D48F3
:10E410000AF0CCFB02211C4814F0AFFF1B481C493A
:10E420000AF0C4FBBDE870401A48FEF775B91A4AF5
:10E43000636811880B4413800834AC420ED9174925
:10E44000174840F20953324612F0BCF8154812F052
:10E45000B9F840F20951304612F0ADF8AC42E6D3BB
:10E46000C6E7114C114D124EE7E770BD4441002044
:10E47000784100200C41002015E70200502D0020BB
:10E4800055EA0200002E0020302E0020B02D002082
:10E49000E1400400440800209C500020E5A804004E
:10E4A0008E870400B99A0400F0740400007504001B
:10E4B00097A804002DE9F843044610B90020BDE8F0
:10E4C000F883008A0028FAD11A4DDFF87880DFF847
:10E4D0007890012745450ED91749184840F25763EF
:10E4E0004A4612F06FF8164812F06CF840F2576185
:10E4F000484612F060F84545E0D2D5E9002694423E
:10E5000006D34FF0140C0CFB0623143B9C420ED98F
:10E51000B81980B208350746DCE70CFB01239C42A2
:10E52000CDD001317B188E4298B2F6D1F2E70021AE
:10E53000F8E700BFF0740400DEA804008E87040032
:10E54000B99A04000075040097A804002DE9F74F5C
:10E55000BDF83050009199464FF6FF73002D08BF6B
:10E560001D462D4B1B888342074690464FD203B071
:10E57000BDE8F08F73682344BB4245D29CB2083695
:10E58000264B9E420ED92649264840F21B735A4616
:10E5900012F018F8244812F015F840F21B71584692
:10E5A00012F009F81D4B9E42E4D3E0E7895801932D
:10E5B000404613F091F8019B98B101340AF1010A29
:10E5C000A4B273685345DAD9009B9C42CFD8BC42B1
:10E5D000F3D31423316803FB0AF28B18B8F1000F50
:10E5E000E4D1B9F1000F0BD1013DADB218460E9A3E
:10E5F0000D9B21469847002DB9D00028DDD1B6E704
:10E60000DA689145D9D1EFE74FF0000AD9E7074E14
:10E61000DFF81CB00124B3E79C5000200075040013
:10E62000DEA804008E870400B99A0400F074040088
:10E6300097A8040030B5C9B0002304461CAA694657
:10E6400004A8CDE90033CDE9023312F0DAFE08B3B5
:10E650004FF6FF710120104A04AB15F034FA0F4851
:10E6600004A912F064FFA8B10C4B082203F10F01BA
:10E6700018780D7803F8015B013A01F80109F7D128
:10E6800024B1064906481022F9F7DCF805480421B0
:10E6900014F073FE49B030BD2D320400302D00203F
:10E6A0000DA90400302E00202DE9F0411649BDF8D7
:10E6B00018700446A1F1300015461E460AF0FEFB14
:10E6C000124814F054FE410702D40120FFF7B2FFB4
:10E6D0002046FFF79FFB68B1037ADA070AD500F1FD
:10E6E0000C04204614F043FEC30703D40221204645
:10E6F00014F043FE102306933A4631462846044B55
:10E70000BDE8F04115F042B8802D0020302E0020E9
:10E71000302D002010B529486FF0080114F03CFEA0
:10E72000000745D5254814F022FE03465907C0F3DB
:10E73000800001D4FFF77EFF21491022881818F0CD
:10E740000CF948B91F480AF05BFBBDE810401B48B4
:10E750006FF0010114F020BE1B4C012104F15000A8
:10E7600014F00BFEC20713D4184BA361134814F026
:10E77000FEFD830705D413484FF4A47200230AF06A
:10E7800039FBBDE810400E4911481022F9F75AB87C
:10E79000238B628B012B4FF6FF7305D89A42F0D082
:10E7A0004FF6FF736383E1E79A422183DED0F7E7F8
:10E7B000BDE810400120FFF73DBF00BF302E002014
:10E7C000302D0020002E0020E02D00200100FFFF52
:10E7D0000DA904002DE9F041B8B00F4615462249B5
:10E7E0003E986A461E4612F0C3F9002838D0009CB5
:10E7F00001A9204612F0DCF964B1019870B90DF15D
:10E8000008080023204641468DF8143012F03EFFE0
:10E81000044650B16FF0150004461AE00A220021A8
:10E820000DF062FF0028EAD0F4E7CDF81080A7B120
:10E8300008AFC02239463046A8470028ECDB8008E4
:10E8400006970790094A04AB4FF6FF71012015F0B7
:10E850003AF9204638B0BDE8F081CDE90600F1E78D
:10E860006FF01504F5E700BF15A90400D1E102001F
:10E870002DE9F0471546894614226968804615F04F
:10E880002DF9074600283CD14FF470200021AE8AB4
:10E89000FFF7F8F80236044620B96FF00B0528465A
:10E8A000BDE8F087184B46611D214174C760436085
:10E8B00085613246404614F098FB064618B920465A
:10E8C000FFF702F9E9E700F1080A0221504602F0D9
:10E8D0007BFF0746A98A27F8029B504602F074FF87
:10E8E000AA8A2969384618F048F8A66021464046A9
:10E8F000FFF720FA05460028D1D02046FFF7E4F8BC
:10E90000CDE74FF0FF35CAE7F531040030B50546D5
:10E910008BB00C4671B94749474A484840F6132323
:10E9200011F050FE464811F04DFE434840F61321C9
:10E9300011F041FE636883B9236873B941493E4AC7
:10E940003E4840F6142311F03DFE3D4811F03AFEDA
:10E95000394840F6142111F02EFE3B4814F007FD13
:10E96000420761D515B16B7B072B60D160680590BC
:10E97000FFF7A0FD2268ADF818003AB305A902918F
:10E98000324901910121002300914FF6FF71059357
:10E99000FFF7DCFD059B1BB96FF001000BB030BD2C
:10E9A0006360059B186800238DF8103004A942F6B7
:10E9B0000303ADF8123012F08FFE70B90598C368EA
:10E9C0009B799B0605D46FF01500E7E70028E8D196
:10E9D000E2E715F031F8ADF81800BDF818003DB1C8
:10E9E00001230146A37522462846FFF741FFD5E7DC
:10E9F0006FF07F0307930223ADF8203042F6021335
:10EA0000ADF8123005ABA5750293114B01930123AC
:10EA1000009304AA2B464FF6FF7109948DF810500D
:10EA2000FFF794FD0798B9E76FF00A00B6E76FF0BB
:10EA30007F00B3E71CA9040097A804008E87040098
:10EA400023A9040039A90400D80400201B320400C3
:10EA5000F1EA020037B500F130050446284614F00B
:10EA600086FC83070ED51C491C4A1D4840F29E4374
:10EA700011F0A8FD1B4811F0A5FD184840F29E4179
:10EA800011F099FD34F8083CADF804306FF0010145
:10EA900034F8063CADF80630284614F07DFC124BE5
:10EAA00044F81C3C114B44F8183C01AB002044F8DE
:10EAB000103C042324F8080C24F8060C24F80C3C21
:10EAC000A4F12001FFF722FF18B90221284614F013
:10EAD00054FC03B030BD00BF56A9040097A8040041
:10EAE0008E87040087A90400487D040065E30200C6
:10EAF0002DE9F04F3E4B144682689A4285B0074696
:10EB000005D04FF00108404605B0BDE8F08FD0F8C1
:10EB10000C90384B99451AD009F1010609F1150AF4
:10EB20004FF0000BB6F80720A3899A420BD116F8D4
:10EB3000010C3146FDF714FE054620B1437B072B3F
:10EB40002AD0FDF707FB0A365645DAD0EAE7002659
:10EB5000294DB04602A92846CDF80880CDF80B8093
:10EB600014F0B9FB78B115F8010C07222946FDF71E
:10EB70001DFE70B9236915F8010C1A6929465388DE
:10EB8000128814F004FD0136032E05F10C05E1D1C5
:10EB9000C2E7FDF7DFFAF6E7D9F8203023B13946AE
:10EBA000984708B92846CCE714223946284614F07D
:10EBB00095FF80460028C6D1A389A1882269022B2F
:10EBC000284611D1FFF754FE034618B921698A7D02
:10EBD00001328A7528460193FDF7BCFA019B002B90
:10EBE00091DBC4F808B0AEE714F0A3FF0346F1E7E9
:10EBF000D1DF0200640800209F5000202DE9F34778
:10EC0000314B174682689A42064659D1D0F80C809B
:10EC10003C6808F1010508F11509B5F80730F3B1B2
:10EC200015F8011C2A46204613F029FCB8B12A2207
:10EC30003146204614F052FFA8B103280FD0052812
:10EC4000204614BF4FF0020A4FF0030A13F015FCE0
:10EC5000824508D93B79534501D287F804A00A358B
:10EC60004D452DD0D9E74146304614F0B5FA174B43
:10EC7000984525D1207A04F19001FFF7EDF8F8B11D
:10EC80000289438952EA03011AD02046ADF80420D4
:10EC9000ADF80630FDF772FB0D490E4A182303FB51
:10ECA000001300B25A600C4A9A6001AA00EB4000BF
:10ECB0001A61042201EBC0019A822046FFF726FE6A
:10ECC000012002B0BDE8F087D1DF02006408002017
:10ECD00048410020487D0400FD39040073B50D460D
:10ECE000044670B92249234A234840F66E4311F086
:10ECF00069FC224811F066FC1E4840F66E4111F096
:10ED00005AFC0DB12B6873B91D491A4A1A4840F6CE
:10ED10006F4311F057FC1B4811F054FC154840F6A6
:10ED20006F4111F048FC637B072B1AD1261D4FF46D
:10ED30000061304614F021FB030515D40223CDE910
:10ED400000332046104B11492A4614F034FB044688
:10ED500020B16FF40061304614F01EFB204602B073
:10ED600070BD6FF07F04F9E76FF07704F6E700BF3E
:10ED700092A8040097A804008E870400A2A90400AA
:10ED8000BCA9040023A904002B340400233204008E
:10ED900070B50C4686B0054670B97449744A75481A
:10EDA00040F6A67311F00EFC734811F00BFC70488E
:10EDB00040F6A67111F0FFFB0CB1636873B96F499F
:10EDC0006B4A6C4840F6A77311F0FCFB6A4811F0DF
:10EDD000F9FB674840F6A77111F0EDFB23890BB1F1
:10EDE000E38973B96649624A624840F6A87311F034
:10EDF000E9FB614811F0E6FB5D4840F6A87111F0AF
:10EE0000DAFB2289E3899A420ED95E49584A594869
:10EE100040F6AA7311F0D6FB574811F0D3FB5448C3
:10EE200040F6AA7111F0C7FB6B7B072B40F09A806C
:10EE3000237C062B23D8DFE803F0040454545C8EB3
:10EE4000200023688BB11B786BB1022B17D11623DE
:10EE50000193062300934C494C4B2246284614F05C
:10EE6000AAFA06B070BD0823F2E710230421CDE909
:10EE700000312246464B4749F0E7206810B96FF051
:10EE80001500EEE70678002EF9D14FF4245302A9BD
:10EE90008DF80860ADF80A3012F01EFC08B342F697
:10EEA000021320688DF80C6003A9ADF80E3012F043
:10EEB00013FCB0B142F6031320688DF8106004A96A
:10EEC000ADF8123012F008FC58B142F60413206875
:10EED0008DF8146005A9ADF8163012F0FDFB00287E
:10EEE000CDD108230422CDE900322B492B4B2246F9
:10EEF000B4E7206878B300264FF4205302A98DF8B8
:10EF00000860ADF80A3012F0E7FB0028B7D042F6EF
:10EF1000010320688DF80C6003A9ADF80E3012F0E3
:10EF2000DBFB0028ABD042F6020320688DF81060AE
:10EF300004A9ADF8123012F0CFFB00289FD042F6A2
:10EF4000030320688DF8146005A9ADF8163012F09F
:10EF5000C3FB002893D00423CDE900331049114BA3
:10EF600022467BE76FF07F007BE700BF92A804009A
:10EF700097A804008E87040023A90400BCA90400FC
:10EF8000D3A9040000AA0400D33B0400873904007D
:10EF90006D340400713C0400A9EF02009D340400AC
:10EFA000093E0400553404002DE9F04F93B0164695
:10EFB00080461C9A29B15368002113B0BDE8F04F78
:10EFC0001847107C022876D13478062C1AD0082CE9
:10EFD00078D18DF820105C1E0025A4B2771C0DF1AD
:10EFE0002009AB4642F6020A3378A3420DD9002C21
:10EFF00068D1002D66D02946404613B0BDE8F04FD9
:10F0000014F0CABD8DF82000E5E73B889DB2002DC5
:10F0100058D07988ADF81C1088B2B988ADF81E10A8
:10F020001FFA81FC9DF8201081B1022917D01168C8
:10F0300049B34846CDE9022312F04EFBDDE9022335
:10F0400008B33178641AA4B20F44CDE7CDF8189014
:10F05000B979F87941EA0021ADF82210E7E70A23EF
:10F0600015815081A2F80CC040460191009373496C
:10F07000734B029214F09FF985B2029A002DBAD117
:10F0800013B0BDE8F08F05A9CDE90D1B06A91091BD
:10F09000ADF844308DF814B05368ADF816A0CDF833
:10F0A0003CB08DF846B00DA9404602929847029AAE
:10F0B0000028C6D1E4E7032864D13078072807D0B8
:10F0C000152804D05368002140469847D8E702210C
:10F0D0005C1E00258DF82010A4B2771C0DF12009CC
:10F0E000AB4642F6030A3378A34280D83B889DB2F0
:10F0F000002DE7D09DF8201081B1022915D01168AC
:10F10000F9B14846CDE9022312F0E6FADDE902231F
:10F11000B8B13178641AA4B20F44E4E77979B879C8
:10F1200041EA0021ADF82210E9E7791D0DF1210037
:10F1300007F1150C51F804EB40F804EB6145F9D1E7
:10F14000DDE7B9788DF81E1005A9B7F80300ADF812
:10F150001C00CDE90D1B06A91091ADF84430CDF887
:10F16000189053688DF814B0ADF816A0CDF83CB0E7
:10F170008DF846B00DA9404602929847029A0028A1
:10F18000C7D17DE711680D7885B9B1F802905C1E92
:10F19000A4B2771CA9F52459AA460DF1200B3378A7
:10F1A000A34207D914B9002D7FF425AF536800217D
:10F1B000404602E739888DB2002DF7D0B9F1040F2F
:10F1C000F4D801A353F829F0DDF10200ADF10200FB
:10F1D000DDF10200DDF1020011F202007B88ADF8E2
:10F1E00020301368ADF84410CDE90D3ACDE90FABEE
:10F1F00053688DF846A00DA9404602929847002812
:10F200003FF43EAF3178029A641AA4B20F44C6E7C5
:10F21000BB788DF82030FB788DF8213078793B79F8
:10F2200043EA0023ADF82230BB798DF82430FB7916
:10F23000387A43EA0023ADF82630D2E7793D04005E
:10F2400041340400F8B50E46054670B94A494B4AA8
:10F250004B4841F2822311F0B5F94A4811F0B2F956
:10F26000464841F2822111F0A6F90EB1336873B914
:10F270004549424A424841F2832311F0A3F94148EB
:10F2800011F0A0F93D4841F2832111F094F9B389BE
:10F2900073B93E49394A3A4841F2842311F092F950
:10F2A000384811F08FF9354841F2842111F083F983
:10F2B000738973B93649314A314841F28A2311F0D2
:10F2C00081F9304811F07EF92C4841F28A2111F081
:10F2D00072F96B7B072B46D12846FEF7D9FD044611
:10F2E00058B9FEF7D5FD044600283FD005F190013E
:10F2F000013014F0F1F82B7A2370A2680AB9134692
:10F3000001E0A2F1140300216BB919BB2846314674
:10F31000FEF72CFE0546E8B1A36813B92046FEF7B8
:10F3200037FE2846F8BDB34206D112B92046FEF793
:10F330002FFE6FF07705F4E71F893089874204D1EB
:10F340009F89B089874228BF01215B69002BDCD0EF
:10F35000143BD9E7E568A268726106F11403A36063
:10F360003DB9E360DDE76FF07F05DAE76FF00B058D
:10F37000D7E70025D5E700BF92A8040097A80400AE
:10F380008E87040023A904002DAA040046AA0400C5
:10F3900054AA04002DE9F0410D46074670B94349CF
:10F3A000434A444841F2E12311F00CF9424811F07C
:10F3B00009F93F4841F2E12111F0FDF875B93F49E3
:10F3C0003B4A3C4841F2E22311F0FCF83A4811F084
:10F3D000F9F8374841F2E22111F0EDF87B7B072B79
:10F3E0005BD13846FEF754FD0646002858D08468A5
:10F3F00004B1143C0023984674BB002B50D0B8F1E4
:10F40000000F38D0B36805F114025BB19A4241D1C4
:10F410006B69F168002C38D18A42B36000D1F36087
:10F4200000236B6105F1100013F0A1FF430703D522
:10F430002946384614F08CFDB36813B93046FEF700
:10F44000A7FDB8F1000F2ED000232C681A462946DC
:10F450003846A047002016E0AC420AD021892A890C
:10F46000914208BF4FF001086469002CC5D0143CDC
:10F47000C2E70123F8E7A5F80C8029463846FEF7D5
:10F4800075FD0028BED0BDE8F0818A42236008BF28
:10F49000F460C5E71C461B68B7E76FF07F00F2E732
:10F4A0006FF01500EFE74046EDE700BF92A80400BB
:10F4B00097A804008E87040023A904001CA9040057
:10F4C00070B58EB000F19006044603900123007AD7
:10F4D0008DF81030314612F0C2FC98B1227A002A21
:10F4E00039D002AD0421284610F0EFFD00951C4AEA
:10F4F000242105A83346FAF755FB05AA19491046F9
:10F50000F8F700FA4FF6FF71174A03AB012014F029
:10F51000DAFA204612F0B1FF9DF81010884202D2AC
:10F52000204612F082FF2046FEF7B2FCA8B18568A3
:10F530009DB1207A3146143D12F091FC48B105F19D
:10F54000100013F014FF830703D429462046FEF76A
:10F550000DFD6D69ECE70092C9E70EB070BD00BF0C
:10F5600018A90400D5E70200FDEB0200F8B5084B2E
:10F570001C6805460E4617464CB154F8043C043C42
:10F580001BB13A463146284698476468F4E7F8BD0F
:10F590000C41002007B5064A00906B4601204FF64B
:10F5A000FF718DF8040014F08EFA03B05DF804FBCF
:10F5B000FDEB020070B5C0B0002304460D460D916E
:10F5C0008DF838003F93114A0DAB4FF6FF710120C3
:10F5D00014F079FAACB103AE22460421304610F0A3
:10F5E00074FD00960A4A2B46242104A8FAF7DAFA99
:10F5F0003F9A42B192000FA904A8F8F723F940B04E
:10F6000070BD0094EEE71146F6E700BF99E20200F4
:10F6100018A9040013B50446CDE900126B46084A48
:10F620004FF6FF71012014F04EFA04F19001207A98
:10F63000FFF7C0FF2046FEF74BFE02B010BD00BF33
:10F6400059E20200F0B58FB003AE04460D460391B7
:10F650008DF81000344A33464FF6FF71012014F044
:10F6600032FA002C3ED002AF22460421384610F078
:10F670002CFD00972D4A2B46242105A8FAF792FA73
:10F6800005A811F071FA00282ADB29462046FEF76A
:10F6900015FD002824DB29462046FEF71BFC08B197
:10F6A00014F016F904B322460421304610F00DFD83
:10F6B00000961F4A2B46242105A8FAF773FA05A8DD
:10F6C00011F052FA00280BDB1A4F002617F8013C04
:10F6D000A3420BD01036302E07F11007F6D10020D0
:10F6E0000FB0F0BD0094C5E70094E2E73946284624
:10F6F00013F0F1FD0028EDD10F4D3544AB68002B20
:10F70000EDD053F8144904B1143C002600229E8128
:10F710002946104613F06FFF002CE0D0626902B159
:10F72000143A23461446F1E7A9E1020018A904009F
:10F730006AAA04007D4100207C4100202DE9F74F9A
:10F740000346434A434D04464FF6FF71012014F02F
:10F75000BAF92046FCF712FE064655F8200020B103
:10F76000FCF7F8FC002345F826302B6823B96B68BA
:10F7700013B9394809F044FB04F19006207A314668
:10F7800012F06DFB30B1207A3146FFF713FF2046AF
:10F79000FEF79EFD207A314612F061FB50B1237ACC
:10F7A0008DF804302D4A00966B464FF6FF7101200C
:10F7B00014F089F92046FEF76BFB804670B385682C
:10F7C00065B355F8147907B1143F4FF0000908F1FB
:10F7D000010ACB46207A314612F041FB70B9A5F8F8
:10F7E0000CB02B464A464146204613F004FFAFB109
:10F7F0007B6903B1143B3D461F46EBE705F1100062
:10F8000013F0B5FDC307EAD498F801301BB13146B7
:10F81000504613F061FE05F11409E8E72046FEF7B3
:10F82000F9FA054688B1207A314612F018FB28B95A
:10F83000284603B0BDE8F04F14F04AB83146681CC2
:10F8400003B0BDE8F04F13F047BE03B0BDE8F08F42
:10F8500005E10200A82D0020B02D0020A9E1020042
:10F86000104B1B68BBB11A6842B1596831B1996835
:10F8700011B90D49097839B9042070470A49097846
:10F8800011B10AB1996841B95B6843B9002A0CBF4C
:10F89000032000207047032070470120704702209A
:10F8A000704700BF843F00205E5300200B4AD2F80F
:10F8B000EC3010B51BB1D2F89C3263B901234FF480
:10F8C000D8704343D018EC33054CC0F8F0401344D3
:10F8D0000B60002010BD6FF00B00FBE7382E0020FE
:10F8E000C47E040008B501460848094B14F03BFCEF
:10F8F00050B903F5DA7014F036FC20B101204FF452
:10F90000D87202FB003008BD0020F8E73C2E002032
:10F91000382E00208842F8B504460D46164600EB06
:10F9200002071AD98B1898420ED20D490D4A0E487B
:10F9300040F2172310F046FE0C4810F043FE094831
:10F9400040F2172110F037FE013E354415F8013919
:10F9500004F8013BBC42F9D1F8BDE6D0B942E3E777
:10F96000A5AA040073AA04008E870400FCAA040060
:10F9700070B598B00E4614460146202204A81D46D4
:10F98000FFF7C8FF202231460CA8FFF7C3FF102263
:10F99000294614A8FFF7BEFF102221466846FFF74C
:10F9A000B9FF6B46502204A9184614F052FC40B926
:10F9B000039B054A1BBAB3FBF2F102FB11331C9AFD
:10F9C000136018B070BD00BF40420F0038B5054647
:10F9D0000C460430052114F0C6FBE8B9042C1AD8F3
:10F9E000EB7AAA7C1340D9072FD42B7BE97C0B43FD
:10F9F00013F004000FD0FFF733FF174B04EB840420
:10FA00001C44205C042806D1D5F8EC30DB78002BB0
:10FA10000CBF0220012038BD2B7BE87C03EA0002EA
:10FA2000120704D5EA7AAD7C2A43D2070FD4042CFE
:10FA30000FD8034313F00400EDD0FFF711FF07497F
:10FA400004EB84040C44205CE5E70620E3E7084669
:10FA5000E1E70020DFE700BF94AB0400ADAB04009A
:10FA60000C4B1B7810B57BB100F00F04FFF7F8FECC
:10FA7000094B1B7803280CBF04F00B0444F004046A
:10FA80002BB144F0010010BD00F00704EEE704F0D4
:10FA9000FE00F8E75E530020540D00202DE9F047EA
:10FAA0009AB01D46DDE923972E4B16460CAA8446D4
:10FAB0008A4603F1300E904618685968144603C40C
:10FAC000083373452246F7D118681B7920602371EB
:10FAD0006146202204A8FFF71DFF23486B46202221
:10FAE00004A914F0B6FB0446C0BB102251460DF128
:10FAF0003500FFF70FFF102231460DF14500FFF7EB
:10FB000009FF2946062211F8013B8DF855300DF109
:10FB10005600FFF7FFFE2299062211F8013B8DF8EF
:10FB20005C300DF15D00FFF7F5FE4B463522414696
:10FB3000684614F08EFB044680B9484614F0F1FB89
:10FB400001238DF8303035223B464146684614F09B
:10FB500080FB044610B9384614F0E3FB20461AB087
:10FB6000BDE8F087A5760400C6AB040030B5037A83
:10FB700087B00446052B28D8DFE803F023030323CE
:10FB8000272590F8DC20D0F8D830D34003F00103CB
:10FB900043F080030E4902AD0095096804F1370275
:10FBA00004F1570014F01BFC78B91022294604F127
:10FBB000170016F0D2FE00280CBF0020042007B06A
:10FBC00030BD0023E6E70020F9E70820F7E700BF93
:10FBD000AC410020032808B50AD005D80138012817
:10FBE0008CBF0020012008BD042810D00020FAE7B7
:10FBF000FFF736FE032808D10C4B18680028F2D016
:10FC0000C068003818BF0120EDE70120EBE7FFF7DF
:10FC100027FE032804D1054B186818B1C06808B145
:10FC2000034B187800F00100DDE700BF843F00209F
:10FC30005E53002070B504210446D83004F01CFD4A
:10FC40000546E0B90F4ED4F8D8300F4A84F8DC00EE
:10FC50003068B3FBF2F102FB1133C4F8D83068B15D
:10FC6000006858B10B21201D14F0DEFB3368D4F876
:10FC7000EC001B68D4F8D8109847284670BD0820BF
:10FC8000FCE700BF843F002040420F0038B5EC2263
:10FC90000546002116F092FE102105F1270004F020
:10FCA000EBFC044648B90521284614F0BDFBFBF7E0
:10FCB000EBFF034B1860204638BD0824FBE700BF6C
:10FCC000AC41002038B5051D04460821284614F033
:10FCD000ABFB064904F15700FBF7E6FF20B12846CD
:10FCE000082114F090FA082038BD00BF594E0400D6
:10FCF00073B5D0F8EC40054604F19001207A01F08C
:10FD0000D5F82B7A28B1427BD20702D50BB908204F
:10FD100029E018460628FAD801A353F820F000BFBE
:10FD200067FD0200BFFD02006BFD02000FFD020037
:10FD30000FFD02000FFD02003DFD0200264E33685C
:10FD4000002B46D0DB68002B43D00A21281D00245D
:10FD5000ADF8044014F068FB3368D5F8EC00DB68BC
:10FD600001A99847002002B070BD04210DEB0100ED
:10FD700004F082FC0028CAD1019B184A164EB3FB3E
:10FD8000F2F102FB11330193336853B11B6843B1A5
:10FD90000B21281D14F048FB336801991B6820468D
:10FDA0009847019B85F84730C3F307221B0C85F861
:10FDB00049301B0A85F8482085F84A30D2E7281DCB
:10FDC0000A2114F031FB044B1B6820465B689847FE
:10FDD000C8E70220C7E700BF843F002040420F0071
:10FDE0002DE9F043D0F8EC30D3F8BC3089B00446AC
:10FDF000002B6DD0071D0521384614F0B4F90028FA
:10FE000064D194F8E80010F0010062D0D4F8EC302E
:10FE10001A2101A8D3F8BC5004F02EFC804600281B
:10FE200054D10621204614F06FFB064600284DD021
:10FE30001021083001F0C8FC2A7B01A9814616F088
:10FE40009CFD287B0F2805D8C0F11002414648448C
:10FE500016F0B4FD31460022204614F045FA072181
:10FE6000204614F051FB064680B30A21083001F009
:10FE7000ABFC05AA034603CAC3F80200C3F8061088
:10FE8000BDF81C201A8020463146134A14F02CFA83
:10FE90000D21384614F067F905ACB8B101212846A8
:10FEA00015F0B0F905F14A0601AB1A4603CAA242A1
:10FEB00030607160134606F10806F6D1234603CB85
:10FEC000BDF81C3028646964A5F84830002000E0C3
:10FED000082009B0BDE8F083B90C03002DE9F84310
:10FEE000054614F039F90646002871D0071D042193
:10FEF000384614F038F9044600286CD102213846FF
:10FF000014F031F930B90321384614F02CF920B13E
:10FF10006FF00F042046BDE8F8830121384614F045
:10FF200022F90028F4D1A87AFFF754FE002855D012
:10FF3000D5F8BC303BB13046FFF7A8FE044670B19F
:10FF40006FF06804E6E7287A05F1900100F0FAFE08
:10FF5000C5F8BC000028EED16FF00B04DAE70121F0
:10FF6000304614F0D1FA80460028E9D00621083046
:10FF700001F02AFC05460920FFF772FDA870FFF783
:10FF80006FFC184B28701B786B701023EB704FF0D0
:10FF90000309012340F201322B7185F80590A6F880
:10FFA000E82073722B68C6F80A30AB88F3812246CA
:10FFB0004146304614F098F93046022114F034FAE4
:10FFC0000B2114F031FA4946384614F02DFAA1E716
:10FFD0006FF07F049EE76FF004049BE76FF0150459
:10FFE00098E700BF5D5300207FB5041DD0F8EC609A
:10FFF0008B682046022114F0B6F808B100204EE0CC
:020000023000CC
:100000000321204614F0AFF80028F7D10121204643
:1000100014F0A9F80028F1D11D78244B1B787BB18E
:1000200005F00F05D6F8BC306BB1DB8903F0240373
:10003000D3B93046FFF752FF00282FDB0F2131E004
:1000400005F00705EEE706F19002317A03922020D1
:1000500000F0DCFE039AC6F8BC0028B9317A04200F
:1000600000F0D4FEC6F8BC00D6F8BC100029E0D0E1
:100070006B0702D54B7BD807DBD52A0702D5CB8986
:100080009B06D6D50B7B009301F1180201F11A03F0
:100090003046103112F08FF9002802DA082004B03F
:1000A00070BD0121204614F0BFF9A7E75E53002080
:1000B00073B5047A022C054623D844B190F8DC309D
:1000C000D0F8D840DC4004F0010444F0800403215F
:1000D000284614F019FA0646A8B11021083001F09C
:1000E00073FB009010482346006805F1270205F1D4
:1000F000570114F074F9044648B1304601F034FA5F
:1001000001E0032C01D008200BE00024DFE70246C9
:100110003146284614F0E8F8281D214614F073F8FB
:10012000204602B070BD00BFAC4100202DE9F04177
:100130008F68FB78073B092B044600F2BF80D0F89C
:10014000EC80D8F8BC306BB1261D0F21304614F07E
:100150000AF898B92046FFF799FD78B1C5B228464C
:10016000BDE8F08198F8080008F1900100F0EAFD80
:10017000C8F8BC000028E7D10825F0E70123637226
:100180003B68C4F80A30BB88E38102232374B87843
:10019000FFF766FCE0740546FFF762FB494B6074AD
:1001A0001B78A374102323753B7903F00303637555
:1001B0007B7903F00103A3752B070CD5BB781D07D2
:1001C00009D50521304614F02FF9637D03F00203B1
:1001D00063750023A375E37C980606D5BB78990662
:1001E00003D51421304614F01FF9A37D84F8E830BC
:1001F000637D84F8E930E37CDA0706D5BB78DB075A
:1002000003D50D21304614F00FF90321304614F0C8
:100210000BF939782046FFF7D9FB2072D8F8BC10CB
:10022000204613F0A9FF00284AD0204613F0C5FF4E
:100230000546002893D10521304613F094FF30BBCA
:100240002046FFF755FD0546002888D1257A9DB93F
:100250000F21304613F087FF70B91B4F3B685BB12D
:100260005B694BB130460A2114F0DEF83B68D4F8E4
:10027000EC005B69984772E70321204614F0D4F83C
:100280000E2114F0D1F8BDE8F04114F05CB9257AE4
:100290008DB90F21304613F066FF60B90A4F3B68F5
:1002A0004BB15B693BB130460A2114F0BDF83B68A5
:1002B00040465B69DEE70C212046E2E706254EE773
:1002C00003254CE75D530020843F002070B50C21CE
:1002D000054614F019F90446F8B14021083001F040
:1002E00073FA0F4B1B680246014603F1200053F8D6
:1002F000046B41F8046B8342F9D1203203F12001F1
:1003000053F8040B42F8040B8B42F9D12846002223
:10031000214613F0E9FF002070BD0820FCE700BF74
:10032000AC41002038B5051D04460E21284613F0C7
:100330001AFF20B12046FFF7C9FF58B138BD264B40
:100340002022196804F1570016F007FB0028F1D1AC
:100350000820F3E7237A052BFAD801A252F823F0FC
:1003600079030300AD030300930303007903030043
:1003700051030300D10303000421204614F054F874
:10038000FFF796FE0028D9D12046BDE8384014F08A
:1003900060B82046FFF74EFC0028CFD1032120464D
:1003A00014F042F80E2114F03FF8EDE72046032147
:1003B00014F03AF80E2114F037F828460A2114F008
:1003C00033F8064BD4F8EC001B685B689847DBE712
:1003D00004212046E7E700BFAC410020843F002015
:1003E0008B68F7B500F1570704463A4603F1200140
:1003F00053F8040B42F8040B8B42F9D104F1770255
:1004000003F1200153F8040B42F8040B8B42F9D19D
:100410003846FBF7C3FB98B9D4F8EC30DB78002BF7
:1004200040F08180261D0E21304613F09CFE30B333
:10043000237A052B2BD8DFE803F02C47312C2A53E5
:100440000E21201D13F0F0FFD4F8EC50D5F8BC308D
:1004500033B9287A05F1900100F074FCC5F8BC00AE
:10046000D5F8BC30002BD7D0DA8902F02402002A5C
:10047000D2D05B7B9B07CFD4032003B0F0BD324BBF
:1004800020221968384616F068FA0028D0D10820D2
:10049000F3E70321204613F0C7FF0FE02046FFF7E4
:1004A000C9FB0028E9D10321204613F0BDFF0E212E
:1004B00013F0BAFFFFF7FCFD0028DED1204603B0A1
:1004C000BDE8F04013F0C5BF0A21304613F0ACFF81
:1004D0001E4BD4F8EC001B685B6898470E21D9E7E7
:1004E000102104F1270004F0C7F805460028CED1FA
:1004F000164F3B6833B3DB6823B3154B01A9B3F840
:100500003530ADF80430204613F006FE3046C4E91D
:1005100038550C2113F088FF3B68D4F8EC00DB68F9
:1005200001A99847CAE7084B1D682DB9201D06216F
:1005300013F07AFF2846A0E7204603B0BDE8F0405C
:10054000FFF7F0BE022098E7AC410020843F002076
:10055000A576040010B50549A0F1EC04943008F02C
:1005600025FB2046BDE8104014F0DFB9E55004003B
:100570002DE9F0418D68EB78073B092B044600F22A
:10058000AC802A7990F8E830D0F8EC70134080F80D
:10059000E8306A7990F8E930134080F8E9300223B6
:1005A00003742B68C0F81130AB88A0F81530AB7815
:1005B0001B0706D5037B1E0703D50521043013F066
:1005C00033FFAB78980606D5237B990603D5142113
:1005D000201D13F029FFAB78DA0706D5237BDB0754
:1005E00003D50D21201D13F01FFF29782046FFF7AA
:1005F000EDF92072D7F8BC10204613F0BDFD00289D
:100600006DD0204613F0D9FD0546F8B9261D052109
:10061000304613F0A8FD88BB2046FFF769FB05466E
:10062000A0B9237AABB90F21304613F09CFD80B1FD
:100630002C4F3B686BB15B695BB130460A2113F00C
:10064000F3FE3B68D4F8EC005B6998472846BDE8A8
:10065000F0810A21304613F086FD50B9204603216F
:1006600013F0E2FE0E2113F0DFFEBDE8F04114F0BE
:10067000E1B90021304613F0D7FEE7E794F8E930FE
:1006800084F8E85003F0020384F8E930237AA3B930
:100690000F21304613F067FD78B1DFF84880D8F8B5
:1006A000003053B15B6943B130460A2113F0BCFE00
:1006B000D8F8003038465B69C7E70B4B1B680BB9AD
:1006C0000621D7E720460C2113F0AEFE0B2113F0D4
:1006D0009AFDBDE8F041FFF7F9BD0625B6E7032511
:1006E000B4E700BF843F0020AC4100202DE9F04773
:1006F0008B6800F137098CB004464A4603F11001BB
:1007000053F8040B42F8040B8B42F9D104F10408AE
:100710000521404613F027FDD4F8ECA000285ED157
:100720000AF19E0304F1470708AE01930AF197030B
:100730000093029604F1100304F109024946384679
:1007400014F01CF908B1082545E01022314604F1E7
:10075000170016F002F900283CD19AF8035004F172
:1007600027013346EDB90A463846494613F062FD83
:100770000028E8D1227D637B9A4294BF00920093C7
:1007800006A9334605AA5046CDE90655ADF81450E2
:1007900011F011FE0028D6D10121404613F044FE8D
:1007A00019E04A46384613F045FD0028CBD10CAA83
:1007B000334603CB9342386079601E4607F1080741
:1007C000F6D10121404613F02FFE204613F0D5FE4E
:1007D000054600E0042528460CB0BDE8F0879AF8ED
:1007E0000330002B5AD12046FFF7C0F905460028F8
:1007F000F1D1237A052BA6D801A252F823F000BF2D
:10080000830803005108030051080300190803007E
:10081000470703008308030008AB5F4800930068A4
:100820004B4604F1270204F15701FFF7A1F8002815
:1008300089D10A21404613F0F7FD092113F0F4FD98
:10084000564B08991B689B68D4F8EC009847C2E7A0
:1008500094F8DC300133DBB2142B84F8DC3010D098
:10086000102104F1270003F007FF00287FF46BAF8D
:100870000321204613F0D8FD0CB0BDE8F047FFF788
:1008800017BC0721404613F06EFC08B1092184E72C
:1008900020460CB0BDE8F04713F0ABBE237A052B21
:1008A0003FF651AF01A252F823F000BFF708030052
:1008B0000309030003090300C508030047070300F9
:1008C0005309030008AB34490093096804F1270376
:1008D0004A4604F15700FFF74BF800287FF433AF86
:1008E0000A21404613F0A0FD2C4B08991B68D4F850
:1008F000EC009B6898470D21204613F095FD1021D0
:1009000060E72046FFF732F9054600287FF463AF21
:100910000321204613F088FD13F02FFE0546002822
:100920007FF459AF94F8DC300133DBB2142B84F838
:10093000DC3005D10D21204613F076FD10212CE787
:10094000102104F1270003F097FE00283FF443AF85
:10095000F9E6102104F1270003F08EFE0546002879
:100960007FF4F1AE0D4E3368A3B1DB6893B10C4B4D
:1009700008A9B3F83530ADF82030204613F0CCFB91
:100980000C21C4E93855404613F04EFD336808A9E0
:10099000DB6859E702251EE7AC410020843F0020B8
:1009A000A5760400F8B5D0F8EC400646051DF1B96F
:1009B0000D21284613F0D7FB074618B1D4F8BC0028
:1009C00000F0ACFA314B1B68002B51D053F80C5996
:1009D00005B10C3D1B6813B1394620469847002DE0
:1009E00046D0EA6802B10C3A2B461546F2E70139C7
:1009F000C9B20E299CBF264B5F5CD4F8BC3088BFBF
:100A0000092743B11B7B63BBD4F8BC0000F05EFA3E
:100A10000023C4F8BC300221284613F0A4FB40B9DF
:100A2000072F96BF1B4B1F21D95D3A462046FBF787
:100A300031FE0321284613F096FBC8B1134B1B6807
:100A4000B3B153F80C5905B10C3D5B6813B139468D
:100A50002046984765B1EA6802B10C3A2B46154624
:100A6000F3E70221284613F07EFB0028CCD1D2E721
:100A7000304613F05AFF627AA37A9A4204D0204695
:100A8000BDE8F84014F00AB9F8BD00BF883F002067
:100A900074AB04008CAB0400F8B58B8907460D4697
:100AA00093B3012105F1080000F06CFE0421064615
:100AB000A7F1E800A7F1EC0413F055FB20BB317857
:100AC0000E2921D8114F57F8313023B9072120467C
:100AD00014F08AF918E0204613F00FFF337818B9A4
:100AE000052B11D00821F2E707EBC302A98912797F
:100AF000914201D00A21EAE7294657F833302046CF
:100B0000984701460028E2D10020F8BD4C7E040041
:100B100038B5164B1860E0B11548164C07F0E8FBE5
:100B200000250621201D13F01EFB78B1D4F8EC300F
:100B3000DB78204683B9FFF7C9FB014610B1204698
:100B400014F052F90C21204613F06EFC04F5D87411
:100B500005B138BD0125E4E7FFF7E4FB01460028B5
:100B6000F4D0204614F040F9F0E700BFAC4100207B
:100B700028140020382E0020F8B5051DD0F8EC70A0
:100B80008E6804460A21284613F0B7FE40B10B4B8D
:100B90001B6863B920463178FFF704FF0020F8BDD9
:100BA0000B21284613F0A9FE0028F0D1F2E71B69BB
:100BB000002BEFD038469847ECE700BF843F002079
:100BC0002DE9F0410546A0F1E80604460F463046FF
:100BD000012155F8EC8913F090FE00285FD0CFB1C9
:100BE0000321304613F0BFFA002858D03846F9F7F1
:100BF0008FFD0138C0B208289ABF2E4B1C5C002420
:100C00000221304613F010FC21462846BDE8F04191
:100C1000FFF7C8BE98F80B30002B40D003213046B8
:100C200013F0A1FA20B92846BDE8F04113F07DBECB
:100C30000521304613F097FAB8B114F8043C1F07A9
:100C400007D514F8033C180703D51121304613F0DB
:100C5000EBFB14F8043C23F0080304F8043C14F8FC
:100C6000033C23F0080304F8033C14F8033CD907C1
:100C700017D50621284613F0D7FB0221304613F082
:100C8000D3FB98F8033013B914F8033C3BB928465A
:100C9000FFF7A6F818B934F8041C0029B5D0BDE850
:100CA000F0819A0701D50821E4E75B07E5D50A2121
:100CB000E0E700BF83AB040010B58378012B22D19D
:100CC000062111F05BFD044670B90F490F4A104828
:100CD00040F22F330FF076FC0E480FF073FC0B48F8
:100CE00040F22F310FF067FC14F8043C23F00103AD
:100CF00004F8043C34F8041C29B9A4F1EC00BDE864
:100D00001040FFF74FBE10BD78A804002EAB0400C2
:100D10008E8704005DAB040008B5074B074893F8C5
:100D2000563003F006039A1F53425341044A13708E
:100D3000FAF740FF002008BD50040020880800207A
:100D40005E5300202DE9F341144F3D46804615F8CF
:100D5000013B83420E460BD0002411480094072229
:100D60006946CDF8034015F0F8FD58B1204606E07D
:100D70000722284615F0F1FD0028EDD1384602B0D3
:100D8000BDE8F08187F800803368C7F80130B38888
:100D9000AB80B3790148AB71F1E700BFB0410020EF
:100DA000B14100200B4B13B50C461146DA8972B1E4
:100DB0001A7882420BD1D3F80100B3F805200090D5
:100DC000DB79ADF8042068468DF80630A04702B004
:100DD00010BD00BFB04100200B461146054A10B4BB
:100DE000D489044203D05DF8044B104618475DF8DF
:100DF000044B7047B041002008B50349002202208F
:100E0000FFF7EAFF002008BDE151040010B5094CCE
:100E10000B461146E289024207D022789A4204D159
:100E20000722601C15F099FD08B1002010BD204676
:100E3000FCE700BFB041002070B50B78012B0646DF
:100E40000D4601D0002070BD8B7903F0C003402B0C
:100E5000F8D1134CE3899B07F4D52378B3420BD127
:100E6000062204F13A01681C15F077FD08B9204606
:100E7000E9E7E3899A07E5D52378B342E2D16E1C0E
:100E80000848314610F0EFFB0028DBD0D5F80130E0
:100E90000548C4F83A30B5F8053083803A38D2E7CF
:100EA000B0410020DA410020EA41002010B5064C94
:100EB0002378834204D10722601C15F04EFD08B14F
:100EC000002010BD2046FCE7B041002070B5037A39
:100ED0005B078CB0044601D5F9F760FF254615F88D
:100EE000012BB2B102AE042130460FF0EEF80096AD
:100EF000094A2B46242103A8F8F754FE03A80FF053
:100F000033FE5C22002120460CB0BDE8704015F095
:100F100055BD0092ECE700BFD9AB040070B50546A3
:100F20008CB015F8012B04469AB102AE042130466C
:100F30000FF0CBF800962B4603A8074A2421F8F7B8
:100F400031FE502204F10C0103A8F6F77BFC0CB033
:100F500070BD0092EFE700BFD9AB0400024B342212
:100F600002FB0030704700BF781400208279074BE5
:100F7000342101FB02331A6B93F824301733801AA3
:100F800023F00303B0FBF3F0704700BF7814002098
:100F900010B50A4B8279342404FB02330A68DB6AF9
:100FA0005C6823689A4294BF0A600B60FFF7DEFF1B
:100FB000D4E9002302FB003010BD00BF78140020EC
:100FC00010B5437904464BB10D490E480E4A5623DD
:100FD0000FF0F8FA0C4856210FF0EDFA23684BB1E8
:100FE0000A490848084A57230FF0ECFA06485721E7
:100FF0000FF0E1FA0023A3812369A36010BD00BFB5
:1010000002AC04008E870400DEAB040013AC0400C5
:101010002DE9F04F85B005460391104619469246DA
:10102000994690461F4615F082FBCDE901014DB966
:1010300077497848784AF4230FF0C4FA7648F421C7
:101040000FF0B9FA05F11C064FF04003EFF3118BD6
:1010500083F31288BFF36F8F304606F0CFFD68B977
:101060006E4A6F496B488E230FF0ACFA6D483146DB
:101070000FF0A8FA69488E210FF09DFA304606F06D
:10108000DBFD6B8C002B00F082802A8C9A4252D9B7
:1010900000220023284607F0BFF8044600284AD063
:1010A000304606F0B9FD68B95C4A5F495948B92332
:1010B0000FF088FA5D4831460FF084FA5748B9219D
:1010C0000FF079FA8BF31188BFF36F8F039D002D1A
:1010D00000F09B8059EA0A0312D0B9F1FF3F08BF24
:1010E000BAF1FF3F0CD009F053FC019BB3EB0008B1
:1010F000029B63EB0107002FBCBF4FF0000847467F
:10110000A379DFF82C914FF0340A0AFB039342468F
:10111000DB6A1B6803A91E6820463B46B0470646AB
:101120002061002855D1A079214600FB0A9015F0D6
:1011300054FA344649E06C8C631E6B84304606F0EA
:101140006BFD68B9354A38493248B9230FF03AFA8D
:10115000364831460FF036FA3048B9210FF02BFAF5
:101160008BF31188BFF36F8F288C95F82420041B14
:1011700002F11703286B23F0030304FB03042C483C
:101180002C4BE2712D1AAD105D43A5719EE73046E0
:1011900006F042FD68B9214A23491E48B9230FF0E1
:1011A00011FA224831460FF00DFA1C48B9210FF010
:1011B00002FA8BF31188BFF36F8F52464B462846D5
:1011C00007F02AF80446002880D1204605B0BDE883
:1011D000F08F039B9D420ED917490F4A0D4840F2EC
:1011E00055130FF0EFF915480FF0ECF90A4840F2EB
:1011F00055110FF0E0F9002323600123A380039B26
:10120000E3812046FFF7DCFEDFE72561F3E700BF5F
:101210002DAC04008E870400DEAB0400D8970400D8
:101220003198040046980400059804001C980400B6
:1012300078140020C54EECC432AC040043AC04006A
:101240002DE9F843064606F0E7FF054650B1134F77
:10125000DFF84C80DFF84C900446637913F001030B
:1012600003D123602846BDE8F883002200233046DE
:1012700006F0D2FF206058B94146484640F2AD130F
:101280003A460FF09FF940F2AD1138460FF093F94E
:10129000637923F0010363712468DEE7DEAB0400A9
:1012A00046AC04008E87040038B50D46044658B994
:1012B0000E490F480F4A4FF4E2730FF083F90D48BF
:1012C0004FF4E2710FF077F9A3885BB10A4908483F
:1012D000084A40F2C5130FF075F9064840F2C511EF
:1012E0000FF069F9A3682B44236038BD8EA4040075
:1012F0008E870400DEAB040052AC0400F8B50C4647
:10130000054658B92E492F482F4A4FF4E9730FF07C
:1013100059F92D484FF4E9710FF04DF95CB92B499B
:101320002848294A40F2D3130FF04CF9264840F2DE
:10133000D3110FF040F926463268002A38D14FF019
:101340004003EFF3118783F31288BFF36F8F2048B8
:1013500006F054FC68B91F4A1F491A488E230FF043
:1013600031F91B491D480FF02DF91A488E210FF055
:1013700022F9174806F060FC1CB16B68F3B92C60C9
:101380006E60134806F048FC68B9124A14490D48CB
:10139000B9230FF017F90E4912480FF013F90D4851
:1013A000B9210FF008F987F31188BFF36F8FF8BDEB
:1013B000737943F0010373711646BDE71C60DFE7E4
:1013C00061AC04008E870400DEAB04008EA4040030
:1013D0000C420020D897040031980400469804007D
:1013E000059804001C9804002DE9F047044658B9FC
:1013F00039493A483A4A40F2E3130FF0E3F83848E3
:1014000040F2E3110FF0D7F84FF04003EFF31187EC
:1014100083F31288BFF36F8F324806F0EFFB68B991
:10142000314A32492D488E230FF0CCF82D493048EF
:101430000FF0C8F82C488E210FF0BDF8294806F0AF
:10144000FBFB26688EB162683368DFF894A0DFF892
:10145000AC80DFF888902360964208BF6360354611
:101460006B7913F0010319D12B601E4806F0D4FBF1
:1014700068B91D4A1F491948B9230FF0A3F8194943
:101480001D480FF09FF81848B9210FF094F887F322
:101490001188BFF36F8F3046BDE8F087236893B99A
:1014A0002B604146484640F2ED1352460FF08AF851
:1014B00040F2ED1150460FF07EF86B7923F00103F6
:1014C0006B712D68CCE761681A6822608B4208BF97
:1014D00062602B60F1E700BF61AC04008E870400FE
:1014E000DEAB04000C420020D897040031980400C1
:1014F00046980400059804001C98040046AC0400BB
:1015000038B50C46054658B913491448144A4FF4E7
:1015100000730FF057F812484FF400710FF04BF8BA
:101520005CB910490D480E4A40F201230FF04AF809
:101530000B4840F201210FF03EF82246116829B90C
:1015400021462846BDE8384006F008BE537943F0EE
:10155000010353710A46F1E766AC04008E8704006C
:10156000DEAB04008EA404002DE9F041054628B34B
:101570001C4E00274FF034082C462D682379013B80
:10158000DBB22371C3B9216959B163799B0707D4D1
:10159000A37908FB03632046DB6A1B689B689847B6
:1015A0002761A079A76008FB006327609B6A9BB155
:1015B00020469847002DDFD1BDE8F0810A490B484D
:1015C0000B4A4FF404730EF0FDFFBDE8F0410848EC
:1015D0004FF404710EF0EFBF214600FB086014F0D9
:1015E000FCFFE7E7781400208EA404008E87040037
:1015F000DEAB040010B5044658B908490848094A4A
:1016000040F23F230EF0DEFF064840F23F210EF08D
:10161000D2FF237901332371204610BD8EA404002C
:101620008E870400DEAB040010B5044658B90849A3
:101630000848094A4FF41F730EF0C4FF06484FF4E0
:101640001F710EF0B8FF20462468002CFBD110BD9E
:101650008EA404008E870400DEAB040038B50D466E
:10166000044658B910491148114A40F287230EF038
:10167000A9FF0F4840F287210EF09DFF5DB90D498B
:101680000A480B4A4FF422730EF09CFF08484FF4AF
:1016900022710EF090FF236823B12846FFF7C4FFA4
:1016A00023680360256038BD6BAC04008E8704009E
:1016B000DEAB040072AC040038B504460D4659B9DF
:1016C0000C490D480D4A40F293230EF07BFF0B4866
:1016D00040F293210EF06FFF24B92846BDE8384050
:1016E000FFF788BF2046FFF79FFF2946FFF7B6FFA9
:1016F000204638BD72AC04008E870400DEAB0400C7
:1017000038B5826803689B1A994204460D460BD986
:1017100009490A480A4A40F217430EF053FF0848A5
:1017200040F217410EF047FF2068A188401B0D448E
:101730002060A58038BD00BF87AC04008E87040000
:10174000DEAB040038B583888B4204460D460BD2CD
:1017500009490A480A4A40F277430EF033FF084825
:1017600040F277410EF027FFA38820685B1B2844D6
:10177000A380206038BD00BF77AC04008E870400D2
:10178000DEAB040083888B4270B5066804460D46C4
:101790000BD20A490A480B4A40F283430EF012FF6B
:1017A000084840F283410EF006FFA38821685B1BC6
:1017B0002944A3802160304670BD00BF77AC04008F
:1017C0008E870400DEAB040070B50368868804468B
:1017D0001E4413F07FFD88420D460BD2084909488C
:1017E000094A4FF44A730EF0EDFE07484FF44A7170
:1017F0000EF0E1FEA1880D44A580304670BD00BF0B
:10180000ABAC04008E870400DEAB0400087970B531
:1018100000F01F04072C1FD80B78092B1CD8DFE819
:1018200003F006060606061B051E1B2005234A7844
:10183000032A18D0042A0FD100254A8844F20A0648
:10184000B24244D011D844F20306B2423BD044F233
:101850000506B24239D0D2B36FF0150032E006234C
:10186000E5E70723E3E70125E7E744F21406B24280
:101870002FD044F22806B2422DD044F20F06B242D5
:10188000EAD10322C0F340101B0243EA005343EAAB
:10189000053343EA0243220102F1804202F5E042AD
:1018A0000020C2F81835230103F1804303F5E0431B
:1018B0008A79C3F81425C3F81005084B1C444B79EA
:1018C00084F8A03070BD0022DCE70122DAE70222B2
:1018D000D8E70422D6E70522D4E700BF7805002028
:1018E000044B0122C3F8002508B1DA6070471A6082
:1018F0005A60704700700040F7B50D465E484FF0E3
:10190000FF324FF0FF3306F037FD686810B96FF013
:10191000150499E030F0FF03F9D1584C584F1A469E
:1019200020FA03F111F0010132D0F91891F8A0C0AA
:10193000BCF1000FEBD004EB031E6E7CDEF8181533
:10194000003E18BF012621F0807141EA0661CEF801
:10195000181503F151010901013244F801C0D2B256
:101960000133082BDCD12B7C083B062BCFD801A1FF
:1019700051F823F05D1A03000F1903009B190300AF
:101980000F190300551A03000F190300591A030019
:1019900003F151063601A151E2E701233749012A3B
:1019A000C1F8F0356B7C5BD9002BB0D1C1F8F435B0
:1019B0002968530011B1898901FB0333E968994211
:1019C00056D32E4BA968C3F82C162F46C3F83026E1
:1019D0000FCF2B4C04F174060FC63B6833602B68A5
:1019E000002626672746002B3DD00FCB04F1880543
:1019F00085E80F006567A4F89860A0B3BFF35B8F1C
:101A000057E8003F47E80062002AF9D1BFF35B8F37
:101A10001C48D4F888701C4A4FF400453146002316
:101A2000E7FB0501CFF7AAF80022CDE9000100236A
:101A300004F1080009F0B2F814484FF0FF324FF0FB
:101A4000FF3306F099FC246F0B4806F051FC20464A
:101A500003B0F0BD0223A1E703239FE700239DE726
:101A6000082BA3D953E794F88600FFF739FFE3E783
:101A70006FF00B04E8E700BFB805002000700040DD
:101A8000780500203F420F0040420F00D0050020A3
:101A90000E4B10B50024C3F80441D3F80421C3F859
:101AA0001041D3F810211222C3F804230720F7F7BE
:101AB00001FA224601210720F7F72EFA0448836C29
:101AC00013B9403006F014FC002010BD0070004037
:101AD0007805002038B5304BD3F80421002A4DD0CA
:101AE0000022C3F804212D4CD3F804110121996080
:101AF000C3F80025636F2546DBB3D4F88C3043B1BF
:101B0000B4F8982004F174019847012814D00228F1
:101B100029D0B4F89830B4F894209A4223D90133EC
:101B2000A4F898301C4BD3F82C26D3F8341689B27D
:101B300002EB4102C3F82C26D4F888302BB994F874
:101B40008600BDE83840FFF7CBBEBFF35B8F55E89A
:101B5000003F5A1E45E800210029F8D1BFF35B8FF2
:101B6000012BECDC38BDD4F8883013B10C4814F0EC
:101B70000CFE0C48BDE8384006F0BABBD3F8101193
:101B80000029EFD0C3F81021D3F8102101229A6068
:101B90001A605A60E6E700BF007000407805002038
:101BA00080050020D005002037B50C460A490B4AB5
:101BB000411A40230093491105462346084813F073
:101BC000D8FB011E05DA2846234603B0BDE83040A5
:101BD000184703B030BD00BF20420020E15304008D
:101BE000A871040038B5CCB2012C054609D90949C1
:101BF00009480A4A79230EF0E5FC084879210EF0DD
:101C0000DAFC29690C2304FB0314A06C00F0070024
:101C100038BD00BF12AD04008E870400D5AC0400AF
:101C2000F8B5CCB2012C0669054617460BD9184900
:101C30001848194A40F24D130EF0C4FC164840F201
:101C40004D110EF0B8FC4FF04003EFF3118183F318
:101C50001288BFF36F8F0C2202FB04639B6C13F09E
:101C6000C00301D09F4210D102FB04660123B3647C
:101C7000002081F31188BFF36F8F28B9696801EBE9
:101C8000C404636898470020F8BD4FF0FF30F0E7C8
:101C900012AD04008E870400D5AC040070B50D466B
:101CA0000649411A0446491105484022FFF7B8FF8A
:101CB0002B4601462046BDE87040184720420020D0
:101CC000A8710400002270B5012104461046F7F700
:101CD00023F90F4802F042FF0E4B984215D114F041
:101CE0004DFA26690C4930460EF0E4FA00280BDB69
:101CF000246909490125B56404F120000EF0DAFADF
:101D0000002801DB6565002070BD6FF00400FBE773
:101D1000591D03000000AD0B287F040073B50C2390
:101D200001460B484B43C418D4E9105200264833EF
:101D300026641844019213F009FB35B1019A054855
:101D40002B4602B0BDE87040184702B070BD00BF1E
:101D500020420020A8710400012808B506D00328FD
:101D600008D0A8B9104B9B6C5B071BD1BDE808409D
:101D7000FFF7D4BF0D490E4A0E4840F25E230EF025
:101D800021FC40F25E21BDE8084009480EF013BC7A
:101D90000649074A074840F262230EF013FC40F25E
:101DA0006221F0E708BD00BF20420020D48B040070
:101DB000D5AC04008E87040008B54FF04003EFF364
:101DC000118183F31288BFF36F8F124A136843F0B7
:101DD000020013F0010310600CD04FF08042D2F8E3
:101DE0000C34D2F80C2413F0010303D00A4813F08A
:101DF000ADFA012381F31188BFF36F8F23B1BDE8E2
:101E000008400020FFF78ABFBDE80840012002F02B
:101E10005BBE00BF78420020684200207FB50022F0
:101E20000123CDE9022304ABCDE90433094ACDF8FF
:101E300000D06B46CDF804D013F0CBFA002805DBB8
:101E40004FF480420023684606F096FA07B05DF82A
:101E500004FB00BFFF530400094BBFF35B8F53E843
:101E6000002F22F0020143E800100028F7D1BFF351
:101E70005B8FD30702D4012002F050BE704700BF31
:101E8000784200202DE9F0414749BFF35B8F0646B9
:101E9000012251E8003F41E800200028F9D1BFF3BA
:101EA0005B8FA3B9414942484B60CB608A60F4F72D
:101EB000B5FF00280BDA3F493F48404A4FF408730A
:101EC0000EF080FB3D484FF408710EF074FB96B3A2
:101ED000731E012B53D8012E07D14FF08043D3F846
:101EE0001C3403F00303012B25D014F031FB04460E
:101EF00018B9334B1B78002B4FD14FF04003EFF351
:101F0000118783F31288BFF36F8F0124DFF8B88045
:101F10004FF08045D5F81834D5F81824D2030CD5E5
:101F200003F00303012B01D0012E06D10CB387F37C
:101F30001188BFF36F8FBDE8F081ACB13846F6F77A
:101F4000AFFFD5F81835002BE4D1D5F80421002ACD
:101F5000E0D0C5F80431D5F804310123C5F81835AF
:101F6000C8F88031AB60D5E70021212008F0E8F8FF
:101F7000E7E74FF080430222C3F80423DBE711496F
:101F80000D480E4A40F232230EF01CFBBDE8F04132
:101F90000A4840F232210EF00EBB4FF0804302227D
:101FA000C3F808230746B1E77C4200201042002016
:101FB0004042002036AD04008E870400D5AC0400FA
:101FC0004A680020D48B040000E100E008B5044812
:101FD000F4F7CAFC0248F7F79FFC002008BD00BFD9
:101FE000E51F0300F7B5144E8DF8070004460325DE
:101FF000EFF311874FF0200181F3118801220DF1D9
:102000000701002005F004F987F3118820B10123AE
:102010003370204603B0F0BD3378002BF9D0013D7A
:1020200008D014F095FA0028E2D10021422008F0EF
:1020300087F8DDE73570ECE75F53002070B5056980
:1020400016460C4661B92249224A234824230EF041
:10205000B9FA22480EF0B6FA1E4824210EF0ABFA67
:10206000636863B91E491B4A1B4825230EF0AAFA70
:102070001C480EF0A7FA174825210EF09CFA6B6851
:102080005BB100229C4212D12368A96852B9A142D7
:102090006B6000D1AB60002323606EB9002070BD7F
:1020A0000B46EFE7A142136008BFAA60F3E7196887
:1020B0001A460029F4D13EB1A8686B6823606C60B1
:1020C0000028EBD1AC60EAE76FF01500E7E700BF4E
:1020D00072AD040045AD04008E8704007BAD0400A2
:1020E0008AAD04009CAD04007FB54068057B01F01B
:1020F0001F04B2F5001F44EA45144FF0000504D157
:10210000204603F0BDFA002054E0B2F5800FCDE97F
:10211000025551D1B3F1007F0CBF042305238DF884
:102120000830836823FA01F111F0010155D1B2F1B1
:10213000A07F52D166094AD04FF6FF73012E08BF27
:10214000194604F01F05E940CA070BD42B492C4857
:102150002C4A40F229230EF035FA2A4840F2292170
:102160000EF029FA6EB1012E34D027492448254AB1
:1021700040F22E230EF026FA224840F22E210EF0D5
:102180001AFA4FF0A04305F5E07553F82530DB0748
:1021900023D40DF107052946204603F095F91B4B82
:1021A000984219D1284603F0F1F9194B984213D0FF
:1021B0006FF00B0004B070BDB3F1C06F05D0B3F188
:1021C000007F0CBF02230123A9E70323A7E74FF0F9
:1021D000FF31B6E70F4BD6E703950023194602AA55
:1021E000204603F049F80A4B984204D101212046C9
:1021F00003F0D2F987E76FF00400DBE76B87040098
:102200008E87040038870400D48B04000400AD0BD3
:102210000000AD0B0003005010B503F0A7F9044611
:1022200068B903F07BF9084B98420AD10748214668
:1022300003F044F9224605210620F6F76DFE002042
:1022400010BD6FF00400FBE70000AD0B512203004E
:1022500043092DE9F04703D0012B2ED0BDE8F087CC
:10226000174F3B695C68002CF8D000F01F00012676
:102270002568DFF85880DFF85890DFF858A08640CE
:10228000A3681E4214D0636863B949464523424699
:1022900050460EF097F90B480EF094F94521404650
:1022A0000EF089F9D4E90132214632403846984788
:1022B000002DD3D02C462D68E2E7034FD1E700BFB5
:1022C000C47104009CAD0400E071040045AD04003D
:1022D00064B704008E8704002DE9F04347683B7B18
:1022E00001F01F0585B00E4645EA43151446CAB9EC
:1022F00002A9284603F0E8F80446284603F0EAF964
:102300004A4B984204D06FF0040005B0BDE8F0835A
:10231000844205D19DF8080003F032F9A042F2D1C1
:102320000020F2E74FF000090DF103013046CDE93E
:10233000029903F0C9F84B46804602AA494628464E
:1023400002F09AFF394B984202D06FF01500DCE79B
:10235000804503D19DF8030003F012F9A30351D582
:1023600040F20663234040F2062293423BD00CD851
:10237000062B15D004D89BB1022BE6D104230FE025
:10238000B3F5007FE1D101230AE040F2024293421B
:102390002BD0B3F5C06F2AD0B3F5806FD5D102230F
:1023A0008DF8043084F48033C3F30043E0068DF8E5
:1023B000053054BFC4F34013032321038DF80630C6
:1023C00017D57B68012101FA06F6C3F808650022DB
:1023D00001A9284602F0FEFF144B984214BF6FF08B
:1023E0001500002091E70723DAE70523D8E7032348
:1023F000D6E7620341BF7B68012101FA06F6C3F804
:102400000C65E4E7E3064FF0000354BFC4F3401447
:1024100003241A4601A928468DF8044002F02CFF37
:10242000024B98423FF47CAF8FE700BF0000AD0B3A
:1024300010B50469084A4068234604F1300104F0ED
:1024400009F9064B984203BF012384F8403000206D
:102450006FF0040010BD00BF812403000000AD0B2D
:1024600008B50369D3E90C0104F038FE034B984228
:1024700014BF6FF00F00002008BD00BF0000AD0BBF
:102480000378012B08D0022B08D04BB9054B4B64C5
:1024900001F1180005F02CBF034BF8E7034BF6E7FA
:1024A000034BF4E70000AD0B0100AE0B0200AE0BD6
:1024B0000100AD0B2DE9F04F4768066989B09846D9
:1024C00005463B8900930C4693460021142203A83D
:1024D000D6F8489014F072FA96F840308DF80D80D6
:1024E000BBB14FF0FF324FF0FF33304605F044FFF1
:1024F00006F1180A00220023504605F03DFF384639
:1025000004F01CF94FF000084546D84509D30024D3
:1025100051E02846FFF78CFF0028E2DA6FF0040450
:102520004FE0217A0A0700F18F8008F10108D845B1
:1025300062680AD28B0708D4237D81EA030000F089
:10254000010003F00403034316D0BDB1002300983B
:1025500005EB020C84457AD8C80706D4216801939C
:1025600009EB050014F009FA019B62681544ADB24D
:10257000002B37D00C34C8E70123E8E7C90724D57E
:1025800023680693636804930025237A03F001020D
:1025900013F0020F8DF80C2003A90CBF202200229B
:1025A000384604F081F92E4B984221D00B339842E3
:1025B00053D06FF00404384604F0EAF8304605F0D2
:1025C00097FE204609B0BDE8F08F216801F0604316
:1025D000B3F1005FD4D07B8993423BD3484614F0DB
:1025E000CCF9A588002DCBD0CDF818900495CCE778
:1025F0004FF480420023504605F0BEFE38B1384605
:1026000004F0C6F8D6E90C0104F068FDD1E7736C5C
:10261000134A9342CDD1237ADB0701D40025A9E7E1
:10262000069B9945FAD1234608E0A91AD868019378
:102630008DB219FA81F114F0A0F9019B5A68954204
:10264000A3F10C03F1D2E9E76FF08504B3E76FF073
:102650001B04B0E76FF01504ADE76FF00F04AAE7B5
:102660000000AD0B02480021C2E9000100207047C4
:102670000024F400032938B505460C460BD9084957
:102680000848094A40F293230DF09CFF064840F2A7
:1026900093210DF090FF04F5AC7455F8240038BD7B
:1026A000F2AD04008E870400C0AD04000268530937
:1026B00010B504462CD0012B4FF6FF7318BF002332
:1026C00002F01F02D340DB070BD414491448154A0B
:1026D00040F229230DF076FF124840F229210DF037
:1026E0006AFF236803F01F025B0922600DD0012BF3
:1026F00011D00D490A480B4A40F22E230DF062FF1B
:10270000084840F22E210DF056FF4FF0A04010BDBA
:102710004FF0FF33D4E70548F9E700BF6B870400AB
:102720008E87040038870400D48B04000003005017
:10273000F7B546680469B06A002112F004FF00286A
:1027400039DB0025E57301273068E9B2FFF792FF16
:1027500000280FDB019001A8FFF7A8FF019AD0F82D
:102760000435D34013F00103E27B18BF07FA05F3E9
:102770001343E3730135042DE6D1E17B00230434D8
:10278000012000FA03F20A4203F1010314BF002200
:102790004FF40042042B24F8022BF2D100231A46F6
:1027A00006F10801304603F09BFA044B98420CBF37
:1027B00000206FF00F0003B0F0BD00BF0000AD0BB4
:1027C0002DE9F04104680379276901259D4063687C
:1027D0001B681D420E460ED11849194A194840F28D
:1027E00092430DF0EFFE18480DF0ECFE144840F255
:1027F00092410DF0E0FE3B681D4263681B6818BF04
:1028000086F001061D420ED10C490D4A0D484FF4C9
:102810008D630DF0D7FE0C480DF0D4FE08484FF440
:102820008D610DF0C8FE36B1A368DB6829462046ED
:10283000BDE8F0411847A3681B69F7E73688040034
:10284000058804008E870400748804002DE9F04F89
:102850002DED028B0446D0F8108085B000220121B6
:102860000420F6F759FB63680021586A12F05EFFF6
:1028700000287EDBD8F80840424EDFF820A108345B
:10288000D8E9023203EBC203A4F10802934204D850
:10289000404612F096FF00206BE054F8080C13F04D
:1028A00024FE00286AD054F8089C14F804BC34F8BC
:1028B000025CD9F808300293D9F804300393D9F8B0
:1028C0001030019305F03003302B0ED12E494FF418
:1028D0002E73324650460DF075FE2C480DF072FEF8
:1028E0004FF42E7130460DF066FE05F00603042B02
:1028F0000BD1274950464FF4307332460DF062FE3B
:102900004FF4307130460DF056FEE90754BF45F4E0
:10291000B01585F4D01525F4801308EE103A039B0A
:1029200001271B6807FA0BF71F420ED119494FF414
:102930003573324650460DF045FE17480DF042FE05
:102940004FF4357130460DF036FE019B1B68EA07E7
:102950004CBF1F4323EA0707019B1F60029B18EE31
:10296000102A1B68594648469847002804F1080475
:1029700086DA05B0BDEC028BBDE8F08F6FF0120077
:10298000F7E700BF05880400608A0400998A040004
:102990005D8B040036880400748804008E87040070
:1029A0002DE9F0430569AF6D2C6E85B08FB9002C11
:1029B0004CD100221146284612F0E1FE2C6405F1AC
:1029C000280005F095FC002385F86C3005B0BDE8C3
:1029D000F0833E4614B1A74228BF2646D5F854805E
:1029E000D0F80490B8F1000F32D08FB308F06043F4
:1029F000B3F1005F2CD0082E05F16E0328BF082626
:102A000018463246414613F0B8FF0346D9F808206D
:102A10000093964228BF1646AE66B8F1000F19D053
:102A2000002F18BF3746EB6D01970293A3B1002C1E
:102A300018BF3446002269464846039403F0B4FCAC
:102A4000064B9842C2D06FF00404B2E72646C5E7B1
:102A50004346DBE74746E6E71C46EBE70000AD0BE5
:102A60002DE9F04F1F468B880469814698048BB08E
:102A70000D46904600F1D4804FF0FF324FF0FF3307
:102A800004F1100005F078FC6560D9F804B0D9F8BD
:102A900010A0DBF80C3003939AF86D3001931BB152
:102AA000DAF800309D426DD0AE88310500F1ED803E
:102AB00016F0090F40F0E680C6F34513082B40F0EE
:102AC000E1802B680293029A7B4B9A4240F2DA80B3
:102AD0000BF1100EBEE80F000DF1140CACE80F0066
:102AE000DEF80030CCF80030DDE90223934228BF45
:102AF0001346724A934240F29C80714A934240F2DC
:102B00009B80704A934240F29A806F4A934240F20F
:102B100099806E4A934240F298806D4A9342C0F089
:102B200097806C4A9342C0F096806B4A934234BFC0
:102B30004FF020634FF0A053B207079306F0040351
:102B400040F18C80002B14BF032302238DF820302A
:102B5000019BC6F300168DF821602BB1584603F097
:102B6000C5FB00238AF86D3053465C4A05A95846D8
:102B700003F0DEFA5A4B984274D101238AF86D3083
:102B8000CAF80050012384F86C30B8F1000F7FD1EF
:102B9000C4F844804246A26404F1480104F158029A
:102BA00004F1440012F0B1FD6065002F79D1E764B3
:102BB000276504F1600204F1500104F14C0012F0A9
:102BC000A4FD00263246E06501212046266412F06D
:102BD000D6FD4846FFF7E4FE256EA36D27469D42CD
:102BE00038BF1D464FF4FA535D4357F8283B4FF466
:102BF000004C1B68B5FBF3F53146C83540F2E730B1
:102C00004FF47A720023E5FB0C01CDF7B7FF0246C3
:102C10000B46384605F0B0FB002849D1256C23E06F
:102C2000A369002B7FF428AF636899427FF424AF37
:102C30002BE74FF000737FE74FF080637CE74FF0A6
:102C4000006379E74FF0805376E74FF0005373E766
:102C50004FF0804370E74FF000436DE7003B18BF33
:102C6000012373E76FF0040523689B8813F4005376
:102C700004D1636004F1100005F03AFB28460BB064
:102C8000BDE8F08F6FF01505EEE76FF08505EBE717
:102C9000D8F800206264002A3FF47DAFD8F8042001
:102CA00079E73B68E3640BB17F6881E71F467FE704
:102CB0006FF07305D8E700BF47E801008FD003002D
:102CC0001FA107003F420F007F841E00FF083D0048
:102CD00000127A000024F4000048E80107580400BC
:102CE0000000AD0B37B503460D461C690B7B4068F1
:102CF000022B26D10B680BBB94F824204B68D2B969
:102D0000134A591E914219D823620DF1070104F0AC
:102D100021F9104B984217D0AB681BB19DF80720E2
:102D200044F8223094F824309DF80700013384F8E9
:102D3000243003B030BD226A9A42E6D06FF015000D
:102D4000F7E76FF08500F4E76FF00B00F1E700BFE5
:102D5000FEFFCF070200AD0B10B544680022012131
:102D60001020F6F7D9F8064A04F10801204604F0CD
:102D70006DF8044B984214BF6FF00F00002010BD97
:102D8000892D03000000AD0BF8B50B4D0B4E0C4F19
:102D9000002495F824309C4200DBF8BDD6F80434BA
:102DA000E340DB0705D555F8243013B121463846FA
:102DB00098470134EDE700BFD842002000000140F1
:102DC000FC710400024B0B6001231360704700BFCD
:102DD0000043002000487047C081040008B54FF050
:102DE00080430120D3F81015C1F3430112F0A7FD71
:102DF000014B00221A7008BD705300204FF0805321
:102E000013B5D3F83031082B1BD14FF08044D4F8E0
:102E1000101511F001000ED0C1F343010020019103
:102E200012F08DFDD4F80801019930B1012012F0A3
:102E300086FD6FF08B0002B010BD034B01221A70AB
:102E4000F9E70020F7E700BF7053002010B501221A
:102E500011460748074C13F0CAFB01F00BFF13F0B3
:102E600041FA206013F03AFA6060002010BD00BF04
:102E70000843002000430020F8B5044613F02EFA62
:102E8000237B05460BB113F07EF9134F0026FFF7A5
:102E9000B5FFE8B9606802F025FDA3685B1BA3607D
:102EA00063682B4463603B780BB1FFF797FF237B8C
:102EB00001363BB9A368002BE9D1A068003818BFE0
:102EC0000120F8BD304601F09DFF0028F2D0F4E764
:102ED0006FF08B00F5E700BF70530020F0B587B0AE
:102EE0000E46154613F0FAF929460746304612F009
:102EF000FFFCC8B3B6FBF7F307FB1363A3BBB5FB3B
:102F0000F7F407FB14547CBBBD4222D34FF0FF32D1
:102F10004FF0FF33164805F02FFA13F032F902ABE9
:102F200001461022C0B12146184613F047FD012288
:102F30008DF814200F4ACDE900200F48CDE9036534
:102F400001F0A0FE684601F0A3FE0446084805F023
:102F5000CFF9204607B0F0BD184613F02FFDCDE99C
:102F60000365FFF789FFF0E76FF01504F1E700BF95
:102F700008430020792E0300645E010070B5037BD6
:102F800004460BB113F0FFF8194E0125A368032B7B
:102F900006D8184AD2F80034DB07FBD5002070BDF4
:102FA000FFF72CFF08BB23686068196802F0D4FCA7
:102FB00033780BB1FFF712FF636804336360236853
:102FC00004332360A368043BA360237B0135002BFB
:102FD000DCD0284601F016FF0028D7D0054AD2F8E9
:102FE0000034D907FBD50120D9E76FF08B00D6E775
:102FF0007053002000E0014070B50D4686B01946C0
:10300000284616461C4612F073FC60B345EA0403DA
:103010009B0728D1F4B14FF0FF334FF0FF32134834
:1030200005F0AAF913F0ADF8CDE9026502AB0494FE
:1030300098B101228DF814200D4A41F64C50CDE98B
:10304000002301F01FFE684601F022FE04460748F7
:1030500005F04EF9204606B070BD8DF814001846F4
:10306000FFF78CFFF2E76FF01504F3E70843002049
:103070007D2F0300F0B54B79012B26D0032B21D1F6
:1030800010268B79032B1DD1CC790CB1012C19D1D1
:103090000A7912B1022A15D10E220B684568B3F5E0
:1030A000164F2D6865D02DD8B3F5165F64D016D8AD
:1030B000B3F5966F62D00AD8B3F5967F61D0B3F5B9
:1030C000167F61D06FF0850052E00026D9E7B3F596
:1030D000166F5CD0B3F5965FF4D1374B3CE0B3F597
:1030E000E14F57D007D8B3F5615F55D0B3F5964F90
:1030F000E8D1324B30E047F61227BB42E2D14FF421
:10310000000329E0B3F5613F48D013D8B3F5963FEB
:1031100047D009D84DF6C027BB4244D0B3F5614F24
:10312000D0D14FF46B0317E0B3F5E13FCAD14FF0B4
:10313000EB7311E0B3F5612F38D008D8204FBB42B4
:1031400037D0B3F5E12FBDD14FF0E86304E01D4F58
:10315000BB42B7D14FF080530069C5F82435031D39
:1031600003C934432243C5F86C2583E803000020DB
:10317000F0BD4FF41D03EFE7134BEDE74FF49E2333
:10318000EAE74FF4A033E7E74FF41C33E4E74FF4EA
:103190001D23E1E70D4BDFE70D4BDDE74FF06C73CF
:1031A000DAE70C4BD8E74FF46503D5E74FF07063CF
:1031B000D2E74FF08063CFE700B0130000A04E00CD
:1031C00090D0030040420F000050270000C075005F
:1031D00000F03A0000903A012DE9F0410022074644
:1031E00001212820F5F798FE2820F5F763FED7F88F
:1031F00004803E69D8F80040D8F80C000021C4F8DB
:103200000015376012F098FD051E4DDB311D384664
:10321000FFF730FF0546002846D1D8F8043099075B
:1032200019D506F1160002F097FC224B98423ED1C8
:10323000B07DC30003F1804303F5F83304F10C02C1
:1032400004F59071C3F81015C3F814251A4A012328
:103250008340C2F804350823C4F8003598F80830D4
:103260005BB9C4F81031D4F8103106F11503C4F875
:1032700034350123C4F838352360D8F804309A0770
:103280005CBF4FF48072C4F80423DB0644BF4FF4E4
:103290008003C4F8043314360023C4F84465C4F82A
:1032A00048350123A360E3602846BDE8F0816FF054
:1032B0000405F9E70000AD0B00F00140F8B5066920
:1032C00005460F4613F044F910B9204B1B7883B91B
:1032D0004FF04003EFF3118483F31288BFF36F8F35
:1032E000686812F079FC28BB84F31188BFF36F8FF4
:1032F000EEE76424686812F06FFC70B9012012F0E8
:1033000058FF013CF6D10021212006F019FFF0E71B
:1033100084F31188BFF36F8FF5E74FF04003EFF3AD
:10332000118483F31288BFF36F8F686812F054FC26
:103330000028EDD03146012201F8147F284612F012
:1033400002FC84F31188BFF36F8FF8BD4A68002038
:103350004FF04003EFF3118283F31288BFF36F8FB6
:10336000094BD3F8001161B10021D3F80805C3F867
:103370000011D3F80031C0B282F31188BFF36F8F10
:1033800070476FF00A00F7E700D00040F0B5034641
:103390008478C7784FF04000EFF3118E80F31288E5
:1033A000BFF36F8F1E7893F801C0A41B3C40A2426C
:1033B00088BFA2B2B0183840354618708EF3118815
:1033C000BFF36F8F88180A46904219D166450DD118
:1033D0004FF04005EFF3118085F31288BFF36F8F34
:1033E0001D785D7080F31188BFF36F8F521A1B79BF
:1033F00090B2221A934222BF064B01221A60F0BDFE
:1034000003EB050E01359EF805E002F801EB3D40A7
:10341000DAE700BF00D000402DE9F04714461D4612
:1034200002692C4B9A420E460BD02B492B482C4A52
:1034300040F205130DF0C6F8294840F205110DF0D1
:10344000BAF8EB4313F0010506D026482246314670
:10345000FFF79CFFBDE8F087A4B34FF04003EFF304
:10346000118883F31288BFF36F8F0D20F5F746FDA7
:1034700007460D20F5F72EFD88F31188BFF36F8FF7
:10348000DFF86480DFF86490C8F80051D8F80031A4
:103490004FF4005A0123C8F800302546C9F880A12E
:1034A000D8F8003183B1FFF753FF031EC9F880A19C
:1034B000F6DB013DADB27355002DF1D117B10D20F2
:1034C000F5F7F8FC2046C5E7BFF34F8F20BF40BF9C
:1034D00020BFE5E72043002053AE04008E870400A0
:1034E00021AE04005043002000D0004000E100E085
:1034F0002DE9F8431A4B144602699A42894609D0CD
:1035000018491948194AE7230DF05CF81748E721D4
:103510000DF051F8124E06F1450706F1180814B9DE
:103520002046BDE8F8834FF0FF334FF0FF323046BE
:1035300004F022FF224649463846FFF727FF05469A
:10354000304604F0D5FE3DB94FF0FF324FF0FF3367
:10355000404604F011FFE2E7641BA4B2A944DEE791
:103560002043002053AE04008E87040021AE0400E7
:1035700038B5204C0369A3420BD01F491F48204A8D
:103580004FF4AA730DF01EF81D484FF4AA710DF008
:1035900012F801221146174813F029F801220021E0
:1035A000184813F024F840F20743A4F848304FF0CD
:1035B000706323630C2384F834300025124B84F8A5
:1035C0004550A4F84650D3F8042522F00102C3F870
:1035D00004250121C3F80051D3F80021C3F80413D6
:1035E0002A4619600D20F5F797FC0D20F5F762FCCF
:1035F000284638BD2043002053AE04008E870400C7
:1036000021AE04003843002000D0004010B5FFF781
:103610009FFE002820DB174B93F8322093F83110DF
:1036200093F83340511A34EA0101C0B20DD193F836
:10363000472093F8461093F84840511A34EA0101A4
:103640000BD10D4B01225A600EE099180132224035
:1036500081F8350083F8322010BD991801322240DC
:1036600081F84A0083F847200448BDE8104004F080
:103670003FBE00BF2043002000D000403843002060
:10368000F7B50F46164648B919491A481A4A202371
:103690000CF098FF184820210CF08DFF4FB9174906
:1036A0001448154A21230CF08DFF134821210CF0FA
:1036B00082FF4FF480650024A64203D816D1002073
:1036C00003B0F0BD331BB3F5806F38BF1D462A46EB
:1036D00001AB391900200AF029F820B9019BAB424F
:1036E00001D12C44E8E76FF01500E9E71620E7E781
:1036F000A7AE04008E87040077AE0400BAAE0400C3
:1037000010B501238340114ABFF35B8FDC4352E8BD
:10371000001F01EA040C42E800CEBEF1000FF6D112
:10372000BFF35B8F4FF4803202FA00F002F1804267
:1037300002F58052C2F80803BFF35F8FBFF36F8FAB
:103740000B4214BF0120002010BD00BF78430020B1
:103750001949F8B5044622F07F450868C1E90023FD
:10376000A5F50013101AB3F5400F22D2134B1B68B6
:103770001A0A1B065E19124B42F10007C3E90067E3
:10378000012607F04BF8A30003F1804303F58833CB
:10379000D3F84025AA420BD11EB94FF40002C3F85A
:1037A0004025084B4FF4803000FA04F4C3F844433A
:1037B000F8BD0026E5E700BFB03100207C430020C3
:1037C000983100200010014019B3BFF35B8F012333
:1037D000104A834052E8001F194342E8001CBCF124
:1037E000000FF7D1BFF35B8F0B4A4FF48033834058
:1037F000C2F80433094BBFF35B8F1B68BFF35B8FC9
:1038000023FA00F0C30742BF054B4FF40032C3F860
:1038100000217047784300200010014074430020CD
:1038200000E100E00D4B1868010A0006BFF35F8F4E
:103830000B4BD3F80435181841F10001B3F5801F84
:103840000AD2084BD3E90023904271EB030303D261
:1038500010F1807041F10001704700BF7C430020EF
:1038600000100140983100202DE9F04F2DED028B22
:1038700085B0164698460546FFF742FF08EE100A47
:10388000FFF7D0FFB04271EB08037BD2474B301AF1
:1038900068EB0101984271F1000380F08480444B91
:1038A00003EB0513D3E902ABD84508BF564551D009
:1038B0004FEA850909F1804905F1500709F5883972
:1038C000BF004FF4803101FA05F3BFB226F07F420A
:1038D00007F180470193D9F84005364B07F5883743
:1038E0001446D3F80415401A20F07F4021F07F4C95
:1038F0000128C9F840C507D1CDE90221132012F0F3
:1039000012FFDDE902212B4B01F1020CA4EB0C00AC
:1039100020F07F40B0F5000F88BF6446002038607B
:1039200038680198C3F8440324F07F40C9F8400583
:10393000D3F80405814206D0201A023820F07F40D7
:10394000B0F5000F1CD8A41A24F07F4414EB060A2B
:1039500048F1000B164910982B0101EB0512C2E942
:1039600002ABC850119B53600024284618EE101A71
:10397000FFF72AFF204605B0BDEC028BBDE8F08FB3
:103980002046AEE701230C4ABFF35B8FAB4052E801
:10399000001F194342E800100028F8D1BFF35B8FE5
:1039A000B246C346D6E76FF01504DEE7010000011A
:1039B000A0310020001001407443002073B5194B62
:1039C000194D00244FF0FF304FF0FF31C5F8084586
:1039D000C3E902014FF48033C5F80433134B0226C8
:1039E0004FF400320121C5F804631120C3F880218F
:1039F0002246F5F791FA1120F5F75CFA0C4A0123FB
:103A0000AB602B6013600B4B0B4A009301940023B7
:103A10002046FFF729FF3046FEF734FA204602B071
:103A200070BD00BFA03100200010014000E100E0A7
:103A30007843002051370300FFFF7F002DE9F34D4D
:103A40002C4CD4F8043399070BD5D4F8043143B186
:103A5000294A0023C4F80431D4F80431136801332F
:103A60001360EFF3108372B6D4F80423D2032DD57C
:103A7000BFF35B8F214A52E8001F21F0010042E8AA
:103A80000005002DF7D1BFF35B8F11B9D4F84021A9
:103A9000E2B10025C4F84051D4F8402183F31088E6
:103AA000FFF7C0FEEFF3108272B6154BD3E9026741
:103AB000B042B9410FD2294682F3108841B1CDF806
:103AC000008032463B460020884701E083F310889F
:103AD00002B0BDE8F08D4FF0FF3A4FF0FF3BD3E965
:103AE0000018C3E902AB1D604FF48033C4F84833BB
:103AF000E2E700BF001001407C4300207443002037
:103B0000A0310020431C13B521D0012821DDB0F5E0
:103B1000000F20DA441EFFF785FE104BD3E9001397
:103B2000401AB0F5000F28BF0024013002190C48DC
:103B3000824228BF024652184FF000000949019006
:103B4000009143F10003FFF78FFE02B010BD04485F
:103B5000E0E70024DFE7024CDDE700BFB0310020E2
:103B6000FFFF7F005137030008B5FFF75BFE024BF4
:103B70001B68C01A08BD00BFB0310020026853099D
:103B800010B504462CD0012B4FF6FF7318BF00234D
:103B900002F01F02D340DB070BD414491448154A26
:103BA00040F229230CF00EFD124840F229210CF0BE
:103BB00002FD236803F01F025B0922600DD0012B78
:103BC00011D00D490A480B4A40F22E230CF0FAFCA2
:103BD000084840F22E210CF0EEFC4FF0A04010BD42
:103BE0004FF0FF33D4E70548F9E700BF6B870400C7
:103BF0008E87040038870400D48B04000003005033
:103C000002460B46014804F051B800BF8013002063
:103C1000014804F045B900BF8013002008B50448EE
:103C2000F6F7BEFEBDE808400248D1F76DB900BF07
:103C3000788204003D60040070B504460D46144BC4
:103C40009E68336863B91349134A14484B230CF038
:103C5000B9FC13480CF0B6FC0F484B210CF0ABFC40
:103C600033680B482A462146984780B10D490E4AD1
:103C70000A484FF4D7730CF0A5FC0C480CF0A2FCDA
:103C8000BDE8704008484FF4D7710CF094BC70BD8B
:103C9000187204000FAF0400DBAE04008E8704002E
:103CA0002FAF040092A4040055AF04008EAF0400AF
:103CB00070B588B000F012FE03A8D1F791F8D1F7E3
:103CC000B1F918B16FF0850008B070BDD1F7ECF90B
:103CD0000028F7D1D1F7B6F90028F3D1D1F792F93E
:103CE0000028EFD1D1F7C0F90028EBD1D1F7CCF9FA
:103CF00005460028E6D101266C46224631468DF85D
:103D00000060D1F77BF80028DEDB2246022128463E
:103D10008DF80060D1F772F80028D5DB334B0093A3
:103D2000224603212846D1F769F80028CCDB41F66A
:103D30004C532246042128460093D1F75FF800280F
:103D4000C2DB02232246052100208DF80030D1F786
:103D500055F80028B8DB1F23224607210020ADF8C4
:103D60000030D1F74BF80028AEDB032322460621B2
:103D700000208DF80030D1F741F80028A4DB40F690
:103D80004663984208DD404080F311884FF00400FC
:103D900002DF6FF00B0097E7154812F0A6FB08B39F
:103DA000144B93E8070084E807002046D1F7DCF9BC
:103DB000A8B91149114804F0A7FD4FF0FF304FF0AA
:103DC000FF31FFF71DFF044630B90D490D48D1F70B
:103DD00073F80446FFF71CFF04EAE47074E76FF021
:103DE000150071E76FF012006EE700BF1B1B0302A6
:103DF0001872040030760400B7600400804300208D
:103E000092540020713E030038B5104DAB685C68D9
:103E10000A46C4B1014600232846A047041E0EDA14
:103E20000B490C4A0C484FF4CF730CF0CBFB0B48FA
:103E30000CF0C8FB07484FF4CF710CF0BCFB24EA30
:103E4000E470C0B238BD6FF08504E9E71872040071
:103E5000C8AF040055AF04008E870400D1AF040042
:103E60000149024804F0C0BD804300208032002098
:103E700070B54FF0FF304FF0FF31FFF7C1FE38B3A0
:103E800000244FF0FF304FF0FF31FFF7B9FE00285C
:103E90004AD1274D2846E6F77FFB0646FFF7B8FED6
:103EA000002E41D14FF0FF324FF0FF330320F5F7E2
:103EB00025FF044640B16A8829460432083011F0D3
:103EC00011FA2046F6F742FDBDE87040FFF7C8BF83
:103ED000174D284600F090FB0446FFF799FE002C92
:103EE000CED128783E2815D0FF281AD04FF0FF32C7
:103EF0004FF0FF332146F5F74BFF044640B16A7897
:103F00000B490232083011F0EDF92046F6F71EFD9C
:103F10000124B6E7AB78022BE8D10022002301246C
:103F2000E8E7AB78802BF7E7002CCDD170BD00BF60
:103F30009153002038B5104DAB685C680A46C4B197
:103F4000014600232846A047041E0EDA0B490C4AFE
:103F50000C484FF4D3730CF035FB0B480CF032FBDC
:103F600007484FF4D3710CF026FB24EAE470C0B28A
:103F700038BD6FF08504E9E718720400C8AF04008B
:103F800055AF04008E87040014B0040038B5824C8D
:103F90002378002B40F029830588B5F5105F2BB2FC
:103FA0004FEA95220DD27AB1013A072A0CD8DFE800
:103FB00012F01F000B003D007100E8000B000B0029
:103FC000F7003F2A00F0818242F22602934219DC78
:103FD00042F20C0293424FF0010000F3FA8240F2E9
:103FE0000642934212D040F21D4293420ED009E0A5
:103FF00040F20642934200F1030005D040F21D4218
:10400000934210D0012001E0E6F776FC0F236370A5
:104010000423A3700123E0702371A4F80550012349
:104020002370002038BDE6F769FCEFE740F66342F5
:10403000934200F1030025D00FDC40F60342934287
:1040400018D040F62D42934217D040F601429342D9
:10405000D8D1E6F7CAFA042390E040F67B429342B7
:1040600013D040F67C429342CCD14C49E6F7C7FAD4
:10407000062383E0D1F78EF9EDE74849E6F7B3FA76
:1040800007237BE0E6F7B6FAE5E74449E6F7A9FA45
:10409000082373E0A5F58053013B082BB2D801A299
:1040A00052F823F0C9400300D34003004D41030000
:1040B00005400300054003000540030005400300E0
:1040C00005400300754103003448E6F79CFB0C23D0
:1040D00054E02F223148002112F070FC6FF03F03B2
:1040E0002373282363752223A3756FF0080384F8D4
:1040F00020307F2384F82330302384F827306FF07A
:104100003F0384F828306FF0010384F82A3020231D
:10411000E37180236372042363746377FF2384F85D
:10412000213084F8223084F82B306FF01C0384F89F
:104130002C3080237F2284F82D30042384F829201A
:1041400084F82E3084F83030442359E1134B00209A
:10415000C4F807005860E37A23F0600343F060037B
:10416000E3720C230E22A37001236270E370A5801A
:10417000A07154E70948E6F744FB0A230128F1D16E
:1041800040E741F2054293427FF43CAF03490330DC
:10419000E6F7B6FB74E700BFD8620020DF620020BC
:1041A000A5F50053013B03305D2B3FF62BAF01A279
:1041B00052F823F02D430300334303003B43030035
:1041C000054003005B4303006143030067430300B2
:1041D00071430300774303007D43030083430300DF
:1041E000894303008F430300954303009B4303006F
:1041F000A3430300A9430300AF430300B5430300F7
:10420000BB430300C1430300CB430300D14303007E
:10421000DB430300E3430300E9430300F1430300EE
:10422000F943030005400300054003000540030077
:104230000540030005400300054403000D4403004E
:10424000154403001B440300214403002D440300D4
:1042500033440300394403003F4403000540030096
:1042600005400300474403004D440300534403004A
:104270005B440300634403006944030005400300FA
:10428000054003006F440300754403007D440300B0
:1042900083440300894403008F44030097440300D0
:1042A0009F440300A54403000540030005400300AC
:1042B00005400300AB440300B1440300B7440300CE
:1042C00005400300054003000540030005400300CE
:1042D000054003000540030005400300BD44030002
:1042E0000540030005400300C544030005400300EA
:1042F000054003000540030005400300054003009E
:10430000054003000540030005400300054003008D
:10431000054003000540030005400300054003007D
:10432000054003000540030027440300E6F7B9FAFF
:1043300091E6AF48E6F78BFAA2E6AD4B0020C4F851
:1043400007001871E37963F00203E371237A23F025
:10435000590343F05903237203E7E6F7C1FA7AE6FB
:10436000E6F797FA77E6A248E6F76FFA052305E73E
:10437000E6F78BFA6FE6E6F7BBFA6CE6E6F787FA44
:1043800069E6E6F7B3FA66E6E6F7AEFA63E6E6F75D
:1043900048FA3BE6E6F747FA5DE69548E6F75BFA4A
:1043A000E4E7E6F738FA56E6E6F72FFA53E6E6F7DB
:1043B00066FA50E6E6F733FA28E6E6F78BFA4AE6BD
:1043C0008B49E6F746FA0B23D8E6E6F74EFA1DE6E8
:1043D0008749E6F72CFA1423D0E68548E6F733FA46
:1043E00075E6E6F722FA11E68149E6F728FA3FE694
:1043F0007F49E6F720FA3BE6FF23E371E3720C23E3
:104400000020AFE67A49E6F748FA31E67848E6F761
:1044100030FA3DE6E6F76EFA1DE600F089FAF5E5BA
:1044200011F06FFEF2E511F06FFE14E6E6F7EFF91A
:1044300011E6E6F726FA0EE6E6F7EFF90BE66C482A
:10444000E6F715FA92E7E6F71EFA04E6E6F74AFA07
:1044500001E66748E6F703FA39E66549E6F703FA45
:1044600016E6E6F71CFAF6E5E6F736FACEE5E6F7E5
:1044700012FAF0E55E49E6F725FA77E7E6F716FA6D
:10448000E9E5E6F725FAE6E5E6F712FAE3E5584846
:10449000E6F7E3F9ECE55648E6F7E3F966E7E6F711
:1044A000ECF9D8E5E6F7B5F9D5E5E6F70FFAD2E588
:1044B000E6F70AFACFE5E6F7BCF9A7E54C48E6F7D8
:1044C000DAF9D5E5E6F70AFAC5E54FF60F439D425E
:1044D00000F103002AD8B5F57C4F3FF493ADA5F564
:1044E0007C43013B0E2B3FF68DAD01A252F823F029
:1044F0004D450300574503000540030005400300F8
:10450000054003008B450300054003000540030000
:104510007745030081450300054003000540030083
:1045200005400300914503009945030005F54073DC
:104530009BB2052B3FF666ADA5F57D43052B3FF6F7
:1045400061ADDFE803F02D373A3D40432848D0F70E
:1045500039FF102312E60023A4F80730E37923F093
:10456000230343F02303E371237A23F0670343F02B
:1045700067032372E8E51E48E6F7D1F81B23FDE543
:104580001B48E6F77FF82423F8E5E6F724F962E50F
:104590001749E6F722F97BE51549E6F70FF977E5C4
:1045A0000023A4F80730E37923F03F0343F03F03EF
:1045B000E371C9E5E6F759F84DE5E6F72AF84AE56B
:1045C000E6F71FF847E5E6F758F844E5E6F74BF855
:1045D00041E5A5F500530D3B064A9BB200FA03F3F3
:1045E0001A40002A3FF40EAD10E54FF0FF3019E5F8
:1045F000DF6200204112000310B5074C23781BB97D
:10460000BDE81040E5F7E0BFA278611C023212F06D
:10461000B4F90020207010BDD8620020884270B527
:1046200004460D4601F1100619D9B0420ED20E49CA
:104630000E4A0F4840F217230BF0C4FF0D480BF051
:10464000C1FF0A4840F217210BF0B5FF3346013C89
:1046500013F8012D04F8012FAB42F9D170BDE6D05B
:1046600000F110039942E1E7A5AA040073AA04002F
:104670008E870400FCAA040070B505460C46104E57
:10468000304611F032FFB8B1A4B2B668336863B9EE
:104690000C490D4A0D484B230BF094FF0C480BF0CE
:1046A00091FF09484B210BF086FF336804482246EE
:1046B0002946BDE8704018476FF0120070BD00BF7A
:1046C000187204000FAF0400DBAE04008E870400F4
:1046D0002FAF0400884270B504460D4601F1200654
:1046E00019D9B0420ED20E490E4A0F4840F2172394
:1046F0000BF068FF0D480BF065FF0A4840F21721E8
:104700000BF059FF3346013C13F8012D04F8012F3B
:10471000AB42F9D170BDE6D000F120039942E1E748
:10472000A5AA040073AA04008E870400FCAA040052
:10473000F8B51C4D1C4905F12002002808BF294688
:10474000104606F0CBFE4FF0FF3200284FF0FF334B
:104750004FF001000CBF00271227F5F7CFFA00F148
:104760000806022104463046FDF72EF83E2303706A
:104770002223437001213046FDF726F809230370F8
:1047800021213046FDF720F800F8017B2FB12022CF
:10479000FF2112F013F92046F8BD05F12001FFF7C3
:1047A00099FFF8E7DA6300207BB00400F8B5364ED5
:1047B000BFF35B8F3368BFF35B8F022B59D0042BA1
:1047C0005CD0012B5CD1314C314D20212046FFF7CC
:1047D00053FF002842D120222946204612F0BDF87E
:1047E0000028F2D02B48214606F064FE0028ECD1C8
:1047F00005464FF0FF324FF0FF330120F5F77EFA08
:1048000000F10807022104463846FCF7DDFF3E238D
:1048100003704223437001213846FCF7D5FF08237B
:10482000037041213846FCF7CFFF074600F8015BD3
:10483000B5B14022002112F0C1F8BFF35B8F002315
:1048400056E8002F46E800310029F9D1BFF35B8F0D
:10485000C4B12046BDE8F840F6F778B81F25C8E790
:104860000C49FFF737FF0C4907F12100FFF732FF32
:10487000E3E70020FFF75CFF0446DEE70120F9E7ED
:104880000024DAE7F8BD00BF90430020DA6300207F
:104890007BB00400FA6300201A64002010B586B0D3
:1048A0001022002101A812F089F80B4C0594012375
:1048B0008DF811304FF0FF324FF0FF33012101A886
:1048C00006F0FEFB204612F01BF8049B6FF35233F8
:1048D0000493FFF76BFFEDE79443002010B588B019
:1048E0000E4812F008F80E4C0E4900220023CDE9C4
:1048F000062300230A22CDE90323CDE901330093E7
:104900004FF46272084B204603F0A0F80749204696
:1049100008B0BDE8104011F021BE00BF9443002054
:10492000B8310020809900209D4803006EB004003B
:1049300008B50B4BBFF35B8F012253E8001F002922
:1049400003D143E800200028F7D1BFF35B8F05D1E6
:104950000448002106F0C2FC002008BD0C20FCE742
:10496000904300209443002010B50029114BBFF361
:104970005B8F044614BF0422022253E8001F002963
:1049800003D143E800200028F7D1BFF35B8F0ED19D
:1049900021460948FFF79EFE084804F12001FFF771
:1049A00099FE0748002106F099FC002010BD0C205C
:1049B000FCE700BF90430020FA6300201A64002047
:1049C0009443002008B54FF0FF304FF0FF31FFF760
:1049D00017F948B107490848084A47230BF0F2FD88
:1049E000064847210BF0E7FDE5F7CFF8BDE80840A2
:1049F000FFF70EB9C8B004008E8704009BB0040016
:104A00000149024803F0F0BFA44300208032002097
:104A100037B53223ADF80430134A0023012519219C
:104A200068468DF80630ADF800508DF80230CFF7AB
:104A30001DFF0446A0B90D482946E4F78FFF044640
:104A400070B901462A460820F4F766FA2A4621463C
:104A50000B20F4F761FA2A4621462846F4F75CFA5F
:104A6000204603B030BD00BF19610400B4430020EC
:104A700013B500240C480D4900946FF009034FF45E
:104A8000806204F021F80A49074811F067FD0949DE
:104A9000094803F039FF224604211920F4F73CFAB3
:104AA000204602B010BD00BF80320020809D002053
:104AB000D5B00400C5490300A4430020014B0020E9
:104AC0001B681847D843002010B530B101280AD11F
:104AD000BDE810400B48CFF741BD0B4BBDE810407F
:104AE0001B68012018470949094A0A481C230BF092
:104AF00069FD09480BF066FDBDE8104004481C2123
:104B00000BF059BDBD4A0300D8430020D48B0400EC
:104B1000DFB004008E8704001CB1040008B5A0B10A
:104B2000012803D1BDE80840CFF70ABD0749084A6C
:104B300008482A230BF046FD07480BF043FDBDE86B
:104B4000084003482A210BF036BD08BDD48B040071
:104B5000DFB004008E8704001CB10400014B186014
:104B600001487047D84300200000AD0B38B5374DE1
:104B70002B7E83420C4609D035493648364A4C23B1
:104B80000BF020FD34484C210BF015FDBFF35B8F7B
:104B90002B6CBFF35B8F0BB1002024E0092C49D8AC
:104BA00001A353F824F000BFD14B0300354C0300A0
:104BB000354C0300354C0300354C0300034C030017
:104BC000034C0300FB4B0300354C0300994B0300DF
:104BD0002B6AD3E900209047012805D0E86302231F
:104BE0001E4885F8343038BD85F829001C48A86374
:104BF000032385F834301030F5E7144803F078FBD0
:104C0000CAE7287E1649002485F82940E4F74FFEBC
:104C100005460028C0D0104A12490E4844230BF024
:104C2000D1FC294610480BF0CDFC44210A480BF07A
:104C3000C2FCB1E7084A0D49064876230BF0C2FCD6
:104C400021460B480BF0BEFC7621EFE7DC43002049
:104C500066B104008E8704002CB1040010440020CB
:104C60000044002088B1040091B10400D48B0400FA
:104C7000B4B1040002480122002111F0B8BC00BF09
:104C8000DC430020014BD861704700BFDC430020AB
:104C900070B54FF0FF3105464FF0FF30FEF7B0FF23
:104CA00048B14D494D484E4A93230BF08BFC4C487C
:104CB00093210BF080FC4B4C4B4804F11801CCF7CE
:104CC0003FFB0646FEF7A4FF002EC0F2828040F2B2
:104CD00001132385E36925626433E362434B236355
:104CE00000226FF07303E36384F8242004F140038F
:104CF000BFF35B8F53E8001F43E800200028F9D181
:104D0000BFF35B8FA2681E464AB139493348344A23
:104D1000A9230BF057FC3248A9210BF04CFC4FF0B3
:104D2000FF304FF0FF31FEF76BFF48B12A492B48A7
:104D30002B4AAC230BF046FC2948AC210BF03BFC82
:104D40002C49207EE4F7B3FD054668B1244A2A4980
:104D50002248AE230BF036FC284829460BF032FCE3
:104D60001F48AE210BF027FCFEF752FF244A1D48D6
:104D7000002303F001FB00280ADABFF35B8F012355
:104D800056E8002F46E800310029F9D1BFF35B8FC8
:104D90004FF0FF304FF0FF31FEF732FF48B10E49C0
:104DA0000E480F4AB9230BF00DFC0D48B9210BF04A
:104DB00002FC207EE4F7B4FDFEF72AFFBFF35B8F11
:104DC000236CBFF35B8F13B1064803F05FFBE06B0E
:104DD00070BD6FF00B00FBE7C8B004008E870400C5
:104DE0002CB10400DC4300206D4B0300FF3F420F59
:104DF000CCB104000044002088B1040091B104004B
:104E0000447B0B00074B01221A64D3F84035B3FBF7
:104E1000F0F01844044BDB69984234BF00200120B5
:104E2000704700BF00800040DC4300204FF08053FB
:104E3000D3F83021082A06D1D3F83431052B02D813
:104E4000024AD05C70470020704700BFFEB10400EA
:104E5000024AD2F80034002BFBD0704700E001403A
:104E600010B511F09CF940B14FF080430022C3F817
:104E70000C21C3F81021C3F8382511F090F900284F
:104E800046D04FF08052654BD2F80414C3F8201579
:104E9000D2F80814C3F82415D2F80C14C3F8281556
:104EA000D2F81014C3F82C15D2F81414C3F8301526
:104EB000D2F81814C3F83415D2F81C14C3F84015EE
:104EC000D2F82014C3F84415D2F82414C3F84815B6
:104ED000D2F82814C3F84C15D2F82C14C3F8501586
:104EE000D2F83014C3F85415D2F83414C3F860154E
:104EF000D2F83814C3F86415D2F83C14C3F8681516
:104F0000D2F84014C3F86C15D2F84424C3F87025C5
:104F1000FFF78CFF18B1424B424AC3F88C26FFF7CB
:104F200085FF18B1404BFB22C3F81825FFF77EFF21
:104F300070B14FF080414FF08053D1F8E42ED3F898
:104F4000583222F00F0203F00F031343C1F8E43E7E
:104F5000FFF76CFF20B1354B4FF40072C3F84026C9
:104F600011F01DF948B14FF08043D3F80024D20767
:104F700044BF6FF00102C3F800242D4AD2F88830F4
:104F800043F47003C2F88830BFF34F8FBFF36F8FC5
:104F90004FF08053D3F83021082A0ED1D3F83431A2
:104FA000052B02D8234AD35C3BB14FF01023D3F832
:104FB00008224FF08043C3F858254FF01023D3F850
:104FC0000022002A03DBD3F80432002B22DA1A492C
:104FD00001234FF01020C1F804351224FFF738FFE9
:104FE000C0F80042FFF734FFC0F80442FFF730FF7B
:104FF0000023C1F80435FFF72BFFBFF34F8F0C4997
:105000000E4BCA6802F4E0621343CB60BFF34F8FCC
:1050100000BFFDE70A4B0B4A1A6010BD00C00040FC
:10502000005000404881030000F000400090024022
:1050300000ED00E0F8B1040000E001400400FA05D2
:10504000F00900200090D00370B501250268B2FA83
:1050500082F3C3F11F035E1CDCB214D0BFF35B8F7D
:1050600005FA03F322EA030350E8006F964204D1E5
:1050700040E8003CBCF1000FF6D1BFF35B8FE5D1F7
:1050800002480C7070BD0248FCE700BF0000AD0B89
:105090000200AD0B0368CB40DB0710B515D401232C
:1050A00003FA01F10368BFF35B8F41EA030250E8A2
:1050B000004F9C4204D140E8002CBCF1000FF6D117
:1050C000BFF35B8FEED1024810BD0248FCE700BF82
:1050D0000000AD0B0400AD0B034B083033F810009B
:1050E000C0F34010704700BFF4090020044B0830A3
:1050F00033F8100010F01C0018BF0120704700BFEB
:10510000F4090020034B083033F81000C0F34000CE
:10511000704700BFF409002070B500F108030C4C83
:1051200034F81330DA0505460E4607D5C3F343239A
:1051300004EBC30254F8333052689847A3682BB18C
:10514000E26831462846BDE87040184770BD00BF90
:10515000F4090020194A083010B532F81030D9058A
:105160001DD5C3F3432123F4F85322F8103002F184
:105170001004002034F8023B13F4807F03D0C3F303
:10518000432399420BD001303028F3D1002342F859
:1051900031300B48FFF77EFF0A4B984200D110BD1B
:1051A00009490A480A4A4FF499730BF00BFABDE813
:1051B000104007484FF499710BF0FDB9F409002035
:1051C000680A00200000AD0B68B204008E8704005E
:1051D00004B2040038B50246FFF77EFF094C02F125
:1051E000080540B134F8153007495B0B03F5A2738D
:1051F000002041F823001046FFF7ACFF002324F8FD
:10520000153038BDF40900200060004010B5044698
:10521000006810F0D0FF58B912491348134A40F201
:1052200029230BF0CFF9114840F229210BF0C3F9E3
:10523000236803F01F025B0922600DD0012B0ED002
:105240000B490948094A40F22E230BF0BBF90748E5
:1052500040F22E210BF0AFF94FF0A04010BD0548F1
:10526000FCE700BF6B8704008E87040038870400CA
:10527000D48B040000030050F0B5044685B01746F7
:105280001D46F1B110F0A8FF10B14D4805B0F0BDBA
:105290000B46CDE900008DF80E008DF80F000DF1E2
:1052A0000F020DF10E01204610F0A5FF454A04F152
:1052B000080132F8113023F0020343F0010322F811
:1052C000113097B120463E787A68FFF71BFF80B116
:1052D000002ADAD13B4A04F1080132F8113023F0F8
:1052E0001C0343EA860322F81130002D3DD13648D5
:1052F000CCE7344F04F1080C37F81C1021F02001E2
:10530000C904C90C27F81C10002AE3D0032EBCD80E
:1053100013782EB92D4A03F5A27142F82160D9E71E
:105320009A0002F1804202F5C04241EA4331D2F8CC
:10533000100520F00300C2F81005D2F8100520F483
:105340004F3020F44070C2F81005D2F810E520026A
:1053500000F47C504EEA064E40EA0E0041F0200177
:1053600027F81C10C2F81005B4E7D5E900672046FD
:10537000FFF7F0FE002EBAD0124D2B689E4204D1EA
:105380006B689F4201D100220AE011480DF10F0124
:10539000FFF75AFE0C4B98427FF478AF9DF80F2030
:1053A00045F8326005EBC20308345F6035F814300D
:1053B00043EA422343F4807325F8143097E700BF93
:1053C0000400AD0BF40900200000AD0B00600040AC
:1053D000680A0020F0B5044685B0154621B3FFF7F2
:1053E00091FE20B92046FFF777FE00285ED12046C7
:1053F000FFF77CFE10B14B78012B57D001238DF8BD
:105400000F300023CDE900134A1C8B1C20460DF100
:105410000F0110F0F0FE264A04F1080132F81130B5
:1054200043F0030322F8113015B9224805B0F0BD4E
:105430002046FFF767FEC8B31D4E95F800C004F183
:105440000807614636F81700890020F0200001F1B6
:105450008041C00401F5C041C00C26F817000023AC
:10546000C1F810356A78002ADFD0D1F81035AD7850
:1054700023F4991323F4F853C1F81035D1F810E54B
:10548000230203F47C53120402F4403243EA0E0375
:1054900013432A0502F4801240EA4C30134340F0D3
:1054A000200026F81700C1F81035BEE70248BDE716
:1054B000F40900200000AD0B0400AD0B014BC3E963
:1054C00002017047F409002038B504460D4659B969
:1054D0000C490D480D4A40F235230BF073F80B4888
:1054E00040F235210BF067F82046FFF7F5FD38B1A3
:1054F000074B0848083433F814305B0B2B7038BD69
:105500000548FCE77CB204008E87040004B2040066
:10551000F40900200000AD0B0400AD0B38B50F4CB2
:1055200094F87850BDB96022294604F1100011F0BA
:1055300045FA0620F3F7BEFC094B0A48C3F87C5134
:10554000D3F87C214FF00042C3F80423012384F8F0
:105550007830636738BD0448FCE700BFF4090020D9
:10556000006000400000AD0B0500AD0B034B93F84D
:105570007800003818BF0120704700BFF4090020F0
:1055800001460148FFF786BD640A00200146014834
:10559000FFF75ABD640A0020F7B504460D46FFF731
:1055A000A5FD58B930493148314A40F2DF330BF09C
:1055B00009F82F4840F2DF310AF0FDFF2046FFF7DF
:1055C0008BFD2C4E04F1080718B32046FFF79AFD17
:1055D0000246F0B936F81700410B084610F007FEF6
:1055E00000F1804303F5C0431A601B688B0003F190
:1055F000804303F5C043D3F8102542F00102C3F8FD
:10560000102525B11C4A01238B40C2F8043303B096
:10561000F0BD5DB919491548154A40F2EE330AF05C
:10562000D1FF134840F2EE310AF0C5FF36F81730CB
:10563000C3F38203042B12D0052B12D001A80194CE
:10564000FFF7E4FD019BD0F81015D94001F00101EE
:105650000231204603B0BDE8F04010F017BE032130
:10566000F7E70221F5E700BF86B204008E87040049
:1056700004B20400F4090020006000409BB2040062
:1056800008B50246FFF728FDC8B11046FFF73AFDFE
:10569000A8B908320D4B0E4933F8123001225B0BCA
:1056A0009A409B0003F1804303F5C043C1F80823EF
:1056B000D3F8102522F00302C3F8102508BDBDE879
:1056C00008400021104610F0E1BD00BFF4090020A1
:1056D000006000400E4B00F1080213B533F81230A1
:1056E000DB07044611D5FFF7CBFF2046FFF772FD1D
:1056F00001A80194FFF78AFD019B03F5E0730222E4
:1057000040F82320034802B010BD0348FBE700BF68
:10571000F40900200000AD0B0400AD0B2DE9F04FA3
:10572000654B66486649002687B0012234461D68ED
:1057300035B1D0F8045315421EBF1C601D681643D6
:1057400004338B424FEA4202F1D1DFF87081D8F87E
:105750007C31002B00F093804FF0A043D3F820253C
:105760000492C3F82025D3F820280592C3F82028F6
:1057700000270DF110097B0100934FF0010A4BE067
:10578000009B504A94FAA4F4B4FA84F41C4404F143
:105790000803E00832F81330039404F007020AFA11
:1057A00002FC19F8002022EA0C02990809F80020EE
:1057B00003A8C3F382050191FFF728FD039A01991D
:1057C00002F5E0724B0750F82220AB46C2F30142CB
:1057D00029D559462046D5B2FFF79EFC03A803946D
:1057E000FFF714FD039B03F5E07350F82330C3F378
:1057F00001439D4207D10021204610F047FD294674
:10580000204610F043FD03A80394FFF7FFFC039B21
:105810000AFA03F3C0F8203559F82740002CAFD11D
:10582000CFB90127A7E7022A0CBF03210221204696
:10583000019210F02BFD032D04D0019A022A06D10B
:10584000012DE0D159462046FFF766FCDBE7032A2D
:10585000D9D1022DF5E7C8F87C41D8F87C311A4936
:105860004FF0A043D3F820250492C3F82025D1F8A7
:1058700020350593C1F8203513437FF479AF012417
:1058800016B907B0BDE8F08F96FAA6F3B3FA83F322
:1058900004FA03F29B0003F1804303F5C04326EAB8
:1058A0000206D3F81005D3F81015C0F30520C1F394
:1058B0000141FFF731FCE3E7006100400060004078
:1058C00020610040F409002000030050044AD2F88F
:1058D0000034DB07FBD50160BFF35F8F704700BF6B
:1058E00000E001404FF0805210B5136952695343F4
:1058F000984204460BD312491248134A4FF483735B
:105900000AF060FE10484FF483710AF054FE4FF025
:1059100080531A69B4FBF2F302FB134373B90B4BC8
:105920000222C3F80425C3F80845D3F80024D2079F
:10593000FBD500220648C3F8042510BD0548FCE746
:1059400002B304008E870400A6B2040000E0014008
:105950000000AD0B0A00AD0B70B50D4601210446E9
:1059600010F0A3FC58B913491348144A4FF4CA73F2
:105970000AF028FE11484FF4CA710AF01CFEA30772
:105980000BD00F490C480D4A40F295130AF01AFE4D
:105990000A4840F295110AF00EFE0A4E0123C6F89D
:1059A000043529462046FFF791FF0023C6F8043549
:1059B00070BD00BF1CB304008E870400A6B20400B3
:1059C00036B3040000E0014010B5044648B9074969
:1059D0000748084AA8230AF0F5FD0648A8210AF05E
:1059E000EAFD054B22681A6010BD00BFA5B3040094
:1059F0008E8704005FB30400204400204FF08043F2
:105A000070B5D3F80443660715D54FF4847010F0D1
:105A10006DFC80B1484D2B685BB948494848494AFC
:105A200040F22D130AF0CEFD464840F22D110AF047
:105A3000C2FD2B689847A50616D54FF48A7010F062
:105A400055FC88B1404D2B685BB940493C483D4A04
:105A50004FF49B730AF0B6FD3A484FF49B710AF07D
:105A6000AAFD2B6800209847600616D54FF48C706D
:105A700010F03CFC88B1344D2B685BB93349304899
:105A8000304A40F23D130AF09DFD2E4840F23D1190
:105A90000AF091FD2B6801209847210616D54FF496
:105AA0008E7010F023FC88B1294D2B685BB9294911
:105AB0002348244A4FF4A3730AF084FD21484FF48D
:105AC000A3710AF078FD2B6800209847E20516D5EF
:105AD0004FF4907010F00AFC88B11D4D2B685BB933
:105AE0001C491748174A40F24D130AF06BFD154840
:105AF00040F24D110AF05FFD2B6801209847A30585
:105B000018D54FF4927010F0F1FB98B1104C236847
:105B10005BB910490A480B4A4FF4AA730AF052FDC8
:105B200008484FF4AA710AF046FD23680220BDE838
:105B30007040184770BD00BF20440020BDB3040072
:105B40008E8704005FB3040024440020DEB3040009
:105B50002844002000B4040001460148FFF774BA4D
:105B6000700A00202DE9F04104460E4615465AB948
:105B700032493348334A40F2A7230AF023FD314823
:105B800040F2A7210AF017FD2F685FB92E492C4873
:105B90002C4A4FF42D730AF015FD2A484FF42D714D
:105BA0000AF009FD04EB4618C8F82075AF88002FED
:105BB00038D12649234A224840F2BD230AF002FD8B
:105BC00040F2BD211F480AF0F6FCC8F82475AF6802
:105BD000B7F1807F0BD31E4919481A4A40F2C723F8
:105BE0000AF0F0FC174840F2C7210AF0E4FCED6827
:105BF0004FEA461804EB4616B5F1807FC6F82875C3
:105C00000BD314490E480F4A4FF434730AF0DAFCF0
:105C10000C484FF434710AF0CEFC4444C4F82C55BF
:105C2000BDE8F0813B04D0D50B49064A044840F258
:105C3000BE230AF0C7FC40F2BE21C3E720B4040033
:105C40008E870400C0AD040035B404004DB40400D8
:105C500077B4040098B4040059B4040002685309EE
:105C600010B504462CD0012B4FF6FF7318BF00234C
:105C700002F01F02D340DB070BD414491448154A25
:105C800040F229230AF09EFC124840F229210AF032
:105C900092FC236803F01F025B0922600DD0012BE8
:105CA00011D00D490A480B4A40F22E230AF08AFC13
:105CB000084840F22E210AF07EFC4FF0A04010BDB3
:105CC0004FF0FF33D4E70548F9E700BF6B870400C6
:105CD0008E87040038870400D48B04000003005032
:105CE0002DE9F04F064687B091461F460C4649B94C
:105CF00059495A485A4A8C230AF064FC58488C2166
:105D00000AF059FC96F80480564D0C2101FB08F16D
:105D10006B181A7A002A40F09C80227B45F801908B
:105D20005F609A72002A4DD0637B002B4AD037689F
:105D3000B4F808900123C7F80035B4F9083094F896
:105D400005B094F806A0002B0BDA47494348474AB0
:105D50004FF427730AF036FC44484FF427710AF0D9
:105D60002AFCC7F80CB53068C7F804A5C7F8089531
:105D70006389C0F810350023C0F80032C0F8003342
:105D8000C0F81C31D0F81C21C0F81031D0F8102117
:105D9000C0F81431D0F81421C0F80431D0F804311F
:105DA0000C2303FB08F3EB581BB140F30730F3F768
:105DB00081F80C2303FB08552D4801232B7207B0F3
:105DC000BDE8F08F04F1FF3902AF04F1030A19F8BE
:105DD000012FFF2A39D0217B22F0800BC7F800B0B9
:105DE000B1B91306CDF804B001A826D4FFF736FFE9
:105DF000019901228A40C0F80C2501A8CDF804B011
:105E0000FFF72CFF019B03F5E073032240F82320EA
:105E1000CA4507F10407DAD1637B002B87D13368C9
:105E2000029AC3F86025039AC3F86425049AC3F85C
:105E30006825059AC3F86C2579E7FFF70FFF0199EC
:105E400001228A40C0F80825D7E74FF0FF333B60B6
:105E5000DEE70848B3E700BF9CB304008E87040068
:105E6000BBB404002C440020F6B40400C0AD040010
:105E70000000AD0B0500AD0B2DE9F3411E4E077977
:105E80000C2303FB076305461B7A4BB91B491C48CF
:105E90001C4ACA230AF096FB1A48CA210AF08BFB57
:105EA000286840F30730F3F715F82B680022C3F891
:105EB00000250C2303FB07639C7AA4B94FF002086A
:105EC00004F5AC722B6853F822305A1C08D001A894
:105ED0000193FFF7C3FE019B03F5E07340F82380B5
:105EE0000134042CECD10C2303FB0766002333722E
:105EF00002B0BDE8F08100BF2C44002017B50400BB
:105F00008E870400BBB404002DE9F0411F460379DD
:105F10000546304803EB430614460C2200EB860688
:105F200002FB03008846037A5BB92B492B482C4AB5
:105F30004FF496730AF046FB29484FF496710AF025
:105F40003AFB5CB927492548254A40F22D130AF04F
:105F500039FB234840F22D110AF02DFBD8F8003010
:105F600003F06043B3F1005F0BD01F491B481C4A8C
:105F70004FF497730AF026FB19484FF497710AF013
:105F80001AFB286842460021FFF7ECFD28684246CC
:105F90000121FFF7E7FD286804F0010303EB540437
:105FA000FA07C0F8144513D417F0020203D0002BEF
:105FB00014BF08220422002BC0F800223146FAB296
:105FC00018BF0C23BDE8F04108BF082310F0A1B9A9
:105FD0001022F0E72C44002017B504008E8704003F
:105FE000BBB4040043B5040056B5040070B5124CB0
:105FF00006790C2303FB064305461B7A5BB90F4960
:106000000F48104A4FF4D5730AF0DCFA0D484FF4EC
:10601000D5710AF0D0FA0C232A6803FB0644237AD0
:10602000D2F80421DBB21AB9981E18BF012070BD46
:1060300001202072FBE700BF2C44002017B50400AC
:106040008E870400BBB4040038B5144B02790D46AA
:106050000C2101FB023304461B7A5BB9104911483D
:10606000114A40F285130AF0ADFA0F4840F285114B
:106070000AF0A1FA23680022C3F8002201225A6024
:106080002046FFF7B3FF38B92046FFF7AFFF18B936
:10609000002DF9D1284638BD0125FBE72C4400200E
:1060A0007FB504008E870400BBB404000268530966
:1060B00010B504462CD0012B4FF6FF7318BF0023F8
:1060C00002F01F02D340DB070BD414491448154AD1
:1060D00040F229230AF076FA124840F229210AF008
:1060E0006AFA236803F01F025B0922600DD0012BBE
:1060F00011D00D490A480B4A40F22E230AF062FAE9
:10610000084840F22E210AF056FA4FF0A04010BD88
:106110004FF0FF33D4E70548F9E700BF6B87040071
:106120008E87040038870400D48B040000030050DD
:106130002DE9F74F074692461D460C4659B9654969
:106140006548664A4FF4BF730AF03CFA63484FF45F
:10615000BF710AF030FA3979614E4FEA411906EB06
:10616000411191F81CB0BBF1000F40F0B080D7F89E
:1061700000808B7F4D60E57B227946F809A065F3AE
:10618000000362F341038B77E378CB77D7F800A065
:10619000002D58D1A368217B2078B3F1A05F14BFF4
:1061A000AB464FF0030B012994BF0021012110F0F1
:1061B000D3F82378019301A8FFF778FF019B4FEAFA
:1061C0000B2503F5E07345F0010240F823206378C6
:1061D000FF2B14D001A80193FFF768FF019A012358
:1061E0009340C0F80C356378019301A8FFF75EFF78
:1061F000019B03F5E07345F0030240F82320A378E8
:10620000FF2B0CD001A894F80EB00193FFF74EFFBE
:10621000019B03F5E07345EA8B0240F82320E07808
:10622000FF2810D0217981F0010110F095F8E37872
:10623000019301A8FFF73AFF019B03F5E07345F0D6
:10624000030540F82350237C93B963782178FF2B12
:1062500018BF1A46A378CAF8081508BF4FF0FF32D6
:10626000FF2B08BF4FF0FF33CAF80C25CAF81035D2
:10627000A368C8F82435637B227B003B18BF012349
:10628000022A1ED0032A1FD0012A01D143F00203A3
:10629000C8F85435A379C8F8C0350723C8F80035C5
:1062A00056F8093023B1386840F30730F2F702FEA0
:1062B0004E44002373770B480123337703B0BDE8C6
:1062C000F08F43F00403E3E743F00603E0E70648FA
:1062D000F4E700BF9CB304008E870400C4B504003B
:1062E0005C4400200000AD0B0500AD0BF8B5294C57
:1062F00003795E0104EB431305461B7F5BB9264916
:106300002648274A40F20F230AF05CF9244840F25D
:106310000F210AF050F9A3592D68A719B3B145F31D
:106320000730F2F7D7FD1F4BC5F808337B7F6BB101
:1063300001236B616427D5F8043123B901200FF0E4
:1063400038FF013FF7D1A31900225A770023C5F87F
:106350000035A3199B7FD80717D4D5F80805411C31
:1063600001D010F01BF8D5F81005421C01D010F038
:1063700015F8D5F80C05431C01D010F00FF8A3193F
:10638000D87FFF2801D010F009F834440023237788
:10639000F8BD00BF5C44002017B504008E870400E0
:1063A000C4B50400520108002DE9F047644F037999
:1063B00007EB43195E0199F81C3080460C461546E0
:1063C0005BB960496048614A40F2DE230AF0FAF89E
:1063D0005E4840F2DE210AF0EEF823686BB963688C
:1063E0005BB15B495848594A40F2DF230AF0EAF8AA
:1063F000564840F2DF210AF0DEF8A3686BB9E36883
:106400005BB154495048514A4FF438730AF0DAF8F6
:106410004E484FF438710AF0CEF898F804303BB982
:10642000E368B3F5803F03D26368B3F5803F0BD3D5
:1064300049494548454A40F2E1230AF0C3F8434838
:1064400040F2E1210AF0B7F815F0080A0FD0BB19A5
:10645000DB7FFF2B0BD041493B483C4A4FF439735B
:106460000AF0B0F839484FF439710AF0A4F8BB19B2
:106470005A7F002A61D1BA5922B115F0140F04BF16
:1064800001225A7794E80F0007EB060C0CF10C0C74
:106490008CE80F00012148460FF074FF216821B1FC
:1064A00001F06043B3F1005F06D1A26852B102F07F
:1064B0006043B3F1005F05D03E4400232848737762
:1064C000BDE8F087D8F800306068C3F84415C3F819
:1064D0004805E168C3F834250022C3F83815C3F82D
:1064E0001821D3F8182115F0010218BF0122C3F8B2
:1064F000502515F0020218BF0122C3F84025BAF159
:10650000000F01D101221A61BA5962B9BAF1000F24
:1065100003D1D3F81821002AFBD0002148460FF000
:1065200031FF1048CCE715F0040F4FF0400214BFC4
:10653000C3F80823C3F80423F3E70B48C0E700BF00
:106540005C44002017B504008E870400C4B5040025
:1065500000B6040047B604008EB6040032B704004B
:106560000A00AD0B0000AD0B0B00AD0B4FF040234C
:1065700010B5D3F8182102B3104C0022C3F818212B
:10658000D3F8183123685BB90D490E480E4A40F222
:106590003B330AF017F80C4840F23B310AF00BF895
:1065A000064800210FF0EEFE0023637723720748B0
:1065B000D4E90031BDE81040184710BD5C4400200C
:1065C00062B704008E870400C4B504006444002050
:1065D0000268530910B504462CD0012B4FF6FF7307
:1065E00018BF002302F01F02D340DB070BD414496D
:1065F0001448154A40F2292309F0E4FF124840F2FA
:10660000292109F0D8FF236803F01F025B092260EB
:106610000DD0012B11D00D490A480B4A40F22E2310
:1066200009F0D0FF084840F22E2109F0C4FF4FF0D6
:10663000A04010BD4FF0FF33D4E70548F9E700BF95
:106640006B8704008E87040038870400D48B040015
:10665000000300502DE9F74F0646914698460C4638
:1066600059B930493048314A40F2151309F0AAFFB0
:106670002E4840F2151109F09EFF96F804A02C4D0B
:10668000342707FB0AF7E91991F82D00002847D1B4
:10669000637BD6F800B081F83230A37B886045F880
:1066A0000790C1F8048081F8300081F82F0081F84C
:1066B0003330F3B1E37B2BB9D4E90023CBF80825C1
:1066C000CBF80C35A368CBF82435342303FB0AF34D
:1066D000EB5823B1306840F30730F2F7EBFB34237B
:1066E00003FB0A551348012385F82D3003B0BDE89C
:1066F000F08F2368019301A8FFF76AFF019B03F560
:10670000E07340F20C6740F823706368019301A8BE
:10671000FFF75EFF019B03F5E07340F82370C9E7C4
:106720000548E3E79CB304008E87040070B70400BB
:106730007C4400200000AD0B0500AD0B70B5104C83
:106740000679342303FB0643054693F82D30012BCD
:106750000BD00C490C480D4A40F2791309F032FF76
:106760000A4840F2791109F026FF2B680622C3F887
:106770000025342303FB0644022384F82D3070BD2A
:106780007C440020ACB704008E87040070B704007E
:1067900070B5164C0679342303FB0643054693F87F
:1067A0002D305BB912491348134A4FF4C27309F0F4
:1067B00009FF11484FF4C27109F0FDFE34232A6825
:1067C0000E4803FB064300219960C2F80803D2F883
:1067D000000220F4BC50C2F80002C2F800150122E9
:1067E00083F82D2083F82F1070BD00BF7C4400205B
:1067F00017B504008E87040070B7040002029C01E4
:10680000F7B5254D0679342303FB0653044693F868
:106810002D305BB921492248224A4FF4B07309F068
:10682000D1FE20484FF4B07109F0C5FE3423734304
:10683000EB5823B1206840F30730F2F74BFB2046BA
:10684000FFF7A6FF342303FB065393F83320DAB98E
:1068500093F83230C3B9236801A8D3F808350193FF
:10686000FFF7B6FE019B03F5E073022740F82370A3
:10687000236801A8D3F80C350193FFF7A9FE019B0B
:1068800003F5E07340F82370342303FB065500231F
:1068900085F82D3003B0F0BD7C44002017B504000E
:1068A0008E87040070B704002DE9F0470379044691
:1068B0000D4616463BB94B68B3F5803F03D28B6853
:1068C000B3F5803F0BD3B449B448B54A40F299239D
:1068D00009F078FEB24840F2992109F06CFE94F874
:1068E0000490DFF8E482342707FB09F758F80730F3
:1068F00013BB2B78022B0FD02B78032B1CD1A84A6B
:10690000A849A64840F2A22309F05CFEA44840F240
:10691000A22109F050FE0FE040F2A123A04AA249B3
:106920009E4809F04FFE9E4840F2A12109F043FE27
:1069300058F80730002BDFD0342303FB09830022F3
:10694000246883F82E206B684BB1EB6803F060433A
:10695000B3F1005F03D0954F3846BDE8F087342788
:10696000934BC4F8083307FB098797F82F3003F0DF
:10697000FF0A23B1BB68C4F804338E4FECE716F06E
:10698000140F0CBF0123002387F82F30AE46BEE85A
:106990000F0007F10C0CACE80F00DEF80030CCF86B
:1069A0000030C6F3001387F830303E626B78C4F8CD
:1069B0008835C4F804A1D4F80431C4F824A1D4F86B
:1069C0002431C4F860A1D4F86031C4F848A1D4F8E7
:1069D000483116F0010318BF0123C4F8503516F0F2
:1069E000020318BF0123C4F840352B78032B00F2B3
:1069F0000081DFE813F0B400EB0099000400F30617
:106A00000BD56D496548664A40F2DD1309F0DAFDA1
:106A1000634840F2DD1109F0CEFD37070BD5674919
:106A20005E485F4A4FF4EF7309F0CCFD5C484FF4C9
:106A3000EF7109F0C0FD70070BD561495748584AFE
:106A400040F2DF1309F0BEFD554840F2DF1109F0B6
:106A5000B2FD2B6903F06042B2F1005F7FF47BAFBF
:106A60004FF48072C4F80022E9686A68C4F84415DB
:106A7000C4F848250022C4F85021D4F8501101214F
:106A80002162A160D4F850110029FBD0C4F8502134
:106A9000D4F85021AA68C4F84435342303FB098391
:106AA000C4F848254FF480229A600823454F3107E7
:106AB00007D42A78032A04D00122E2506B6803B974
:106AC0006261342303FB09F308EB030158F8032048
:106AD000002A40F091800121D4F84831D4F8040113
:106AE000002840F0A480003B18BF0123D4F8240103
:106AF000002800F0A280C4F82421D4F82401D4F89E
:106B00006051D4F8000215B110F4007F04D1216265
:106B10006161002DE0D00023C00540F18E80C4F8F3
:106B20004821D4F84831D7E76B68EA68C4F84425AF
:106B3000C4F848352B6903F06042B2F1005F7FF47E
:106B40000AAFAA68C4F834354FF48453C4F8382522
:106B5000C4F80032342303FB0983022212E06B687D
:106B6000EA68C4F8442516F0200FC4F848354FF001
:106B700034030BD04FF48072C4F8002203FB098366
:106B80004FF480229A60012323628EE74FF4007253
:106B9000C4F80022DFE700BFD6B704008E870400E8
:106BA00070B70400D1B8040081B804000A00AD0B2E
:106BB00002029C010B00AD0B21B9040037B904009F
:106BC0004DB904000000AD0B7C4400206B68EA68FE
:106BD000C4F83425C4F838354FF48053C4F8003273
:106BE000342303FB098302229A60012323620023DA
:106BF0005CE7284F08235AE7720744BF00238B60E5
:106C0000730606D4342303FB09839A6842F0020218
:106C10009A60342303FB0988D8F8083043F40073E2
:106C2000C8F80830D8F80830C4F8043394E6C4F83B
:106C30000421D4F80431012358E7002B3FF44CAF72
:106C40003421D4F8C434C4F8C43401FB09820020D0
:106C500082F82F008BB1104A104F13F0010F18BFAC
:106C6000174613F0020F02F1010218BF174613F086
:106C7000040F0B4B18BF1F466EE673063FF56CAE54
:106C800009FB018120460FF097FB044B002808BF49
:106C90001F4661E60400AD0B0000AE0B0100AD0B1A
:106CA0000200AE0BF0B5614C236887B05BB9604958
:106CB0006048614A4FF4377309F084FC5E484FF432
:106CC000377109F078FC5D4DD5F82431FBB1002314
:106CD000C5F82431D5F82431D5F80431BBB9A368FF
:106CE000C5F808330223A360A368C5F80433D5F8B8
:106CF00060311BB1D5F800329E0503D44F4B012201
:106D00001A625A61012384F82E3007B0F0BDD5F81D
:106D10000431002B53D00023C5F80431D5F80431D9
:106D2000236A5D060AD494F82E303BB93F494348A4
:106D30000FF042FB80F0010084F82E00236A13F06C
:106D4000040721D13E4E94F830C00FCE01AD0FC5DF
:106D500033682B60394BC3F86071D3F86021C3F8F6
:106D60005C71D3F85C21BCF1000F02D094F82E20A6
:106D700052B10022C3F80022A260324AC3F80823AD
:106D8000314B0822C3F880212C4AD2F8C434C2F80F
:106D9000C43498073CD501238DF8003094F8303086
:106DA0000BB984F82F30236A5B0703D594F82E3093
:106DB000002BAAD0D4E9003168469847A5E7C5F86A
:106DC0004831D5F84831237B83B91D4F0FCF01AE31
:106DD0000FC63B68336094F83030002BD4D1C5F82F
:106DE0000032A360174BC5F80833C9E74FF40073AE
:106DF000C5F8003240F20223A36003F1CE73C5F858
:106E00000833A368C5F804330123AB602B627CE729
:106E1000590701D50223BFE7DA0701D50323BBE7F2
:106E200094F82E30002BB7D00423B5E77C44002023
:106E300062B704008E87040070B704000030004081
:106E40008844002002029C0100E100E0F8B50446FD
:106E500016460D4649B91F491F48204A3F2309F0ED
:106E6000B1FB1E483F2109F0A6FB22791C4B03EB26
:106E7000C2014E6013F8321051BB6868012103F85B
:106E8000321023682A78C3F80C25470C4FF47A7225
:106E9000C00300233946C9F771FEB7F57A7F05466E
:106EA00009D310490C480D4A5A2309F08BFB0B48B3
:106EB0005A2109F080FB2068C0F8045536B1012240
:106EC000C0F8042340F30730F1F7F4FF064800E070
:106ED0000648F8BD9CB304008E87040063B9040023
:106EE000B04400209EB904000000AD0B0500AD0BBE
:106EF00070B5134D067905EBC60304465B784BB9B4
:106F000010491148114A702309F05CFB0F487021A9
:106F100009F051FB15F83630012B09D00C490A480D
:106F20000A4A712309F04EFB0848712109F043FB1E
:106F3000236801221A60022305F8363070BD00BFB5
:106F4000B0440020B4B904008E87040063B9040083
:106F5000ACB70400F8B5054607790E4649B91C4997
:106F60001C481D4A872309F02DFB1B48872109F087
:106F700022FB1A4C14F83730012B09D01849154858
:106F8000154A882309F01EFB1348882109F013FBDA
:106F90004FF04003EFF3118C83F31288BFF36F8F30
:106FA00004EBC7046278072A10D832702968531C92
:106FB000D1F8080563700123934003430948C1F8E1
:106FC00008358CF31188BFF36F8FF8BD0648F8E7DA
:106FD000CBB904008E87040063B90400B0440020DC
:106FE000ACB704000000AD0B0200AD0B38B50C4B84
:106FF000027913F83230022B05460C4609D00949B4
:1070000009480A4A9D2309F0DDFA08489D2109F044
:10701000D2FA2B68064A04F5C07443F8242038BD20
:10702000B0440020D8B904008E87040063B904007E
:107030003546526E10B5064CD4F800313BB1054BC5
:107040005B6898470023C4F80031D4F8003110BDC4
:1070500000000140B04400200268530910B5044606
:107060002CD0012B4FF6FF7318BF002302F01F0234
:10707000D340DB070BD414491448154A40F22923A6
:1070800009F0A0FA124840F2292109F094FA236885
:1070900003F01F025B0922600DD0012B11D00D49B6
:1070A0000A480B4A40F22E2309F08CFA084840F2B5
:1070B0002E2109F080FA4FF0A04010BD4FF0FF33B1
:1070C000D4E70548F9E700BF6B8704008E8704000A
:1070D00038870400D48B040000030050F7B50C4639
:1070E00006460FF099F920460FF096F901A801968F
:1070F000FFF7B2FF019B03F5E07340F20D6540F826
:10710000235001A80194FFF7A7FF019B03F5E0734B
:10711000012740F8235004200FF04BF8092501A85F
:107120000194FFF799FF019AD0F81035D340DB079F
:1071300015D401A80196FFF78FFF019B07FA03F30F
:10714000C0F80C3504200FF034F830460FF064F925
:10715000013D04200FF02DF815F0FF05DFD101A847
:107160000194FFF779FF019A01239340C0F80C3591
:1071700004200FF01EF820460FF04EF904200FF007
:1071800018F801A80194FFF767FF019AD0F81035AD
:107190000348D34003F00103C01A03B0F0BD00BFA1
:1071A0000100AD0B10B5144C144A1549032323619B
:1071B0006361144BA261E3614FF480632362002397
:1071C000A3626362E36222660F4A6266E01D1022D8
:1071D000A2662367E36663670FF00EFDBFF35F8F60
:1071E0000A4920460FF008FDBFF35F8F2023A371EB
:1071F000BFF35F8F10BD00BFB84400201ABA04006F
:1072000023BA04004A6400203A64002027BA04002C
:1072100070B5164B182400FB04451D4404FB0033D5
:107220001646DC6A012C0ED0022C18D0E4B9284690
:107230000FF0FFF8864204D8324628460FF002F9D4
:107240003446204670BD28460FF0F3F88642344697
:1072500028BF0446224628460FF0F4F8F1E72846F6
:10726000BDE870400FF00DB90024EAE7B8440020F3
:107270000E4B70B553F82040013053F82060A64201
:1072800000D870BDD4E900352846984765B1EB6851
:1072900030B10028B8BF4042FF28A8BFFF201870B7
:1072A0005A7842F001025A700834E8E790820400EC
:1072B000034A044B02609B1A03489B1058437047D3
:1072C000A87104004C730400B76DDBB670B50546B9
:1072D00010B90024204670BD0378002BF9D00E4C65
:1072E0000E4EB44208D10C4CB442F2D020460FF0FE
:1072F000FCF850B91C34F7E720460FF0F6F810B14F
:107300002368AB42E6D01C34EBE721682846E2F75D
:1073100004F90028EED1DDE7A87104004C730400E5
:10732000014B9868643070476045002073B504468F
:1073300001914FF04003EFF3118683F31288BFF3FE
:107340006F8F02F035FF0199054620460EF072FE60
:10735000042C0CD10B490C4A0C488F2309F032F94C
:107360000B4809F02FF908488F2109F024F986F31A
:107370001188BFF36F8F284602B0BDE87040F2F766
:107380005DB900BF50BA04002EBA04008E87040015
:107390006DBA040008B50A4B012202201A70FFF7EB
:1073A00067FF0FF0CFFA0320FFF762FF00F09EFBAC
:1073B000EBF75EFD034A137B23F00103137308BD53
:1073C0004A6800203034002008B50348034A0021F1
:1073D000121A0FF094F808BDB01500204C68002078
:1073E000F0B5144F144C1549C82387B003FB007740
:1073F00001220023CDE904230F22CDE902320193BB
:107400004FF40865182303FB00444543064629440E
:107410000B4B00944FF40062384600F0B3FA7B7BCC
:10742000E76023F004037B73064B26751D446560FB
:1074300007B0F0BD683300206045002080B2002016
:10744000497C030080C3002000B52F4BBBB083F301
:1074500008882E4D2E4E6B6943F400736B61E02358
:1074600085F8223000242023EB772C766C76AC76DE
:1074700085F820406B6A43F4E0236B6285F8234073
:10748000F2F750F8F1F7F8FC4FF0FF33AB62EB6224
:1074900008ADF2F7BDF9F2F7E7F840F2011328461C
:1074A000ADF82C30CDE9224403F0E4FFB5600FF0D5
:1074B0001BF82046174DFFF7DBFE0120FFF7D8FE33
:1074C00002F0E8FCF561144B144E059301231449B6
:1074D0000094CDE903434FF480523346CDE9014493
:1074E000284600F04FFA6A7B079022F004022846F3
:1074F0006A7302F0D3F82046FFF772FF079932460D
:107500002846F1F779FE00BF80C3002000ED00E0BF
:107510006045002030340020A2BA040095730300B7
:1075200000A2002070B50E4C0E4D0F4EAC420CD98F
:107530000E490F481823324609F044F80D4809F067
:1075400041F81821304609F036F8AC4201D300204A
:1075500070BDD4E9011220460EF0D5FF1834E5E7DE
:107560001813002030130020A7BA0400C9BA040081
:107570008E870400B99A04002DE9F04F85B0DDE94B
:107580000E9706468A464846394690460FF0CFF891
:1075900006F11404CDE902014FF04003EFF3118529
:1075A00083F31288BFF36F8F204600F027FB68B982
:1075B0003C4A3D493D488E2309F004F83C482146A9
:1075C00009F000F837488E2108F0F5FF204600F05A
:1075D00033FBEFF305837BB159EA07030CD0354940
:1075E000354A3248492308F0EDFF344808F0EAFFF5
:1075F0003148492108F0DFFFDFF8A890DFF8ACB090
:10760000424651463046EFF7EDFC074603F0C0F91D
:10761000CFB1204600F000FB68B9224A2849234830
:10762000B92308F0CFFF2748214608F0CBFF1D48BB
:10763000B92108F0C0FF85F31188BFF36F8F38467A
:1076400005B0BDE8F08F029B181A039B63EB0101A4
:10765000012871F10003DCDBCDE9000106F10C0229
:107660002946204602F0CCF94FF04003EFF3118594
:1076700083F31288BFF36F8F204600F0BFFA68B91A
:1076800009498E234A46584608F09CFF084821467F
:1076900008F098FF8E21484608F08DFF204600F044
:1076A000CBFAADE7D8970400319804008E87040028
:1076B00046980400DFBA0400A7BA040043AC0400F3
:1076C000059804001C980400F8B505460E4600F124
:1076D00014044FF04003EFF3118783F31288BFF3D4
:1076E0006F8F204600F08AFA68B91B4A1B491C4874
:1076F0008E2308F067FF1B48214608F063FF1648F9
:107700008E2108F058FF204600F096FA28463146B0
:10771000EFF71CFC05F10C000EF0F1FF28B1394623
:107720002046BDE8F84001F021BD204600F074FA83
:1077300068B9094A0C490A48B92308F043FF0B48C5
:10774000214608F03FFF0448B92108F034FF87F3D1
:107750001188BFF36F8FF8BDD897040031980400EB
:107760008E87040046980400059804001C980400C5
:10777000F8B5164C164D174EAC420CD916491748A1
:107780003D23324608F01EFF154808F01BFF3D213F
:10779000304608F010FFAC4201D30020F8BDD4E918
:1077A000042141EA020313F003030BD1E068A36153
:1077B000834201D12034DFE7A7690F600133A16163
:1077C0001144F5E76FF01500E8E700BFB81200209C
:1077D0001813002025BB04004ABB04008E87040058
:1077E000B99A04002DE9F74304460E4690461F4619
:1077F00000F108054FF04003EFF3118983F312887D
:10780000BFF36F8F284600F0F9F968B9244A25497B
:1078100025488E2308F0D6FE2448294608F0D2FEDB
:107820001F488E2108F0C7FE284600F005FAA3691C
:10783000EBB133601B68A361E3690133E3610024AA
:10784000284600F0E9F968B9154A19491648B923DC
:1078500008F0B8FE1748294608F0B4FE1048B921D0
:1078600008F0A9FE89F31188BFF36F8F13E058EA7F
:10787000070203D133606FF00B04E1E72246CDE944
:1078800000874946284602F0BBF8044618B90A4B5F
:107890009B685B693360204603B0BDE8F08300BF9E
:1078A000D8970400319804008E870400469804009D
:1078B000059804001C980400604500202DE9F04163
:1078C00004460E4600F108054FF04003EFF3118720
:1078D00083F31288BFF36F8F284600F08FF968B9E1
:1078E000224A234923488E2308F06CFE2248294669
:1078F00008F068FE1D488E2108F05DFE284600F065
:107900009BF9D4F81880B8F1000F0FD1204602F08F
:1079100071FA58B132684261C0F87C8001F0BEFE55
:1079200039462846BDE8F04101F020BC3368A26921
:107930001A603368A361E369013BE361284600F004
:107940006BF968B9094A0D490A48B92308F03AFEAB
:107950000B48294608F036FE0448B92108F02BFEF2
:1079600087F31188BFF36F8FBDE8F081D8970400CB
:10797000319804008E87040046980400059804009E
:107980001C9804002DE9F04385B00446DDF83C80E6
:10799000B8F10F0F0F461546994632D1254B994540
:1079A00033D104F15803C4E91633109B2373073510
:1079B0000423637325F0070507F12003C4E91A3592
:1079C0000E9B84F80E80029305F120080D9B019315
:1079D00000260C9B0093B8444B46C4E90666A6609B
:1079E000E6732667424639462046F1F77FFB124B85
:1079F00066659B6803B15B6F6367404605B0BDE891
:107A0000F08308F110031E2BCBD90C4A0C490D480A
:107A100040F2FF1308F0D6FD41460B486FF00F030C
:107A20000E2208F0CFFD054840F2FF1108F0C3FD1B
:107A3000B7E700BF497C03006045002067BB040036
:107A40008ABB04008E8704000ABC04002DE9F043C1
:107A500087B0DDE9146504460F4690469946EFF37A
:107A6000058373B11C491D4A1D4840F26E2308F07E
:107A7000A9FD1C4808F0A6FD184840F26E2108F048
:107A80009AFD00230593129B0493119B0393109B73
:107A900002930F9B01930E9B009342464B4639463F
:107AA0002046FFF76FFFB5F1FF3F08BFB6F1FF3F7C
:107AB00005D055EA060306D1204601F037FE2046E0
:107AC00007B0BDE8F083084932462B4604F11800A0
:107AD00002F0F6FCF3E700BF3BBC040067BB040008
:107AE0008E8704004DBC0400D59703002DE9F043B8
:107AF0003B4C3C4D3C4F87B0AC4226460ED93B49EF
:107B00003B4840F2D5233A4608F05CFD394808F07E
:107B100059FD40F2D521384608F04DFDAE4204F142
:107B200030041FD301F066FB2D4C2F4EDFF8BC80D4
:107B3000DFF8BC90AC420ED941464FF43D7332465B
:107B4000484608F03FFD2B4808F03CFD4FF43D71DE
:107B5000304608F030FDAC4220D307B0BDE8F0431A
:107B600002F080B854F8043C059354F8103C049398
:107B700054F8143C039354F8183C029354F81C3CFA
:107B8000019354F8203C009354E90C0154E90A2372
:107B9000FFF7F8FE54F8303C5E65ADE7636A5A1CA7
:107BA0000FD023EAE3734FF4004240F2E7300021A4
:107BB000C3FB020151EAC333276804D1384601F000
:107BC000B5FD3034B6E74FF47A720023C8F7D6FF1C
:107BD00002460B4607F11800074902F071FCF0E776
:107BE000B00D0020000F002067BB040072BC040031
:107BF0008E870400B99A0400D5970300006838B155
:107C0000044B1B7D00F00300C01A18BF0120704711
:107C10000120704760450020064A117D9368026884
:107C20000B439A424FF0000306BF03600120184641
:107C3000704700BF60450020024A117D93680B43E6
:107C40000360704760450020134C08B5A36893F9A2
:107C50000E30002B09DA11491148124A272308F087
:107C6000B1FC1048272108F0A6FC0F4D4FF0400250
:107C7000EFF3118382F31288BFF36F8F02F036FDAA
:107C80002B78A06113B9F1F7FDF8EFE7F0F7A4F84E
:107C90000028EBD1F7E700BF60450020C0BC04001E
:107CA0008E8704009FBC04004A6800202DE9F34140
:107CB000044617461E46EFF3058363B16D496E4ACD
:107CC0006E48652308F07EFC6D4808F07BFC6A482E
:107CD000652108F070FC4FF04003EFF3118883F347
:107CE0001288BFF36F8F6748FFF788FF68B9664A4D
:107CF000664962488E2308F065FC6249644808F0D2
:107D000061FC61488E2108F056FC5E48FFF794FF45
:107D1000E368604AFBB1A068916888423DD057EAA9
:107D200006033CD15748FFF777FF68B9564A5A49CE
:107D30005248B92308F046FC5249584808F042FC22
:107D40005148B92108F037FC88F31188BFF36F8FD1
:107D50006FF00F001EE0916891F90E104948216103
:107D60000133E3609368A360FFF756FF68B9464AA2
:107D700049494248B92308F025FC4249474808F0E0
:107D800021FC4148B92108F016FC88F31188BFF3A3
:107D90006F8F002002B0BDE8F0812169DEE791F924
:107DA0000E1090F90E309942A8BF19466FF07E026E
:107DB0009142B8BF11468B4243DD0EF0DBFB054616
:107DC000CDE900762F482246414601F019FE0028F1
:107DD000E0D04FF04003EFF3118683F31288BFF336
:107DE0006F8F2848FFF70AFF68B9274A27492348B9
:107DF0008E2308F0E7FB2349254808F0E3FB2248DF
:107E00008E2108F0D8FB1F48FFF716FF2368216971
:107E10009C420AD04BB193F90E309942A8BF194643
:107E20006FF07E039942B8BF1946A0680EF0A2FB1E
:107E300000B945B11348314601F098F96FF00A00D6
:107E4000A8E70025BCE70F48FFF7E6FE68B90E4A31
:107E500011490A48B92308F0B5FB0A490F4808F050
:107E6000B1FB0948B92108F0A6FB86F31188BFF3DE
:107E70006F8FE3E73BBC0400E8BC04008E8704007E
:107E80000ABD04008C450020D897040031980400F6
:107E90004698040060450020059804001C980400E2
:107EA00038B50446EFF3058363B15049504A514851
:107EB000C72308F087FB504808F084FB4C48C721D3
:107EC00008F079FBA368002B00F089804B4DAA686D
:107ED000934240F08780E3684BB949494548444A9A
:107EE000DF2308F06FFB4248DF2108F064FBEFF36B
:107EF000058363B13D49434A3E48FD2308F062FBD8
:107F0000414808F05FFB3F48FD2108F054FBAB6897
:107F1000DB7B012B0CD13D493A4A3648FE2308F061
:107F200051FB394808F04EFB3648FE2108F043FB70
:107F3000AA68D37B013BD373E368012B05D9013BCE
:107F4000E36001F08FFE002038BD4FF04003EFF3F7
:107F5000118583F31288BFF36F8F2D48FFF74EFE14
:107F600068B92C4A2C4923488E2308F02BFB28495A
:107F70002A4808F027FB27488E2108F01CFB2448DC
:107F8000FFF75AFE2169A0680EF0F4FA204601F0CE
:107F900031FFA06058B190F90E2022610022C26723
:107FA00001F07CFB1A48294601F0E0F8C9E7E060DF
:107FB0001748FFF731FE68B9164A19490D48B92329
:107FC00008F000FB1249174808F0FCFA1148B921E3
:107FD00008F0F1FA85F31188BFF36F8FB1E76FF006
:107FE0001500B1E74FF0FF30AEE700BF3BBC040027
:107FF000E8BC04008E8704000ABD04006045002030
:108000002FBD040046BD040043AC040071BD040054
:108010008C450020D897040031980400469804004D
:10802000059804001C9804002DE9F04704469DF8CB
:1080300020A00E469046994600F108054FF04003F7
:10804000EFF3118783F31288BFF36F8F2846FFF792
:10805000D5FD68B93B4A3C493C488E2308F0B2FA4A
:108060003B48294608F0AEFA36488E2108F0A3FABC
:108070002846FFF7E1FDBAF1000F00D0666804F171
:108080000C0001F0B7FE58B10024C467C0F814809A
:1080900001F004FB2846394601F068F800201EE094
:1080A000B9F1000F2DD0082103F0EAF9C8B928462C
:1080B000FFF7B2FD68B9234A26492448B92308F0DE
:1080C00081FA2548294608F07DFA1E48B92108F0B2
:1080D00072FA87F31188BFF36F8F6FF00B00BDE862
:1080E000F0870123C0F804800360036803F00302F3
:1080F0005EB92368134303606368206073B96060EE
:108100000CE0C8F800904046EFE7336833F0030313
:1081100010D1026062683AB9C4E90000042104F198
:1081200014000EF0DAFBB5E7136803F00303034312
:108130001360E4E713430360336803F0030303436E
:108140003360EBE7D8970400319804008E87040071
:1081500046980400059804001C9804002DE9F04797
:10816000054617460C4600294AD0002A48D000F19F
:1081700008064FF04003EFF3118983F31288BFF331
:108180006F8F3046FFF73AFD68B91F4A1F492048F4
:108190008E2308F017FA1F48314608F013FA1A48E0
:1081A0008E2108F008FA304605F10C08FFF744FD6F
:1081B000404601F01FFE4FF0000A20B96A68CAB9B4
:1081C0002C606F600AE04461C0F87CA001F066FAA0
:1081D0002468404601F00EFE002CEED1042105F18A
:1081E00014000EF07AFB3046494600F0BFFF002035
:1081F000BDE8F087136803F003031C431460E0E755
:108200006FF01500F4E700BFD89704003198040020
:108210008E870400469804002DE9F74306469046F1
:108220001F4600F108054FF04003EFF3118983F377
:108230001288BFF36F8F2846FFF7E0FC68B9254A24
:10824000254926488E2308F0BDF92548294608F01F
:10825000B9F920488E2108F0AEF92846FFF7ECFC6A
:10826000346834B32368726823F0030394422046D1
:10827000336008BF736001210EF08BF90446284675
:10828000FFF7CAFC68B9134A16491448B92308F025
:1082900099F91548294608F095F90E48B92108F0D2
:1082A0008AF989F31188BFF36F8F204603B0BDE8C8
:1082B000F08358EA0703E2D0CDE9008706F10C020B
:1082C0004946284601F09CFB0028EED1074B9B68ED
:1082D0005C69EAE7D8970400319804008E870400AF
:1082E00046980400059804001C980400604500208E
:1082F00038B504464FF04003EFF3118583F312883D
:10830000BFF36F8F1748FFF779FC68B9164A174912
:1083100017488E2308F056F91249164808F052F90A
:1083200011488E2108F047F90E48FFF785FC2046DA
:1083300001F060FD48B10022C26701F0AFF92946A3
:108340000848BDE8384000F011BFD4E902329A4233
:1083500018BF0133A360022104F110000EF0BDFA32
:10836000EDE700BF90450020D89704003198040045
:108370008E87040046980400F7B5044616461D464D
:10838000EFF305837BB152EA05030CD03549364A39
:108390003648792308F016F9354808F013F93248C1
:1083A000792108F008F94FF04003EFF3118783F3C8
:1083B0001288BFF36F8F2F48FFF720FC68B92E4A51
:1083C0002E492A488E2308F0FDF82A492C4808F047
:1083D000F9F829488E2108F0EEF82648FFF72CFC22
:1083E000A368D3B1013B2348A360FFF715FC68B92C
:1083F000214A24491D48B92308F0E4F81D492248C0
:1084000008F0E0F81C48B92108F0D5F887F3118886
:10841000BFF36F8F002003B0F0BD56EA050318D1FB
:108420001448FFF7F9FB68B9134A16490F48B923F6
:1084300008F0C8F80F49144808F0C4F80E48B921EC
:1084400008F0B9F887F31188BFF36F8F6FF00F0052
:10845000E1E7CDE9006522463946064801F0D0FA49
:10846000D9E700BFC2BD0400A2BD04008E8704008E
:1084700043AC040090450020D897040031980400D4
:1084800046980400059804001C98040070B5044642
:108490004FF04003EFF3118583F31288BFF36F8F22
:1084A0001548FFF7ABFB68B9144A154915488E23E8
:1084B00008F088F81049144808F084F80F488E2115
:1084C00008F079F80C48FFF7B7FB6FF00A06204672
:1084D00001F090FC18B1C66701F0E0F8F7E7A06082
:1084E000022104F110000EF0F8F929460248BDE817
:1084F000704000F03BBE00BF90450020D8970400BC
:10850000319804008E870400469804001FB5094B7B
:10851000029302AB00240093074908488DF80C40F1
:108520004FF0FF334FF4006200F0CEFA204604B063
:1085300010BD00BF10BE040080C30020F83400202E
:108540002DE9F04F7B4E7C4F85B004464FF0400341
:10855000EFF3118883F31288BFF36F8F3046FFF774
:108560004DFB68B9754A764976488E2308F02AF89B
:108570007548314608F026F870488E2108F01BF83F
:108580003046FFF759FBD4F8C850B5B9022104F1C1
:10859000E0000EF03CF8002840F0948000230293A5
:1085A0004FF0FF324FF0FF33CDE90023414604F195
:1085B000D002304601F00EFFC8E7D4F8CC202B687B
:1085C000C4F8C830954201D1C4F8CC30D4F8E030BA
:1085D000D5F8049043F00203C4F8E030EB6823F0D0
:1085E000040343F00103EB603046FFF715FB68B965
:1085F000524A56495348B92307F0E4FF54483146DC
:1086000007F0E0FF4D48B92107F0D5FF88F3118846
:10861000BFF36F8FB9F1000F0BD14E4949484E4A55
:108620004FF4227307F0CEFF4B484FF4227107F04E
:10863000C2FF2846C8474FF04003EFF3118A83F387
:108640001288BFF36F8F3046FFF7D8FA68B93B4AFC
:108650003B493C488E2307F0B5FF3B48314607F0C5
:10866000B1FF36488E2107F0A6FF3046FFF7E4FA47
:10867000EB68990723F001022ED4EA60D4F8E030C9
:1086800023F00203C4F8E0303046C3F30025FFF7BF
:10869000C3FA68B9294A2D492A48B92307F092FF3D
:1086A0002B48314607F08EFF2448B92107F083FF9D
:1086B0008AF31188BFF36F8F002D7FF447AF01F06D
:1086C000F5FB43E704F1D80500220121284601F01B
:1086D00029FE0028F8D161E7386823F00303EB6036
:1086E0000028CBD04FF00008D0F80090C346436874
:1086F0009D4202460DD10268B8F1000F11D17B688E
:108700003A60834200D17A6040F808BBFFF7F0FD81
:108710004246B9F1000FB1D048469046D9F80090D2
:10872000E5E77B68C8F80020984208BFC7F80480D6
:10873000EAE700BF9445002098450020D897040040
:10874000319804008E8704004698040005980400C0
:108750001C980400C7B3040019BE0400C36870B5B8
:10876000C3F340069B0705460C460DD501220021A8
:1087700004F108000DF03BFF00232360054B65600A
:108780005A681AB9C3E90044304670BD14605C6091
:10879000FAE700BF98450020F8B5C3689A07044679
:1087A0000E46C3F340052BD45F072BD40A680AB9E1
:1087B00082680A60D80728D5A3685BB92449254890
:1087C000254A4FF4A77307F0FDFE23484FF4A77125
:1087D00007F0F1FEA3683360022537688FB31F4BA3
:1087E0009B68BB4213D10DF0B3FE80F00100C0B214
:1087F000D7F8E030D907C3F3800225D54AB150B984
:108800006FF00F050023336015E00125E5E7002038
:10881000EEE71B07F4D400232360D7F8CC3063B90C
:10882000C7E9324438460DF00BFFE36843F0040318
:10883000E3603368A3602846F8BD1C60C7F8CC40ED
:10884000F0E76FF01505DDE76FF01205DAE700BF1E
:108850003ABE04008E87040019BE04006045002063
:1088600073B504464FF04003EFF3118583F312888C
:10887000BFF36F8F1D48FFF7C1F968B91C4A1D4946
:108880001D488E2307F09EFE18491C4807F09AFEEB
:1088900017488E2107F08FFE1448FFF7CDF900230B
:1088A0000321201F0193A4F110060DF0B0FE28B1A2
:1088B000A369019301A93046FFF76EFF0B48FFF74C
:1088C000ABF968B90A4A0E490B48B92307F07AFE9A
:1088D00006490C4807F076FE0548B92107F06BFE03
:1088E00085F31188BFF36F8F02B070BD94450020EF
:1088F000D8970400319804008E870400469804003D
:10890000059804001C98040038B50D46044648B983
:108910000D490E480E4A892307F054FE0C48892160
:1089200007F049FE4DB90B490848094A8A2307F068
:1089300049FE07488A2107F03EFE1022002120460A
:108940000EF03CF8656038BDD9BE04008E87040087
:1089500019BE0400C7B3040038B504464FF0400305
:10896000EFF3118583F31288BFF36F8F1748FFF77A
:1089700045F968B9164A174917488E2307F022FEB1
:108980001249164807F01EFE11488E2107F013FE0B
:108990000E48FFF751F9E4680C4804F00F04FFF7A4
:1089A0003BF968B90A4A0E490B48B92307F00AFE99
:1089B00006490C4807F006FE0548B92107F0FBFD03
:1089C00085F31188BFF36F8F204638BD9445002092
:1089D000D8970400319804008E870400469804005C
:1089E000059804001C98040037B50C46019059B94D
:1089F00029492A482A4A40F2691307F0E3FD28482A
:108A000040F2691107F0D7FD4FF04003EFF31185F5
:108A100083F31288BFF36F8F2248FFF7EFF868B92E
:108A2000214A22491D488E2307F0CCFD1D492048CC
:108A300007F0C8FD1C488E2107F0BDFD1948FFF75F
:108A4000FBF8204601A9FFF7A7FE04461548FFF7EB
:108A5000E3F868B9144A17491048B92307F0B2FD82
:108A60001049154807F0AEFD0F48B92107F0A3FDE6
:108A700085F31188BFF36F8F002C09DD4FF04003A1
:108A8000EFF3118083F31288BFF36F8F0DF01BFE9D
:108A9000204603B030BD00BFD9BE04008E8704005D
:108AA00019BE040094450020D897040031980400B2
:108AB00046980400059804001C98040001460148EB
:108AC000FFF792BFF83400202DE9F04188B00E4640
:108AD0000E9D17469846044658B92E492E482F4AEF
:108AE00040F2B52307F06EFD2C4840F2B52107F0A7
:108AF00062FD5EB92A492848284A40F2B62307F0A9
:108B000061FD264840F2B62107F055FDD4F8E0306B
:108B1000DB070BD523492048204A40F2B72307F052
:108B200051FD1E4840F2B72107F045FD0023C4E97E
:108B3000323304F1D003C4E9343304F1D803C4E977
:108B400036332DB32B79002B40F2011108BF0121E0
:108B5000C4F8E0104FF0FF324FF0FF33CDE90623A9
:108B60000022CDE90382CDE901220F4B00943A4661
:108B700031462046FEF76AFF25B1296811B120462B
:108B80000DF0ECFC204608B0BDE8F0410DF0E9BC6A
:108B90000121DDE798BE04008E87040019BE0400A1
:108BA0009EBE0400A4BE04004185030038B50D46F6
:108BB000044658B911491248124A40F22D3307F0C1
:108BC00001FD104840F22D3107F0F5FC5DB90E496A
:108BD0000B480C4A40F22E3307F0F4FC094840F2EF
:108BE0002E3107F0E8FC3022002120460DF0E6FE91
:108BF0004FF480736560E36038BD00BFD8BE0400E9
:108C00008E87040019BE0400C7B30400F7B51646EA
:108C100001901D460C4659B92E492F482F4A4FF452
:108C2000697307F0CFFC2D484FF4697107F0C3FC5E
:108C30004FF04003EFF3118783F31288BFF36F8F78
:108C40002748FEF7DBFF68B9264A274922488E23CA
:108C500007F0B8FC2249254807F0B4FC21488E21D2
:108C600007F0A9FC1E48FEF7E7FFE36813F00E0FBC
:108C70002ED155EA06021DD1204601A9FFF78CFD31
:108C800004461748FEF7C8FF68B9164A1849124843
:108C9000B92307F097FC1249164807F093FC1148D6
:108CA000B92107F088FC87F31188BFF36F8F204646
:108CB00003B0F0BD43F00803E360019BA36204F13D
:108CC00010000D4932462B4601F0FAFB0124D8E78B
:108CD0000024D6E7D8BE04008E87040019BE040025
:108CE00094450020D8970400319804004698040069
:108CF000059804001C98040061880300014601489F
:108D0000FFF784BFF8340020F7B5164601901D46E2
:108D10000C4659B92D492E482E4A4FF4727307F06C
:108D200051FC2C484FF4727107F045FC4FF04003A2
:108D3000EFF3118783F31288BFF36F8F2648FEF796
:108D40005DFF68B9254A264921488E2307F03AFC81
:108D50002149244807F036FC20488E2107F02BFCDF
:108D60001D48FEF769FF20460DF05CFC55EA06033E
:108D70001DD1204601A9FFF70FFD04461648FEF756
:108D80004BFF68B9154A18491148B92307F01AFC76
:108D90001149164807F016FC1048B92107F00BFCE2
:108DA00087F31188BFF36F8F204603B0F0BDE368EF
:108DB0000F4943F00803E360019BA36204F1100034
:108DC00032462B4601F07CFB0124D7E7D8BE0400D5
:108DD0008E87040019BE040094450020D897040033
:108DE0003198040046980400059804001C9804007B
:108DF0006188030001460148FFF786BFF834002070
:108E000038B5044658B924492448254A40F2EA3383
:108E100007F0D8FB224840F2EA3107F0CCFB4FF0D4
:108E20004003EFF3118583F31288BFF36F8F1D4862
:108E3000FEF7E4FE68B91C4A1C4918488E2307F067
:108E4000C1FB18491A4807F0BDFB17488E2107F0EF
:108E5000B2FB1448FEF7F0FE20460DF0E3FB20467F
:108E60000DF0F5FB04460F48FEF7D6FE68B90E4A32
:108E700010490A48B92307F0A5FB0A490E4807F034
:108E8000A1FB0948B92107F096FB85F31188BFF3D0
:108E90006F8F204638BD00BFD8BE04008E87040007
:108EA00019BE040094450020D897040031980400AE
:108EB00046980400059804001C9804002DE9F04130
:108EC0000E46054658B93D493D483E4A40F2FB33FF
:108ED00007F078FB3B4840F2FB3107F06CFB5EB9D2
:108EE00039493748374A4FF47F7307F06BFB3548F1
:108EF0004FF47F7107F05FFB0DF02AFB58B1334947
:108F00002F48304A40F2FD3307F05CFB2D4840F219
:108F1000FD3107F050FB4FF04003EFF3118883F36E
:108F20001288BFF36F8F2A48FEF768FE68B9294A96
:108F3000294923488E2307F045FB2549274807F098
:108F400041FB24488E2107F036FB2148FEF774FED2
:108F5000EC6804F00F04002C14BF012700270AD08E
:108F600028460DF05FFB28460DF071FB3146284680
:108F7000FFF7F4FB04461648FEF74EFE68B9154AA3
:108F800017490F48B92307F01DFB1149154807F091
:108F900019FB1048B92107F00EFB88F31188BFF3C5
:108FA0006F8F3CB14FF0FF324FF0FF3306F10800F6
:108FB000FFF7E2F93846BDE8F08100BFD8BE0400F3
:108FC0008E87040019BE040084BE040096A7040026
:108FD00094450020D8970400319804004698040076
:108FE000059804001C98040038B5074D2C6854B14E
:108FF000FAF7BAFD054B2044186100212868BDE846
:10900000384001F0BBBB38BDAC45002060450020B6
:10901000F8B504460D464FF04003EFF3118783F394
:109020001288BFF36F8F2348FEF7E8FD68B9224A24
:10903000224923488E2307F0C5FA1E49214807F02C
:10904000C1FA1D488E2107F0B6FA1A481E4EFEF7E7
:10905000F3FD00214FF4004C40F2E7303161002372
:109060004FF47A72E4FB0C01C7F788FD002C174B14
:109070001CDC1860164BB0681D60FFF7B5FF0D488B
:10908000FEF7CAFD68B90C4A12490D48B92307F02A
:1090900099FA0849104807F095FA0748B92107F0EE
:1090A0008AFA87F31188BFF36F8FF8BD0228B8BF23
:1090B0000220DEE7A4450020D89704003198040080
:1090C0008E8704004698040060450020AC450020CF
:1090D000A8450020059804001C98040038B50446F3
:1090E0004FF04003EFF3118583F31288BFF36F8FC6
:1090F0001748FEF783FD68B9164A174917488E23AB
:1091000007F060FA1249164807F05CFA11488E2100
:1091100007F051FA0E48FEF78FFD204600F000F9E7
:109120000B48FEF779FD68B90A4A0E490B48B92386
:1091300007F048FA06490C4807F044FA0548B921F7
:1091400007F039FA85F31188BFF36F8F38BD00BF80
:10915000A4450020D8970400319804008E870400AD
:1091600046980400059804001C98040038B504468D
:109170000D46E9B9EFF30583D3B9194BDA699B685A
:109180009A4215D0FEF748FD68B9164A16491748A5
:10919000D02307F017FA1648214607F013FA1148B2
:1091A000D02107F008FABDE838400020EFF72CBFC7
:1091B0002046FEF731FD68B90A4A0B490B48B9232E
:1091C00007F000FA0A48214607F0FCF90548B921E2
:1091D00007F0F1F985F31188BFF36F8F38BD00BF39
:1091E00060450020D8970400059804008E8704008D
:1091F0001C98040038B54FF04003EFF3118583F35A
:109200001288BFF36F8F2948FEF7F8FC68B9284A27
:10921000284929488E2307F0D5F92449274807F023
:10922000D1F923488E2107F0C6F92048FEF704FD46
:10923000EFF3058363B12249224A1F48FD2307F05B
:10924000C1F9214807F0BEF91E48FD2107F0B3F926
:109250001E4CA368DB7B012B0CD11D49194A164813
:10926000FE2307F0AFF9184807F0ACF91548FE21C6
:1092700007F0A1F9A268D37B013BD3730B48FEF73B
:10928000CBFC68B90A4A13490B48B92307F09AF98D
:109290000649114807F096F90548B92107F08BF9FE
:1092A00085F31188BFF36F8F38BD00BFA445002040
:1092B000D8970400319804008E8704004698040073
:1092C0003BBC040046BD040043AC040060450020E4
:1092D00071BD0400059804001C9804000C4B9942D1
:1092E00010B50C460BD10B490B480C4A40F23D43DC
:1092F00007F068F9094840F23D4107F05CF9D4E90C
:10930000003213605A600023C4E9003310BD00BF6F
:10931000683300200FBF04008E870400EDBE0400F8
:10932000836810B504465BB90B490C480C4A40F2FF
:10933000B92307F047F90A4840F2B92107F03BF991
:10934000A0682146FFF7CAFF637B23F00203637323
:109350000023A36010BD00BF30BF04008E8704004F
:10936000EDBE040038B504464FF04003EFF311851D
:1093700083F31288BFF36F8F1948FEF73FFC68B97B
:10938000184A194919488E2307F01CF9144918483E
:1093900007F018F913488E2107F00DF91048FEF771
:1093A0004BFC2046FFF7BCFF0D48FEF735FC68B9C3
:1093B0000C4A10490D48B92307F004F908490E4832
:1093C00007F000F90748B92107F0F5F885F311888F
:1093D000BFF36F8F04F11800BDE8384001F038B9D1
:1093E000A4450020D8970400319804008E8704001B
:1093F00046980400059804001C98040038B50246FD
:109400001448154D0DF075F9044600B9EC68CAB959
:10941000AB6863B91149124A1248892307F0D2F8A0
:10942000114807F0CFF80E48892107F0C4F8AB685F
:109430005A7BD20606D1A26922B9DA897F2A01D9DC
:10944000EB6138BDAB68A34202D02046FFF7CCFDEC
:10945000EC61F6E7804500206045002047BF04002E
:10946000EDBE04008E87040043AC040070B590F993
:109470000D20437B002A044606DA03F07F03437382
:1094800001461E48FFF72AFF637B63F07F03637387
:109490001B4B9C4209D11B491B481C4ABA2307F0AD
:1094A00091F81A48BA2107F086F8194AD2E908302B
:1094B00002F12005AB421BD0D3B194F90E6093F9B1
:1094C0000E108E420FD0891B00290CDD5968C4E9AB
:1094D00000310C605C609068031B5842BDE870402E
:1094E0005841FFF78BBF834202D01B68002BE6D1A7
:1094F000C4E9005004605462EDE700BF80450020DD
:10950000683300200FBF04008E870400EDBE040006
:109510006045002070B505464FF04003EFF311861B
:1095200083F31288BFF36F8F2A48FEF767FB68B991
:10953000294A2A492A488E2307F044F82549294810
:1095400007F040F824488E2107F035F82148FEF74F
:1095500073FB254B254A9C6811688C4219D1204623
:10956000FFF742FD1B48FEF757FB68B91A4A20492E
:109570001B48B92307F026F816491E4807F022F8C1
:109580001548B92107F017F886F31188BFF36F8FDC
:1095900070BD00211160184A1268C2B1E2897F2AA9
:1095A00015D8627BD20612D1144A94F90E101268B3
:1095B00091420CDB124A944209D01A69AA4203DC98
:1095C0002046FFF753FFCAE7521B1A61CAE7002281
:1095D000FBE700BFA4450020D897040031980400A1
:1095E0008E8704004698040060450020A0450020B6
:1095F000059804001C980400AC450020A8450020F4
:109600006833002070B590F90D20437B002A044692
:1096100039DBDA0637D18269002A34D163F07F035F
:109620004373194B984209D118491948194ABA236A
:1096300006F0C8FF1748BA2106F0BDFF164AD2E966
:10964000083002F12005AB4218D0BBB194F90E608E
:1096500093F90E108E420CD0891B002909DD5A683F
:10966000C4E9003214605C60BDE870400020FFF780
:10967000C5BE984202D01B68002BE9D1C4E9005056
:1096800004605462F0E770BD683300200FBF04002F
:109690008E870400EDBE04006045002038B5044606
:1096A0004FF04003EFF3118583F31288BFF36F8F00
:1096B0001748FEF7A3FA68B9164A174917488E23C8
:1096C00006F080FF1249164806F07CFF11488E21F3
:1096D00006F071FF0E48FEF7AFFA2046FFF792FF43
:1096E0000B48FEF799FA68B90A4A0E490B48B923A4
:1096F00006F068FF06490C4806F064FF0548B921EA
:1097000006F059FF85F31188BFF36F8F38BD00BF96
:10971000A4450020D8970400319804008E870400E7
:1097200046980400059804001C98040038B50446C7
:109730004FF04003EFF3118583F31288BFF36F8F6F
:109740001D48FEF75BFA68B91C4A1D491D488E2367
:1097500006F038FF18491C4806F034FF17488E21E0
:1097600006F029FF1448FEF767FA637B5A0716D400
:109770001148FEF751FA68B9104A14491148B92343
:1097800006F020FF0C49124806F01CFF0B48B921D7
:1097900006F011FF85F31188BFF36F8F38BD23F0FA
:1097A000040320466373FFF72DFF29460248BDE8F6
:1097B0003840FFF7DBBC00BFA4450020D897040069
:1097C000319804008E870400469804000598040030
:1097D0001C98040037B504464FF04003EFF31185A1
:1097E00083F31288BFF36F8F2148FEF707FA68B939
:1097F000204A214921488E2306F0E4FE1C492048D6
:1098000006F0E0FE1B488E2106F0D5FE1848FEF754
:1098100013FA14F80B3C13F0280F10D154F8103C35
:10982000A4F118001BB10190FFF77AFD019814F81C
:109830000B3C23F0140304F80B3CFFF7E3FE0C4849
:10984000FEF7EAF968B90B4A0E490C48B92306F04D
:10985000B9FE07490C4806F0B5FE0648B92106F0E6
:10986000AAFE85F31188BFF36F8F03B030BD00BF30
:10987000A4450020D8970400319804008E87040086
:1098800046980400059804001C98040010B590F94F
:109890000D20437B002A044606DA03F07F0343735E
:1098A00001460648FFF71AFD054B9868031B58420E
:1098B000BDE810405841FFF7A1BD00BF8045002022
:1098C0006045002038B504460D46FFF7DFFF637B97
:1098D00043F002036373FDB1164BA5609C4209D1AE
:1098E00015491648164ABA2306F06CFE1448BA21E8
:1098F00006F061FE2B689D4215D0A3B194F90E10BD
:1099000093F90E20914208D0521A002A05DD5A68B8
:10991000C4E9003214605C6038BD6A68934202D0CA
:109920001B68002BECD16B68C4E900531C606C60B1
:10993000F2E700BF683300200FBF04008E870400E9
:10994000EDBE04002DE9F0410446884616461D464A
:109950004FF04003EFF3118783F31288BFF36F8F4B
:109960001F48FEF74BF968B91E4A1F491F488E234E
:1099700006F028FE1A491E4806F024FE19488E21DA
:1099800006F019FE1648FEF757F920464146FFF744
:1099900099FF1348FEF740F968B9124A1549134870
:1099A000B92306F00FFE0E49134806F00BFE0D48D2
:1099B000B92106F000FE87F31188BFF36F8FB5F170
:1099C000FF3F08BFB6F1FF3F08D032462B4604F1F7
:1099D00018000A49BDE8F04100F072BDBDE8F08111
:1099E000A4450020D8970400319804008E87040015
:1099F00046980400059804001C980400D5970300BD
:109A000038B5114B04469868104B0D461860114646
:109A1000DDE90423FFF796FF2046FEF7FDF868B95D
:109A20000B4A0C490C48D02306F0CCFD0B482146CC
:109A300006F0C8FD0648D02106F0BDFD2846BDE869
:109A40003840EFF7E1BA00BF60450020A045002094
:109A5000D8970400059804008E8704001C98040021
:109A6000F8B504460D464FF04003EFF3118683F33B
:109A70001288BFF36F8F3A48FEF7C0F868B9394AC9
:109A800039493A488E2306F09DFD3549384806F09D
:109A900099FD34488E2106F08EFD3148FEF7CCF852
:109AA000637BDA066DB257D1A269002A54D103F064
:109AB0007F0363732F482146FFF710FC637BA57378
:109AC00063F07F0363732C4B9C4209D12B492748D9
:109AD0002B4ABA2306F076FD2948BA2106F06BFD21
:109AE000284AD2E9083002F12005AB422FD073B3E7
:109AF00094F90E7093F90E108F4223D0C91B0029E0
:109B000020DD5A68C4E9003214605C600120FFF770
:109B100075FC01241248FEF77FF868B9114A1A490A
:109B20001248B92306F04EFD0D49184806F04AFDCB
:109B30000C48B92106F03FFD86F31188BFF36F8F03
:109B40002046F8BD834202D01B68002BD2D1C4E965
:109B5000005004605462D9E7A5730024DAE700BF1F
:109B6000A4450020D8970400319804008E87040093
:109B70004698040080450020683300200FBF040091
:109B8000EDBE040060450020059804001C98040008
:109B900070B50446183000F05BFD4FF04003EFF362
:109BA000118683F31288BFF36F8F2548FEF726F8DE
:109BB00068B9244A244925488E2306F003FD20492C
:109BC000234806F0FFFC1F488E2106F0F4FC1C48D9
:109BD000FEF732F894F90D20637B002A06DA03F0D1
:109BE0007F031C4863732146FFF778FB1A4D637BA4
:109BF000A86843F010036373031B58425841FFF7F2
:109C0000FDFB0F48FEF708F868B90E4A13490F48E4
:109C1000B92306F0D7FC0A49114806F0D3FC0948DD
:109C2000B92106F0C8FC86F31188BFF36F8FAB68CB
:109C3000A34203D1BDE870400CF051BD70BD00BF20
:109C4000A4450020D8970400319804008E870400B2
:109C500046980400804500206045002005980400D7
:109C60001C98040038B54FF04003EFF3118583F3DF
:109C70001288BFF36F8F2D48FDF7C0FF68B92C4ADB
:109C80002C492D488E2306F09DFC28492B4806F0D0
:109C900099FC27488E2106F08EFC294C2348FDF7BD
:109CA000CBFFA368DB7B73B92649274A224840F2E1
:109CB000BB3306F087FC254806F084FC224840F2BE
:109CC000BB3106F078FCEFF3058373B120491E4ADF
:109CD00019484FF46F7306F075FC1C4806F072FCCF
:109CE00019484FF46F7106F066FCA268D37B01330C
:109CF0000020D373FFF782FB0C48FDF78DFF68B996
:109D00000B4A14490C48B92306F05CFC0749124879
:109D100006F058FC0648B92106F04DFC85F3118881
:109D2000BFF36F8FBDE838400CF0D9BCA4450020CC
:109D3000D8970400319804008E87040046980400E8
:109D4000604500206EBF0400EDBE040043AC04007B
:109D50003BBC0400059804001C98040038B5044678
:109D60004FF04003EFF3118583F31288BFF36F8F39
:109D70001948FDF743FF68B9184A194919488E2355
:109D800006F020FC1449184806F01CFC13488E21EC
:109D900006F011FC1048FDF74FFF20460CF0A9FC1F
:109DA000044608B1FFF7BCFA0B48FDF735FF68B968
:109DB0000A4A0E490B48B92306F004FC06490C4830
:109DC00006F000FC0548B92106F0F5FB85F3118883
:109DD000BFF36F8F204638BDA4450020D8970400FC
:109DE000319804008E87040046980400059804000A
:109DF0001C98040038B504464FF04003EFF311857A
:109E000083F31288BFF36F8F1B48FDF7F7FE68B925
:109E10001A4A1B491B488E2306F0D4FB16491A48E0
:109E200006F0D0FB15488E2106F0C5FB1248FDF761
:109E300003FF20460CF05DFC044628B1FFF770FAE2
:109E400004F1180000F004FC0B48FDF7E5FE68B9CA
:109E50000A4A0E490B48B92306F0B4FB06490C48E0
:109E600006F0B0FB0548B92106F0A5FB85F3118883
:109E7000BFF36F8F204638BDA4450020D89704005B
:109E8000319804008E870400469804000598040069
:109E90001C980400044B002103F12002C3E90822AE
:109EA0000846FFF7B5B800BF60450020F8B5EFF3EE
:109EB000058373B13F49404A404840F2325306F0AF
:109EC00081FB3F4806F07EFB3B4840F2325106F0F2
:109ED00072FB4FF04003EFF3118683F31288BFF358
:109EE0006F8F3848FDF78AFE68B9374A37493348DB
:109EF0008E2306F067FB3349354806F063FB324892
:109F00008E2106F058FB334D2E48FDF795FEA968CB
:109F10004B7B03F07F034B7305F12000FFF7DEF965
:109F2000AC68637B63F07F0363732B4B9C4209D166
:109F30002A492248204ABA2306F044FB1E48BA2187
:109F400006F039FBD5E90831254883422DD063B3AB
:109F500094F90E7093F90E20974221D0D21B002A5B
:109F60001EDD5A68C4E9003214605C600120FFF70E
:109F700045FA1448FDF750FE68B9134A19490F48CD
:109F8000D02306F01FFB0F49174806F01BFB0E48B5
:109F9000D02106F010FB3046BDE8F840EFF734B8AA
:109FA0008B4202D01B68002BD4D1C4E900010C60A5
:109FB0006C62DBE73BBC0400EDBE04008E8704004E
:109FC00043AC0400A4450020D89704003198040055
:109FD0004698040060450020683300200FBF04004D
:109FE00080450020059804001C9804002DE9F041EC
:109FF00005460E46EFF3058373B14349434A44488F
:10A0000040F24E5306F0DEFA424806F0DBFA3F48D3
:10A0100040F24E5106F0CFFA55EA060303D1FFF79E
:10A0200045FF00206DE06FF00104641B4FF0FF332B
:10A0300063EB0603012C73F1000302DA0CF06FFBF3
:10A0400044194FF04003EFF3118883F31288BFF3F4
:10A050006F8F3148FDF7D2FD68B9304A30492C483E
:10A060008E2306F0AFFA2C492E4806F0ABFA2B48A7
:10A070008E2106F0A0FA2C4F2748FDF7DDFD2B4B73
:10A08000B8681860FFF702FCB86829492A463346C9
:10A09000183000F015FABA681F48537B43F01003DC
:10A0A0005373FDF7B9FD68B91C4A22491848D023FB
:10A0B00006F088FA1849204806F084FA1748D0219B
:10A0C00006F079FA4046EEF79FFFBB685B7BDB0644
:10A0D0000ED51A490D4A0E4840F26F5306F072FA37
:10A0E0000C4806F06FFA094840F26F5106F063FA27
:10A0F0000CF015FB201A63EB0303012873F1000336
:10A100008FDBBDE8F08100BF3BBC0400EDBE040066
:10A110008E87040043AC0400A4450020D8970400B7
:10A12000319804004698040060450020A0450020B6
:10A13000D5970300059804001C9804009FBF0400F5
:10A1400038B505460C46EFF3058373B11349144A3D
:10A15000144840F27E5306F035FA134806F032FAFE
:10A160000F4840F27E5106F026FAB4F1FF3F08BFD7
:10A17000B5F1FF3F06D10D4B9868FFF709FD4FF091
:10A18000FF3038BD28462146FFF730FF4FF47A7381
:10A1900080FB0303C00B40EA4340F2E73BBC0400F2
:10A1A000EDBE04008E87040043AC0400604500202F
:10A1B000014B9868704700BF604500202DE9F041D1
:10A1C00004464FF04003EFF3118683F31288BFF388
:10A1D0006F8F4848FDF712FD68B9474A474948481C
:10A1E0008E2306F0EFF94349464806F0EBF9424862
:10A1F0008E2106F0E0F93F48FDF71EFD637B1A074C
:10A2000017D53C48FDF708FD68B93B4A3E493C4834
:10A21000B92306F0D7F937493C4806F0D3F9364858
:10A22000B92106F0C8F986F31188BFF36F8FBDE836
:10A23000F08123F0200242F00801D20942D161737B
:10A24000A36813B12046FFF76BF804F1180000F083
:10A25000FFF904F158074FF00008A56DBD4201D089
:10A26000002D39D10120FFF7C9F8294B9B68A34283
:10A27000C7D1EFF30583002BC3D11E48FDF7CCFCFB
:10A2800068B91D4A20491E48D02306F09BF9194998
:10A290001E4806F097F91848D02106F08CF9304690
:10A2A000EEF7B2FE1B4A1C49154840F2AC6306F0BB
:10A2B00089F91A4806F086F9164840F2AC6106F0B2
:10A2C0007AF99EE703F05F0343F0080314486373D1
:10A2D0002146FFF703F8B3E72846FFF721F805F119
:10A2E000180000F0B5F9C5F87C802846FFF78AF918
:10A2F000B3E700BFA4450020D897040031980400BC
:10A300008E87040046980400059804001C980400F9
:10A3100060450020EDBE0400D48B0400DFBF0400C4
:10A3200080450020F8B504460E4615464FF0400320
:10A33000EFF3118783F31288BFF36F8F1E48FDF789
:10A340005DFC68B91D4A1E491E488E2306F03AF985
:10A3500019491D4806F036F918488E2106F02BF9E8
:10A360001548FDF769FC20460CF0C3F9044658B1C6
:10A37000C6674561FEF7D4FF04F1180000F068F9E4
:10A380002046FFF73FF901240B48FDF745FC68B96B
:10A390000A4A0E490B48B92306F014F906490C483D
:10A3A00006F010F90548B92106F005F987F3118880
:10A3B000BFF36F8F2046F8BDA4450020D897040056
:10A3C000319804008E870400469804000598040024
:10A3D0001C980400D3B5DDE90667089CCDE9006749
:10A3E000FFF70EFB1CB1034B9B685B69236002B057
:10A3F000D0BD00BF6045002008B50648064A0749A1
:10A40000121A0CF07EF8BDE80840054A05490648D6
:10A410000CF077B800000020B0150020D4C504006F
:10A4200000000000D4C5040000000020034B1B689E
:10A430000BB9F9F799BB0020704700BFB045002069
:10A44000104B10B51C689C4208BF0024FFF7EEFFBC
:10A45000A4B1D4E904321B1A62EBE070B3F1004FEF
:10A4600070F100020ADA0028ACBF18460020064B43
:10A470001B6913B19842A8BF184610BD6FF0004089
:10A48000F5E700BF740A00206045002030B503687E
:10A4900068B10A4A5268904209D043B1D3E9042115
:10A4A000D0E90445121941EB0501C3E904214268D2
:10A4B00013605A600023C0E9003330BD740A0020E5
:10A4C000B3F1FF3F08BFB2F1FF3F2DE9F041044671
:10A4D0000E46984615461F4600F09E80036863B1FD
:10A4E0004E494F4A4F48632306F06CF84E4806F039
:10A4F00069F84B48632106F05EF8A6604FF0400310
:10A50000EFF3118683F31288BFF36F8F4748FDF78F
:10A5100075FB68B9464A474942488E2306F052F80F
:10A520004249454806F04EF841488E2106F043F86E
:10A530003E48FDF781FB6FF00102531B4FF0FF30E7
:10A5400060EB0703002B1BDB3C4BD3E90013521AD3
:10A5500060EB0303551B63EB0707012D77F1000345
:10A56000BCBF01250027C4E90457354AD2E9003CA5
:10A57000934218D1C4E9002CCCF80040546026E086
:10A58000FFF754FF013548F100082D1848EBE07043
:10A59000C4E90450E9E7091A65EB07059C45C4E9DD
:10A5A0000415E7D01B68002BE4D0D3E90407D4E9F5
:10A5B0000415814275EB070EEDDA411A67EB0505CC
:10A5C000C3E904155968C4E900310C605C60136884
:10A5D00093420BD09C4209D1FFF732FF18B1194BBF
:10A5E0001B69834202D00021F9F78CFA0F48FDF76E
:10A5F00013FB68B90E4A14490A48B92305F0E2FF73
:10A600000A49124805F0DEFF0948B92105F0D3FFD9
:10A6100086F31188BFF36F8FBDE8F08125C0040079
:10A6200001C004008E87040043AC0400B445002040
:10A63000D89704003198040046980400E0350020C3
:10A64000740A002060450020059804001C9804004E
:10A6500038B504464FF04003EFF3118583F31288B9
:10A66000BFF36F8F1A48FDF7C9FA68B9194A1A493A
:10A670001A488E2305F0A6FF1549194805F0A2FFD8
:10A6800014488E2105F097FF1148FDF7D5FA23688D
:10A69000DBB12046FFF7FAFE00240D48FDF7BCFAB7
:10A6A00068B90C4A0F490D48B92305F08BFF0849DA
:10A6B0000D4805F087FF0748B92105F07CFF85F3B9
:10A6C0001188BFF36F8F204638BD6FF01504E4E7A3
:10A6D000B4450020D8970400319804008E87040008
:10A6E00046980400059804001C98040038B54FF003
:10A6F0004003EFF3118583F31288BFF36F8F18487F
:10A70000FDF77CFA68B9174A174918488E2305F0F7
:10A7100059FF1349164805F055FF12488E2105F0E0
:10A720004AFF0F48FDF788FAFFF78AFE04460C48F7
:10A73000FDF772FA68B90B4A0E490C48B92305F0C7
:10A7400041FF07490C4805F03DFF0648B92105F0D7
:10A7500032FF85F31188BFF36F8F204638BD00BFED
:10A76000B4450020D8970400319804008E87040077
:10A7700046980400059804001C98040070B504462F
:10A780000D464FF04003EFF3118683F31288BFF3B9
:10A790006F8F1B48FDF732FA68B91A4A1A491B48ED
:10A7A0008E2305F00FFF1649194805F00BFF1548D9
:10A7B0008E2105F000FF1248FDF73EFAFFF740FE3C
:10A7C000012805DDA04203DB29462046F9F79AF966
:10A7D0000B48FDF721FA68B90A4A0E490B48B9231C
:10A7E00005F0F0FE06490C4805F0ECFE0548B921DD
:10A7F00005F0E1FE86F31188BFF36F8F70BD00BFD7
:10A80000B4450020D8970400319804008E870400D6
:10A8100046980400059804001C9804002DE9F843AC
:10A820000446FEF777FE4FF04003EFF3118583F304
:10A830001288BFF36F8F4C48FDF7E0F968B94B4AB7
:10A840004B494C488E2305F0BDFE47494A4805F068
:10A85000B9FE46488E2105F0AEFE484F4248DFF86B
:10A860002C81474EFDF7E8F93C60D8F800403A6883
:10A870004445D6E9001E4FEAE2700BD054B1D4E94A
:10A88000043C9A4270EB0C0928DA9B1A6CEB000C22
:10A89000C4E9043C52184EEB00000024C6E9002035
:10A8A0003C60FFF7CDFD2146F9F72CF92E48FDF766
:10A8B000B3F968B92D4A33492E48B92305F082FE11
:10A8C0002949314805F07EFE2848B92105F073FE7C
:10A8D00085F31188BFF36F8FBDE8F88359184EEBED
:10A8E000E370D31A3B6000220023C6E90010C4E9DC
:10A8F00004232046FFF7CAFD1B48FDF78DF968B910
:10A900001A4A20491B48B92305F05CFE16491E4827
:10A9100005F058FE1548B92105F04DFE85F3118864
:10A92000BFF36F8FA368204698474FF04003EFF3C3
:10A93000118583F31288BFF36F8F0B48FDF75EF923
:10A9400068B90A4A0A490B488E2305F03BFE0649BE
:10A95000094805F037FE05488E2105F02CFE024817
:10A96000FDF76AF981E700BFB4450020D8970400DD
:10A97000319804008E87040046980400B0450020FA
:10A98000E0350020059804001C980400740A00209B
:10A9900070B54FF04003EFF3118683F31288BFF3D5
:10A9A0006F8F1B48FDF72AF968B91A4A1A491B48E4
:10A9B0008E2305F007FE1649194805F003FE1548D9
:10A9C0008E2105F0F8FD1248FDF736F9F9F7CCF8BD
:10A9D000144BD3E9004504190D4845F10005FDF776
:10A9E0001BF968B90B4A10490C48B92305F0EAFD78
:10A9F00007490E4805F0E6FD0648B92105F0DBFDE4
:10AA000086F31188BFF36F8F2046294670BD00BFC3
:10AA1000B4450020D8970400319804008E870400C4
:10AA200046980400E0350020059804001C980400B6
:10AA300070B504464FF04003EFF3118583F312889D
:10AA4000BFF36F8F4D48FDF7D9F868B94C4A4D49AF
:10AA50004D488E2305F0B6FD48494C4805F0B2FD3F
:10AA600047488E2105F0A7FD4448FDF7E5F8D4E9F5
:10AA70000A32013342F10002022B72F1000305D3C6
:10AA8000D4E90A2342492046FFF71AFD236B01331C
:10AA90002363236A002B35D03848FDF7BDF868B929
:10AAA000374A3C493848B92305F08CFD33493A48C8
:10AAB00005F088FD3248B92105F07DFD85F3118848
:10AAC000BFF36F8F236A204698474FF04003EFF3A0
:10AAD000118583F31288BFF36F8F2848FDF78EF836
:10AAE00068B9274A274928488E2305F06BFD23497A
:10AAF000264805F067FD22488E2105F05CFD1F48C1
:10AB0000FDF79AF854F8186FA64200D0B6B91B4862
:10AB1000FDF782F868B91A4A1E491B48B92305F0A7
:10AB200051FD16491C4805F04DFD1548B92105F0A9
:10AB300042FD85F31188BFF36F8F70BD3046FEF77D
:10AB4000CDFA00230D48F367FDF766F868B90C4AA3
:10AB500010490D48B92305F035FD08490E4805F0A8
:10AB600031FD0748B92105F026FD85F31188BFF3B3
:10AB70006F8F3046BDE87040FEF790BDB8450020AD
:10AB8000D8970400319804008E870400469804008A
:10AB900031AA0300059804001C9804002DE9F04137
:10ABA000B3F1FF3F08BFB2F1FF3F05469046DDE934
:10ABB00006011F4640D0B1F1FF3F08BFB0F1FF3F93
:10ABC00004460E4616D051EA000C13D06FF0010C6B
:10ABD000BCEB000C4FF0FF3C6CEB010CBCF1000F28
:10ABE00008DA022871F10001BCBF02240026013CF2
:10ABF00046F1FF366FF00101891A4FF0FF3161EB2A
:10AC00000301002909DA012A73F10001BCBF012206
:10AC1000002312F1FF3843F1FF372846FFF718FDF4
:10AC200000232B63C5E90A4642463B4628460349B2
:10AC3000BDE8F041FFF744BCBDE8F08131AA030054
:10AC40002DE9F74F00277C4EDFF83082DFF830A285
:10AC50000091154601930446B946009B9F4203DBD1
:10AC6000484603B0BDE8F08F4FF04003EFF3118B7F
:10AC700083F31288BFF36F8F3046FCF7BFFF68B9CC
:10AC80006E488E234246514605F09CFC6C48314686
:10AC900005F098FC8E21404605F08DFC3046FCF70F
:10ACA000CBFF637B03F01F03082B4FD8DFE803F0D3
:10ACB0003042054E2C4E4E4E480023699B683BB3F4
:10ACC0000223E268C2F345300343002163F35232AA
:10ACD000A160E26029703046FCF79EFF68B95949CF
:10ACE0005648B923424605F06DFC5748314605F0F9
:10ACF00069FCB921404605F05EFC8BF31188BFF377
:10AD00006F8F01371434A8E723691B68002B2ED1FD
:10AD1000019B002BDFD12B78002BDCD0637B03F071
:10AD20001F03082B79D8DFE803F0395124783D78E8
:10AD30007878640023699B68002BE9D00123C0E781
:10AD400023695B6A002BE3D01023BAE73F4A4049EE
:10AD50003A485C2305F036FC617B3E4801F01F0158
:10AD600005F030FC39485C2105F025FCD0E70423D0
:10AD7000A7E7236963B93849344A3048862305F088
:10AD800021FC364805F01EFC3048862105F013FCF6
:10AD900020692A46214610300BF014FDA56009F108
:10ADA000010998E7236963B92D49284A23488A2372
:10ADB00005F008FC2B4805F005FC24488A2105F025
:10ADC000FAFB20692A4621461430E5E7236963B976
:10ADD00025491E4A19488E2305F0F4FB234805F047
:10ADE000F1FB1A488E2105F0E6FB20692A46214630
:10ADF000D2E7236963B91E49144A1048922305F02B
:10AE0000E1FB1C4805F0DEFB1048922105F0D3FB66
:10AE100020692A4621462830BEE70C4A0C490748DB
:10AE2000992305F0CFFB144805F0CCFB0748992186
:10AE300005F0C1FBB2E700BFBC4500208E870400CF
:10AE400046980400059804001C98040045C00400BE
:10AE5000D48B040066C0040083C004009DC00400BD
:10AE6000B2C00400CEC00400DFC00400FCC0040077
:10AE700013C104002EC1040047C10400D897040088
:10AE8000319804002DE9F0471424544DDFF89091D7
:10AE9000534E90460F4604FB01040FB9BDE8F087FE
:10AEA000002344F80C3C14F8073C03F01F03A4F102
:10AEB000140A082B4FD8DFE803F05B30054E214E13
:10AEC0004E4E3F0054F8043C63B94649A9232A4634
:10AED000304605F077FB444805F074FBA92128466D
:10AEE00005F069FB54F8143C002B41D054F8102CA9
:10AEF00013605A60002344E9053339E054F8043CF8
:10AF0000002BEFD13949AD232A46304605F05AFBD4
:10AF1000374805F057FBAD21E1E754F8043C002B1E
:10AF2000E0D13449B1232A46304605F04BFB324884
:10AF300005F048FBB121D2E754F8043C002BD1D1F5
:10AF40002E49B5232A46304605F03CFB2C4805F037
:10AF500039FBB521C3E74946BC232A46304605F0F4
:10AF600031FB284805F02EFBBC21284605F023FBC9
:10AF70002548FCF751FE68B9244A2549B9233046D3
:10AF800005F020FB2049234805F01CFB1F48B92190
:10AF900005F011FB88F31188BFF36F8F4FF040036A
:10AFA000EFF3118883F31288BFF36F8F1648FCF715
:10AFB00025FE68B9154A18498E23304605F002FB74
:10AFC0001149164805F0FEFA10488E2105F0F3FAF3
:10AFD0000D48FCF731FE013F54465EE745C00400D2
:10AFE0008E87040083C004009DC00400B2C004002A
:10AFF000CEC00400DFC00400FCC0040013C1040084
:10B000002EC1040047C10400BC450020D8970400AD
:10B01000059804001C980400319804004698040028
:10B02000D48B0400F8B505460F461E46144662B19F
:10B030001B491C4A1C482D2305F0C4FA1B4805F087
:10B04000C1FA18482D2105F0B6FA1F2F0CD918495E
:10B05000144A15482F2305F0B5FA164805F0B2FA40
:10B0600010482F2105F0A7FA66B913490D4A0E487A
:10B07000302305F0A7FA114805F0A4FA0948302159
:10B0800005F099FA0023E4043F02AB6004F40024C5
:10B090002B7B07F4F8573C431C43C5E90346F8BD36
:10B0A0005DC1040045C004008E8704007DC104001A
:10B0B000A3C10400C7C10400D7C10400EAC1040051
:10B0C0002DE9F7431D46754B9F68012304468846CA
:10B0D000164607F1600987F8603087F86130EFF3B2
:10B0E000058373B16E496F4A6F484FF48D7305F055
:10B0F00069FA6E4805F066FA6A484FF48D7105F0FA
:10B100005AFA74B96A49674A674840F21B1305F056
:10B1100059FA684805F056FA624840F21B1105F0EA
:10B120004AFAB8F1000F0EDA63495E4A5E484FF4FE
:10B130008E7305F047FA614805F044FA59484FF418
:10B140008E7105F038FA56EA05030CBF012300237F
:10B1500041464A462046FFF773FD80464FF04003C4
:10B16000EFF3118983F31288BFF36F8F5448FCF714
:10B1700045FD68B9534A54494B488E2305F022FADD
:10B180004F49524805F01EFA4E488E2105F013FA39
:10B190004B48FCF751FD97F86030FBB920464A4612
:10B1A0004146FFF76FFE4648FCF736FD68B9454A51
:10B1B00047493D48B92305F005FA4149454805F09E
:10B1C00001FA4048B92105F0F6F989F31188BFF377
:10B1D0006F8F0025284603B0BDE8F083002387F871
:10B1E000603056EA050318D13548FCF715FD68B9FB
:10B1F000344A37492C48B92305F0E4F93049354839
:10B2000005F0E0F92F48B92105F0D5F989F3118847
:10B21000BFF36F8F6FF00A05DCE7CDE900652E4ABA
:10B2200027484946FEF7ECFB05464FF04003EFF395
:10B23000118683F31288BFF36F8F2148FCF7DEFC81
:10B2400068B9204A204918488E2305F0BBF91C49EB
:10B250001E4805F0B7F91B488E2105F0ACF91848D7
:10B26000FCF7EAFC204632464146FFF70BFE144845
:10B27000FCF7D2FC68B9134A15490B48B92305F00D
:10B28000A1F90F49134805F09DF90E48B92105F0C1
:10B2900092F986F31188BFF36F8F9BE7604500201A
:10B2A0003BBC040045C004008E87040043AC04008E
:10B2B00004C204001AC2040029C2040039C20400F6
:10B2C000BC450020D897040031980400469804003B
:10B2D000059804001C9804007C0A002070B5044600
:10B2E0000D464FF04003EFF3118683F31288BFF34E
:10B2F0006F8F2148FCF782FC68B9204A2049214819
:10B300008E2305F05FF91C491F4805F05BF91B48C7
:10B310008E2105F050F91848FCF78EFC2068E56096
:10B3200001218442A16017D11348FCF775FC68B96C
:10B33000124A16491348B92305F044F90E49144836
:10B3400005F040F90D48B92105F035F986F311886B
:10B35000BFF36F8F00240DE0D0E9003213605A6014
:10B360000023C0E900330BF05CFA31460446024882
:10B37000FDF7FCFE204670BDBC450020D8970400B8
:10B38000319804008E870400469804000598040054
:10B390001C98040004322DE9734306460D460AD278
:10B3A0004FF000084FF00009CDE9008941F0040199
:10B3B000FCF7E2F820B90024204602B0BDE8708313
:10B3C000044644F8046B002DF6D06B1E1C42F3D0EB
:10B3D0002523074A0749084805F0F4F8214607489D
:10B3E0002A4605F0EFF80248252105F0E4F8E3E7E6
:10B3F00046C204006AC204008E8704009CC2040096
:10B40000032838B504460D4601D983070CD01249EC
:10B41000124A1348422305F0D5F8124805F0D2F835
:10B420000E48422105F0C7F8631E23420CD00E4996
:10B430000A4A0B48462305F0C5F80C4805F0C2F847
:10B440000648462105F0B7F82A4621460848BDE8D7
:10B450003840FFF79FBF00BFC4C2040046C20400CB
:10B460008E87040001C304002A9904004599040052
:10B4700018130020014B4367704700BF18130020CA
:10B4800013B5044601910BF063F8019A50B9074BCC
:10B490009B685B6F43B12146184602B0BDE810407F
:10B4A000FFF778BF024BF6E702B010BD6045002001
:10B4B0001813002030B599B00546684600F028F80A
:10B4C0006946044608A800F053FA08A90443284630
:10B4D00000F08AF9204619B030BD00BF70B598B0B1
:10B4E00005466846164600F013F83146044608A89B
:10B4F00000F046F908A96A460443084600F082F9BC
:10B5000008A90443284600F06DF9204618B070BD24
:10B5100070B50B68124E1BBAC3614B681BBA8361CE
:10B520008B681BBA4361CB681BBA03610B691BBAFA
:10B53000C3604B691BBA83608B691BBA4360CB69DC
:10B540001BBA3246036001460446C5F751FB31463B
:10B55000054602462046C5F76BFB681E70BD00BF5E
:10B56000A88204002DE9F04188B00C46064602F19D
:10B570002001684606F120079046C5F74FFE6A464F
:10B5800069466846C5F75CFD69463846C5F746FE1C
:10B590003A463946384604F12005C5F751FD6A465A
:10B5A00069466846C5F74CFD41462846C5F736FE54
:10B5B0006A4641463046C5F719FE2A46294668467E
:10B5C000C5F73EFD2A4669466846C5F739FD124A69
:10B5D00069466846C5F734FD69462046C5F71EFE34
:10B5E000324621462046C5F769FD324621462046AF
:10B5F000C5F764FD224631462846C5F75FFD6A4619
:10B6000029462846C5F7F2FD3A4629462846C5F799
:10B6100055FD08B0BDE8F08148830400F0B599B04D
:10B6200004460D460A4601466846C5F747FD694689
:10B630006846C5F7F3FD6A46214608A805F12006CD
:10B6400004F12007C5F7D2FD6A4629466846C5F7CA
:10B65000CDFD3246394610A8C5F7F2FC32463946D0
:10B660003046C5F72BFD31462846C5F7D7FD6A465B
:10B6700008A92046C5F7E4FC224629462846C5F716
:10B680001DFD6A4608A96846C5F718FD6A46394691
:10B690003846C5F7ABFD2A4608A96846C5F70EFD32
:10B6A0006A4631463046C5F7A1FD3A463146304636
:10B6B000C5F704FD10A96846C5F7B0FD22466946E6
:10B6C0002046C5F7FBFC08A922460846C5F7F6FC4C
:10B6D00010A908AA0846C5F789FD3A4610A93846B8
:10B6E000C5F7ECFC19B0F0BD2DE9F04188B00C466F
:10B6F000054690460A4601466846C5F7DFFC69469E
:10B700006846C5F78BFD6A462946284604F120069F
:10B71000C5F76CFD05F120076A4621466846C5F766
:10B7200065FD324639463046C5F7C8FC31462046ED
:10B73000C5F774FD2A4621462046C5F7BFFC6A4678
:10B7400021462046C5F7BAFC6A4629464046C5F759
:10B75000B5FC424639463846C5F748FD22462946DB
:10B760006846C5F7ABFC6A4631463046C5F73EFD34
:10B770003A4631463046C5F7A1FC08B0BDE8F08135
:10B7800070B500F1200690B00D46044600F014F9A3
:10B7900005F12001304600F00FF9214608A8C5F751
:10B7A0003DFD08A908460D4AC5F74AFC08A92246EE
:10B7B0000846C5F71BFD08A9094A0846C5F740FC1D
:10B7C00031466846C5F72AFD202269460DEB020086
:10B7D000C5F708FC013810B070BD00BF48830400F5
:10B7E0006883040000F002B938B504460D4600F045
:10B7F000FDF805F1200104F12000BDE8384000F01B
:10B80000F5B800BF2DE9F0431346BBB0544A884653
:10B810000746194612A8C5F7EBF95249024612A885
:10B82000C5F706FA199D4E4900EAD5750646C5F1D9
:10B83000010212A8C5F7FCF9199B42466FEA0309F9
:10B840002AA91AA8FFF78EFE4FEAD97922A9C9F1D1
:10B850000102084600F092F8C6F10106FE2402AA91
:10B860001AA92AA8FFF740FF62113AAB03EB820244
:10B8700004F01F0152F8A03CCB404A4603F00109F6
:10B8800089EA02022AA91AA80192C5F72DFA019A9B
:10B8900032A922A8C5F728FA013C2AA91AA8FFF75D
:10B8A000BDFE631CDBD1C9F1010222A90AA800F088
:10B8B00065F885EA090502AA1AA92AA8FFF714FF64
:10B8C0002AA92A461AA8C5F70FFA2A4632A922A899
:10B8D000C5F70AFA0AA902AA0846C5F787FC0AA909
:10B8E000084600F09DF80AA907F1200408F120029B
:10B8F0000846C5F77BFC22A90AAA2046C5F776FCB4
:10B900000AAA1AA902A8C5F771FC02A90846C5F738
:10B9100085FC1AAA02A90AA8C5F768FC214602A854
:10B92000C5F77CFC0AAA02A91046C5F7C7FB0E4A58
:10B930000AA902A8C5F7C2FB20462021C5F766FB6D
:10B940000AA94342024602A81E43C5F7CDF938466C
:10B95000064A02A9C5F74AFC30463BB0BDE8F08371
:10B96000888304000883040068830400288304009B
:10B970000A460149FFF746BFC882040070B588B087
:10B9800004460D4616460021202268460BF016F8A4
:10B99000002329462022204600930AF0EEFF2A4683
:10B9A00069466846C5F78AFB324669462046C5F7B0
:10B9B0009BF908B070BD00BF0B681BBAC3614B6830
:10B9C0001BBA83618B681BBA4361CB681BBA0361E6
:10B9D0000B691BBAC3604B691BBA83608B691BBAC6
:10B9E0004360CB691BBA0360704700BFCB691BBAC9
:10B9F00003608B691BBA43604B691BBA83600B6998
:10BA00001BBAC360CB681BBA03618B681BBA436166
:10BA10004B681BBA83610B681BBAC361704700BFD8
:10BA200070B598B00D46064610A8C5F7F7FB2A4634
:10BA300010A96846C5F7DAFB694610A8C5F7EEFB02
:10BA400010A90846C5F7EAFB6A4610A908A8C5F779
:10BA5000CDFB08A910A8C5F7E1FB10A90846C5F75A
:10BA6000DDFB10A90846C5F7D9FB10A90846C5F7A4
:10BA7000D5FB10A908AA0846C5F7B8FB10A90846C7
:10BA8000C5F7CCFB10A90846C5F7C8FB10A96A4644
:10BA900008A8C5F7ABFB052408A910A8C5F7BEFB8D
:10BAA00010A90846C5F7BAFB013C10A9F5D108AAB0
:10BAB0000846C5F79BFB052410A90846C5F7AEFB51
:10BAC00010A90846C5F7AAFB013CF5D110A908AAA0
:10BAD0000846C5F78BFB10A908A8C5F79FFB08A966
:10BAE0000846C5F79BFB08A96A466846C5F77EFB72
:10BAF0001024694610A8C5F791FB10A90846C5F7A0
:10BB00008DFB013C10A9F5D12A460846C5F76EFB0E
:10BB1000402410A90846C5F781FB10A90846C5F7BF
:10BB20007DFB013CF5D110A96A460846C5F75EFBCE
:10BB3000102410A90846C5F771FB10A90846C5F7DF
:10BB40006DFB013CF5D110A96A460846C5F74EFBCE
:10BB5000102410A90846C5F761FB10A90846C5F7CF
:10BB60005DFB013CF5D110A908AA0846C5F73EFBCC
:10BB70002A4610A93046C5F739FB18B070BD00BF82
:10BB800010EE103AC3F3C7527F3A162A23F0004151
:10BB90002ADC002A11DADFED187A30EE270AB5EE3A
:10BBA000C00AF1EE10FA05DD002B23DA134A002952
:10BBB00018BF134600EE103A7047114911410B426D
:10BBC000FAD0DFED0D7A30EE270AB5EEC00AF1EEBD
:10BBD00010FAEFDD002BBEBF4FF4000040FA02F276
:10BBE0009B1823EA0103E5E7B1F1FF4FE4D330EE00
:10BBF000000A70470023DDE7CAF24971000080BFE8
:10BC0000FFFF7F0038B52DED028B55EC104B00F097
:10BC10002DF8154BB0EE408AF0EE608A93F90030B3
:10BC2000013319D022462B4620462946C5F70EFB84
:10BC300090B90022002320462946C4F7DFFE58B100
:10BC400005F0DFFC21230360002200231046194683
:10BC5000C4F78CFD41EC180BB0EE480AF0EE680A10
:10BC6000BDEC028B38BD00BF550D00202DE9F04121
:10BC700055EC104B554EAE4310EE100A10EE103A34
:10BC80002A46294610D110EE102A2B46C4F744FC50
:10BC900002460B4620462946C4F788FA04460D465C
:10BCA00045EC104BBDE8F081002D10DC25F000467E
:10BCB0003043F5D05DB110EE102A2B4610EE100A7D
:10BCC000C4F772FA02460B46C4F750FDE6E71215B8
:10BCD00074D0D407C1F31301A2F2FF3741F48011ED
:10BCE0005EBFDA0F5B0002EB41010024DA0F02EBCA
:10BCF00041017F105B00162520464FF40012861884
:10BD00008E42DEBF891BB018A4184900013D01EB2B
:10BD1000D3714FEA52024FEA4303F0D12A464FF063
:10BD2000200E4FF00046814206EB050C02DC13D1D9
:10BD30009C4511D8BCF1000F0CEB060543DA002D31
:10BD400041DB00F10108091A9C4588BF01F1FF3170
:10BD5000A3EB0C03324440464FEAD37CBEF1010E04
:10BD60000CEB41014FEA43034FEA5606DBD10B438C
:10BD700006D0501C13BF01320134724622F001027A
:10BD800063105208E10703F17F5303F5001348BF26
:10BD900042F0004203EB0755144681E7D90A1538F3
:10BDA0005B050029FAD0CD020AD5C2F1200423FA9E
:10BDB00004F4551E93402143421B8AE71046F0E7E6
:10BDC00049000132EFE78046BDE700BF0000F07F89
:10BDD000024B0146186800F04FB800BF840A0020EB
:10BDE00037B5002944D051F8043C0190002BA1F153
:10BDF0000404B8BFE41800F085FC1E4A01981368DB
:10BE000033B96360146003B0BDE8304000F080BC1B
:10BE1000A34208D9256861198B4201BF19685B6884
:10BE200049192160EDE71A465B680BB1A342FAD9C4
:10BE300011685518A5420BD1246821445418A34217
:10BE40001160E0D11C685B68536021441160DAE73F
:10BE500002D90C230360D6E7256861198B4204BF21
:10BE600019685B68636004BF491921605460CAE7C0
:10BE700003B030BDC0450020F8B5CD1C25F003054A
:10BE800008350C2D38BF0C25002D064601DBA942D4
:10BE900003D90C2333600020F8BD00F033FC2149A6
:10BEA0000A6814469CB9204F3B6823B921463046A6
:10BEB00000F098FB38602946304600F093FB431CA5
:10BEC00023D10C233360304600F022FCE3E72368E3
:10BED0005B1B17D40B2B03D923601C44256004E0A3
:10BEE0006368A2420CBF0B605360304600F010FC48
:10BEF00004F10B00231D20F00700C21ACCD01B1A3E
:10BF0000A350C9E722466468CCE7C41C24F00304AC
:10BF1000A042E3D0211A304600F064FB0130DDD1AD
:10BF2000CFE700BFC0450020C44500202DE9F04FF9
:10BF30002DED028B8DB00C46DDF8608016461F4655
:10BF4000054600F0DBFBD0F800A05046DDF7EFFA25
:10BF500000230A9323680593D8F8003094F818B0AA
:10BF6000073323F0070303F10802C8F80020D3E9E0
:10BF70000023C4E91223D4E9128929F0004307936E
:10BF8000CDF8188008EE100A9F4BDDE906014FF04E
:10BF9000FF32C5F75BF988BBDDE906019A4B4FF02C
:10BFA000FF32C4F735FD48BB002200234046494616
:10BFB000C4F724FD10B12D2384F84330934B9448EB
:10BFC000BBF1470F94BF9846804603232361059B2E
:10BFD00023F0040222604FF00009009733460BAAB9
:10BFE000214628460AF09BFD013040F090804FF03A
:10BFF000FF300DB0BDEC028BBDE8F08F42464B46E2
:10C0000040464946C5F722F940B14B46002BBCBF1C
:10C010002D2384F843307F487F4BD1E763680BF0D2
:10C02000DF0206925A1C3FD106236360059B6168BC
:10C0300043F48062002303930AABCDE901B309AB5B
:10C0400049EC108B009322600DF1230328460AF07F
:10C05000C6FC069B0999472B804608D1C81C02DB09
:10C060006368994241DDABF1020B5FFA8BFBBBF1D8
:10C07000650F20D801395A4604F1500009910AF0A1
:10C0800010FD0A9A1318012A8146236102DC2268F6
:10C09000D20701D5013323619DF82330002B9CD0BA
:10C0A0002D2384F8433098E7069A472ABED1002B07
:10C0B000BCD10123B9E7BBF1660F18D10029636831
:10C0C0000BDD216113B92268D00702D501330B447F
:10C0D0002361A1654FF00009DEE713B92268D2079A
:10C0E00001D50233F4E70123F2E74FF0670B0A9B17
:10C0F000994205DB23682161D807EAD54B1CE7E7A5
:10C100000029D4BFC1F1020201221344E0E72368F1
:10C110005A0507D42369424631462846B8470130BC
:10C120002CD164E7BBF1650F40F2E080D4E9120145
:10C1300000220023C4F758FC002834D0374A0123DA
:10C1400031462846B84701303FF451AFDDE90923B5
:10C150009A4202DB2368D80710D518EE103A5246EF
:10C1600031462846B84701303FF441AF4FF0000850
:10C1700004F11A090A9B013B434509DC23689B072C
:10C1800000F10581E0680B9B9842B8BF184630E784
:10C1900001234A4631462846B84701303FF427AFCD
:10C1A00008F10108E6E7099B002B39DC1B4A012353
:10C1B00031462846B84701303FF419AFDDE909237D
:10C1C000134302D12368D907D8D518EE103A524646
:10C1D00031462846B84701303FF409AF4FF0000917
:10C1E00004F11A0A099B5B424B4501DC0A9B92E76A
:10C1F0000123524631462846B84701303FF4F7AE96
:10C2000009F10109EEE700BFFFFFEF7F2FC4040033
:10C2100033C404003BC4040037C40400D48B0400BE
:10C220000A9AA36D9A42A8BF1A46002A914637DCA3
:10C230004FF0000B29EAE97904F11A02A36D059386
:10C24000A3EB09035B4533DCDDE909239A423BDBC1
:10C250002368DA0738D40A9B059A09999A1AA3EB3E
:10C2600001099145A8BF9146B9F1000F35DC4FF0A7
:10C27000000829EAE97904F11A0ADDE909239B1A81
:10C28000A3EB090343457FF779AF012352463146BB
:10C290002846B84701303FF4AAAE08F10108ECE7A0
:10C2A0001346314642462846B8470130C0D19EE683
:10C2B0000123314628460592B84701303FF497AE36
:10C2C000059A0BF1010BB9E718EE103A52463146C8
:10C2D0002846B8470130BED189E6059A4B4642440C
:10C2E00031462846B8470130C1D180E60A9A012A72
:10C2F00001DCDB0738D50123424631462846B847E2
:10C3000001303FF474AE18EE103A524631462846DA
:10C31000B84701303FF46BAED4E91201002200238C
:10C32000C4F762FBD8B90A9B08F10102013B314610
:10C330002846B84701300ED159E60123524631460E
:10C340002846B84701303FF452AE08F101080A9B75
:10C35000013B4345F1DC4B4604F15002DCE64FF073
:10C36000000804F11A0AF2E701234246DFE701233D
:10C370004A4631462846B84701303FF438AE08F106
:10C380000108E3680B995B1A4345F0DCFAE64FF0CD
:10C39000000804F11909F4E72DE9FF470F7E0C9D11
:10C3A000782F914680460C469A4601F1430207D801
:10C3B000622F0AD8002F00F0D880582F00F0A380F9
:10C3C00004F1420584F842703AE0A7F16303152BAB
:10C3D000F6D801A151F823F031C4030045C403008D
:10C3E000C1C30300C1C30300C1C30300C1C3030031
:10C3F00045C40300C1C30300C1C30300C1C303009C
:10C40000C1C3030051C5030075C4030033C5030055
:10C41000C1C30300C1C3030073C50300C1C303004C
:10C4200075C40300C1C30300C1C303003BC50300BF
:10C430002B681A1D1B682A6004F1420584F84230FB
:10C440000123A3E020682968060601F104030AD548
:10C450000E682B60002E03DA2D23764284F84330D9
:10C460005E480A2319E00E682B6010F0400F18BFD9
:10C4700036B2EFE72B682068191D2960010601D547
:10C480001E6802E04606FBD51E8854486F2F0CBF7D
:10C4900008230A23002184F843106568A560002D55
:10C4A000A2BF216821F0040121600EB9002D4DD0FA
:10C4B0001546B6FBF3F103FB1167C75D05F8017D77
:10C4C0003746BB420E46F4D9082B0BD12368DE0752
:10C4D00008D5236961689942DEBF302305F8013C25
:10C4E00005F1FF35521B2261CDF800A04B4603AA8F
:10C4F000214640460AF013FB01304CD14FF0FF308B
:10C5000004B0BDE8F087354881F845702968236894
:10C5100051F8046B29601D0614D5DF0744BF43F0B2
:10C52000200323601EB9236823F020032360102317
:10C53000B0E7236843F0200323607823284884F879
:10C540004530E3E7590648BFB6B2E6E71546BBE714
:10C550002B6826686169181D286035061B6801D59F
:10C56000196002E07006FBD519800023236115468F
:10C57000BAE72B681A1D2A601D68626800212846E8
:10C58000C3F7BEFD08B1401B6060636823610023F0
:10C5900084F84330A8E723692A4649464046D047F5
:10C5A0000130ABD023689B0713D4E068039B98420B
:10C5B000B8BF1846A4E70123324649464046D04753
:10C5C00001309BD00135E36803995B1AAB42F2DC82
:10C5D000EBE7002504F11906F5E700BF3FC40400AE
:10C5E00050C4040038B5064D0023044608462B60AD
:10C5F000EDF7CCF9431C02D12B6803B1236038BDA1
:10C60000C84500202DE9F043364F86460D462846A2
:10C6100015F8014BE65D16F00806F8D12D2C2FD148
:10C620002C780126851C002B57D0102B09D1302CDB
:10C6300007D1287800F0DF00582849D16C78102302
:10C6400002354FF0FF380027B8FBF3F803FB08F979
:10C650006FEA09093846A4F1300CBCF1090F14D86F
:10C660006446A34222DD002F1DDB80451BD301D190
:10C67000A14518DB00FB0340012715F8014BEAE751
:10C680002B2C04BF2C78851CCDE7A4F1410CBCF108
:10C69000190F01D8373CE4E7A4F1610CBCF1190F84
:10C6A00004D8573CDDE74FF0FF37E6E7002F07DA05
:10C6B0002223CEF800304FF0FF3032B9BDE8F083CE
:10C6C00006B14042002AF9D007B1691E1160F5E7B2
:10C6D0003024002BB5D10823B3E7302CA9D00A238E
:10C6E000AFE700BF2FC3040013460A4601460248C5
:10C6F0000068FFF787BF00BF840A0020004870472A
:10C70000D80B00200148EDF787B900BF3013002097
:10C710000148EDF79FB900BF3013002070B5466A9D
:10C7200004460D4676B91020FFF752FB02466062C0
:10C7300020B9184B1848662100F008FBC0E90166D3
:10C740000660C660666AF36883B1636ADB6853F8A3
:10C750002500B8B9012101FA05F6721D92002046A4
:10C760000AF068FB60B1C0E901560EE02122042105
:10C7700020460AF05FFB636AF060DB68002BE4D1BF
:10C78000002070BD026843F825200023C0E9033370
:10C79000F7E700BF6EC404000AC5040070B5466A1E
:10C7A00005460C4676B91020FFF712FB0246686278
:10C7B00020B9094B09488A2100F0C8FAC0E901668E
:10C7C0000660C6603CB16B6A6268DB6853F8221091
:10C7D000216043F8224070BD6EC404000AC5040005
:10C7E0002DE9F0410D6907460C461E4601F1140C77
:10C7F0000020DCF8003099B202FB01611E0C0B0C2A
:10C8000002FB063389B2013001EB034185424CF84B
:10C81000041B4FEA1346ECDC0EB3A368AB4219DCF1
:10C82000616838460131FFF779FF804628B9024632
:10C830000C4B0D48B52100F089FA2269023204F14F
:10C840000C0192000C300AF098F821463846FFF7A8
:10C85000A5FF444604EB850301355E612561204652
:10C86000BDE8F081F9C404000AC5040010B50C4607
:10C870000121FFF753FF024628B9054B05484FF445
:10C88000A07100F063FA01234461036110BD00BF91
:10C89000F9C404000AC504002DE9F04F91460A6965
:10C8A000D9F810309A42B8BF0B460C46BCBF4C4674
:10C8B00099462769D9F810A0A368616807EB0A06B2
:10C8C000B34285B0B8BF0131FFF728FF30B9024647
:10C8D000444B454840F25D1100F038FA00F1140570
:10C8E00005EB86082B460022434521D304F11403AF
:10C8F00003EB870709F1140303EB8A0202923A1B48
:10C90000153A22F00302043204F115018F4238BFB8
:10C9100004220192029A03939A420CD8002E03DD5E
:10C9200058F8043D002B5AD0066105B0BDE8F08FE1
:10C9300043F8042BD8E7B3F800A0BAF1000F24D0D5
:10C9400004F1140EA9464FF0000C5EF8042BD9F840
:10C9500000101FFA82FB89B20AFB0B114FEA124B3F
:10C96000D9F8002061444FEA124C0AFB0BC202EBDB
:10C97000114289B241EA0241774549F8041B4FEA66
:10C98000124CE2D8019A45F802C0039AB2F802901C
:10C990000433B9F1000F20D0296804F1140CAE461D
:10C9A0004FF0000ABCF800B0BEF8022009FB0B22D1
:10C9B000924489B241EA0A414EF8041B5CF8042B08
:10C9C000BEF80010120C09FB021101EB1A41674579
:10C9D0004FEA114AE6D8019AA95004359AE7013E78
:10C9E0009CE700BFF9C404000AC504002DE9F84320
:10C9F000154612F0030206460F4607D0254C013AB1
:10CA0000002354F82220FFF7EBFE0746AD103DD07F
:10CA1000746A7CB91020FFF7DBF90246706228B90E
:10CA20001D4B1E484FF4D77100F090F9C0E9014446
:10CA30000460C460D6F82480D8F808404CB940F2AD
:10CA400071213046FFF712FF0023C8F808000446A2
:10CA500003604FF00009EB070AD5394622463046FD
:10CA6000FFF71AFF394680463046FFF797FE4746E4
:10CA70006D100BD0206838B9224621463046FFF7AA
:10CA80000BFF2060C0F800900446E4E73846BDE89C
:10CA9000F88300BF448504006EC404000AC5040086
:10CAA0002DE9F0470C464968236903EB6218A36837
:10CAB000074691464FEA621A08F10106B3420BDBC2
:10CAC0003846FFF72BFE054648B902462A4B2B484D
:10CAD00040F2D91100F03AF901315B00EEE7002392
:10CAE00000F1140100F110021846534537DB2069AC
:10CAF0002AEAEA7A04F1140319F01F0901EB8A010A
:10CB000003EB80002FD0C9F1200E8A464FF0000CB5
:10CB10001A6802FA09F242EA0C024AF8042B53F8A6
:10CB2000042B984222FA0EFCF2D8031B153B23F08B
:10CB30000303043304F11502904238BF042341F883
:10CB400003C0BCF1000F01D008F10206013E3846D7
:10CB50002E612146FFF722FE2846BDE8F08742F805
:10CB6000040F0133C1E7043953F8042B41F8042FB3
:10CB70009842F9D8EAE700BFF9C404000AC50400E6
:10CB80002DE9F84F0C4606461146204690460AF01D
:10CB900035F9051E10D129463046FFF7BFFD30B9E3
:10CBA0003A4B024640F23221394800F0CFF80123D7
:10CBB000C0E90435BDE8F88FA4BF4346A04630461F
:10CBC000D8F80410A6BF1C4600250125FFF7A6FDD6
:10CBD00020B92E4B02464FF41071E5E7D8F81070DB
:10CBE0002669C56004F1140908F1140500F1140E5A
:10CBF00005EB870C09EB860608F11002F2460021CE
:10CC000059F8043B52F804BF1FFA83F811FA8BF16C
:10CC10001B0CA1EB0808C3EB1B4303EB28431FFAD3
:10CC200088F819144E4548EA03434AF8043BE7D80C
:10CC3000331B153B23F0030304331534A64238BFDE
:10CC400004231D4473449E462E4666450ED30CF1C4
:10CC50000302521B22F00302033DAC4538BF002201
:10CC60001A4452F8043D7BB10761A3E756F8048BE0
:10CC700011FA88F2141404EB184492B242EA044206
:10CC80004EF8042B2114E0E7013FEAE7F9C4040061
:10CC90000AC504002DE9F7438946012157EC106BC2
:10CCA0009046FFF73BFD044630B90246254B264827
:10CCB00040F20A3100F04AF8C7F30A55C7F31303EC
:10CCC00035BB002E019328D0684600960AF067F81D
:10CCD000009900B3019AC0F1200302FA03F30B4359
:10CCE000C24063610192019BA361002B14BF022229
:10CCF00001222261D5B1A5F233450544C9F800509F
:10CD0000C0F13500C8F80000204603B0BDE8F0834C
:10CD100043F48013D5E76161E5E701A80AF03FF825
:10CD2000019B6361012222612030E3E704EB82036F
:10CD3000A0F23240C9F8000018690AF010F8C0EB00
:10CD40004210DFE7F9C404000AC504001FB5144609
:10CD50001A46094B1B680546D8684CB1074B009131
:10CD6000CDE9013406492B4600F00EF80AF0B9F877
:10CD7000044B1C46F3E700BF840A00207FC5040073
:10CD80008CC50400519204000EB403B5014603ABF8
:10CD9000054853F8042B0068019300F007F802B02F
:10CDA0005DF804EB03B07047840A00202DE9F04FD2
:10CDB0000D469DB014469846064618B183690BB9D6
:10CDC00000F0E8FA894B9D421BD175686B6ED9075C
:10CDD00005D4AB899A0502D4A86DECF71DFEAB898A
:10CDE0001B0701D52B69EBB92946304600F060F9E5
:10CDF000C0B16B6EDC070ED54FF0FF301DB0BDE843
:10CE0000F08F7B4B9D4201D1B568DFE7794B9D42A6
:10CE100008BFF568DAE7AB899805EDD4A86DECF7A3
:10CE200019FEE9E70023099320238DF82930CDF876
:10CE30000C803023DFF8C0818DF82A304FF00109D3
:10CE400023469A4613F8012B0AB1252AF9D1BAEBE9
:10CE5000040B0BD05B462246294630460AF022F8E6
:10CE6000013000F0AA80099A5A4409929AF80030D9
:10CE7000002B00F0A28000234FF0FF32CDE9052304
:10CE80000AF1010A049307938DF853301A9354461C
:10CE9000052214F8011B5848C3F732F9049AD8B98F
:10CEA000D10644BF20238DF85330130744BF2B23F2
:10CEB0008DF853309AF800302A2B15D0079A544633
:10CEC00000204FF00A0C214611F8013B303B092BA2
:10CED0004ED9B0B1079214E0A0EB080309FA03F3AE
:10CEE00013430493A246D2E7039B191D1B680391C9
:10CEF000002BBBBF5B4242F0020207930793B8BF0F
:10CF0000049223782E2B0CD163782A2B35D1039BE6
:10CF10001A1D1B680392002BB8BF4FF0FF33023479
:10CF20000593DFF8E4A0217803225046C3F7E8F820
:10CF300040B14023A0EB0A0003FA00F0049B034336
:10CF40000134049314F8011B2C488DF82810062294
:10CF5000C3F7D6F800283FD0294B1BBB039B0733F0
:10CF600023F0070308330393099B3B44099367E7C6
:10CF70000CFB02320C460120A5E700230134059387
:10CF800019464FF00A0C204610F8012B303A092AB6
:10CF900003D9002BC5D00591C3E70CFB0121044642
:10CFA0000123F0E703AB00932A46164B04A9304651
:10CFB000FEF7BCFF0746781CD6D16B6ED90705D4A7
:10CFC000AB899A0502D4A86DECF744FDAB895B06EA
:10CFD0003FF512AF099811E703AB00932A46094BBE
:10CFE00004A93046FFF7D8F9E4E700BF70850400D4
:10CFF0009085040050850400C3C50400CDC504001D
:10D000002DBF0300A56E0400C9C50400F8B50E4687
:10D010001446054618B183690BB900F0BBF9214BE2
:10D020009C422BD16C68A369A360A3891A072FD5F2
:10D0300023696BB323692068C01A6369F6B283421F
:10D04000374604DC2146284600F026F930BBA368A9
:10D05000013BA36023685A1C22601E706369013083
:10D06000834204D0A389DB0706D50A2E04D12146CA
:10D07000284600F011F988B93846F8BD0A4B9C42A1
:10D0800001D1AC68CFE7094B9C4208BFEC68CAE706
:10D090002146284600F00CF80028CBD04FF0FF378F
:10D0A000EAE700BF70850400908504005085040005
:10D0B000324B70B51D6806460C4625B1AB6913B9F5
:10D0C000284600F067F92E4B9C420FD16C68A3896B
:10D0D000B4F90C2019072CD4DD0611D409233360D0
:10D0E00042F04003A3814FF0FF303EE0254B9C42CD
:10D0F00001D1AC68EBE7244B9C4208BFEC68E6E743
:10D10000580712D5616B41B104F14403994202D032
:10D110003046FEF765FE00236363A38923F02403F2
:10D12000A3810023636023692360A38943F008037C
:10D13000A38123694BB9A38903F42073B3F5007F5E
:10D1400003D02146304600F0A3F9A089B4F90C20A1
:10D1500010F001030AD00023A36063695B42A3615E
:10D16000236943B910F08000BAD170BD810758BF60
:10D170006369A360F4E70020F7E700BF840A00209A
:10D180007085040090850400508504008A892DE98B
:10D19000F041054610070C4658D44B68002B05DCBF
:10D1A0000B6C002B02DC0020BDE8F081E66A002E4B
:10D1B000F9D0002312F480522F682B6032D0606DBA
:10D1C000A3895A0705D56368C01A636B0BB1236C3A
:10D1D000C01A00230246E66A216A2846B047431C6B
:10D1E000A38906D129681D292CD82A4ACA40D60706
:10D1F00028D500226260D9042269226004D5421C2D
:10D2000001D12B6803B96065616B2F600029CAD01A
:10D2100004F14403994202D02846FEF7E1FD0020C4
:10D220006063C1E7216A01232846B047411CC7D18A
:10D230002B68002BC4D01D2B01D0162B01D12F60E1
:10D24000B1E7A38943F04003A381ADE70F69002F45
:10D25000A9D093070E6808BF4B690F6018BF002361
:10D26000A6EB07088B60B8F1000F9CDD216AA66A67
:10D2700043463A462846B047002806DCA38943F0D7
:10D280004003A3814FF0FF308EE70744A8EB00086E
:10D29000E9E700BF0100402038B50B6905460C46A0
:10D2A00013B90025284638BD18B183690BB900F0C1
:10D2B00071F8144B9C421BD16C68B4F90C30002BF4
:10D2C000EFD0626ED00704D4990502D4A06DECF7BC
:10D2D000A3FB28462146FFF759FF636EDA07054690
:10D2E000E0D4A3899B05DDD4A06DECF7B3FBD9E7AF
:10D2F000054B9C4201D1AC68DFE7044B9C4208BF60
:10D30000EC68DAE77085040090850400508504001D
:10D31000002310B50446C0E90033C0E9043383603C
:10D3200081814366C2818361194608225C3009F01D
:10D3300045FB054B6362054BA362054BE362054B5E
:10D340002462236310BD00BF2D7004004F700400E1
:10D3500087700400AB700400014909F0DFBD00BF15
:10D3600099D203000148ECF757BB00BF44130020DB
:10D370000148ECF76FBB00BF441300200148ECF7F5
:10D380004BBB00BF581300200148ECF763BB00BF44
:10D390005813002010B50446FFF7F0FFA3691BB136
:10D3A000BDE81040FFF7F0BFC4E912332365134B0B
:10D3B000134A1B68A262A34204BF0123A361204653
:10D3C00000F020F86060204600F01CF8A0602046C5
:10D3D00000F018F80022E06004216068FFF798FF71
:10D3E000A06801220921FFF793FFE06802221221C1
:10D3F000FFF78EFF0123A361D2E700BF4085040041
:10D4000059D30300F8B50746FFF7ACFF1E4B1E6863
:10D41000B36913B93046FFF7BDFF4836D6E901348A
:10D42000013B03D533680BB33668F7E7B4F90C500A
:10D43000D5B9164BE36004F158006566ECF7BAFA0B
:10D44000FFF796FFC4E90155C4E904552560A561BD
:10D450000822294604F15C0009F0B0FAC4E90D5530
:10D46000C4E912552046F8BD6834D9E7042138468E
:10D4700009F03EFD044630600028D5D1FFF778FF63
:10D480000C233B60EEE700BF408504000100FFFF76
:10D490008B8973B59D0706460C4607D504F14703F3
:10D4A000236023610123636102B070BD01AB6A4652
:10D4B00009F053FD009905463046FEF7DDFC48B9FA
:10D4C000B4F90C309A05EFD423F0030343F00203C0
:10D4D000A381E3E70D4BB362A389206043F080038F
:10D4E000A381009B6361019B20615BB1B4F90E10C5
:10D4F000304600F05BF828B1A38923F0030343F022
:10D500000103A381A0890543A581CDE759D3030079
:10D51000024B0146186809F05FBD00BF840A002075
:10D5200038B5074D00230446084611462B6004F029
:10D530005FF8431C02D12B6803B1236038BD00BFE4
:10D54000C845002038B5074D04460846114600225C
:10D550002A601A4604F03EF8431C02D12B6803B13E
:10D56000236038BDC845002038B5064D0023044669
:10D5700008462B6004F032F8431C02D12B6803B13B
:10D58000236038BDC845002038B5074D0023044648
:10D59000084611462B6004F02FF8431C02D12B687B
:10D5A00003B1236038BD00BFC845002038B5064D23
:10D5B0000023044608462B6004F015F8431C02D1F2
:10D5C0002B6803B1236038BDC845002038B5074D2E
:10D5D00004460846114600222A601A4604F001F863
:10D5E000431C02D12B6803B1236038BDC84500201D
:10D5F00038B5074D04460846114600222A601A46EF
:10D6000003F0E4FF431C02D12B6803B1236038BD53
:10D61000C845002010B50C4C236813B10B4B1B6898
:10D620002BB900F089FE30B9084B01221A600123A2
:10D630002360002010BD0138062801D9044810BD20
:10D64000044B53F8200010BDCC450020D0450020ED
:10D65000FE8FFFFFB0850400BFF34F8F0549064BD7
:10D66000CA6802F4E0621343CB60BFF34F8F00BF80
:10D67000FDE700BF00ED00E00400FA0510B40A4B1E
:10D680000A490B4C4FF0FE32C3F800244968C3F836
:10D690000424C3F80824C3F80C240023C4F800357C
:10D6A0005DF8044B084700BF00B00250540C002046
:10D6B00000A00250D0E90012014BC3E900127047EC
:10D6C000540C00202DE9F041154C164E002818BFCF
:10D6D000044684B02368B3421ED00D4620464FF462
:10D6E000E071174600F0D6F8221D104604F58E783A
:10D6F000039200F00FFD4046CDF8088000F03AFBA1
:10D70000DDE90202084900972B4600F049FB00B909
:10D71000266004B0BDE8F081002004B0BDE8F081CF
:10D72000D4450020A5BCC95A95E1030070B50D4D44
:10D73000002818BF05461E4628680B4B984282B049
:10D740000DD105F58E70002500952B46144600F08E
:10D7500075FB002818BF2C46346002B070BD03482A
:10D76000FBE700BFD4450020A5BCC95AE88FFFFFE6
:10D7700010B5044630B16368DB0602D50023236090
:10D78000636010BD024B03485B689847F3E700BF36
:10D79000540C0020CC850400B0B1436893B1DB0683
:10D7A0000ED5012350E8002F194640E8001C9CF0DC
:10D7B000000FF7D1012AF5D0BFF35F8F002070472B
:10D7C00003487047034870476FF4E040704700BF5C
:10D7D000E98FFFFFEA8FFFFF68B143683BB1DB06CB
:10D7E00007D5BFF35F8F00230360184670470348D7
:10D7F0007047034870476FF4E0407047EA8FFFFFBF
:10D80000E98FFFFF10B5044620B1002211232260EA
:10D81000636010BD0148FFF731FFF6E7F4850400AF
:10D8200070B5D0E90023134C134D6360D0E902308A
:10D83000C4E902302260114B0868186048685860DB
:10D8400088689860D1E90301D8601961D5F818316A
:10D85000DB060DD50023C5E94533C5E96E3305F573
:10D860008A709047236805F5DC70BDE87040184762
:10D8700070BD00BF640C0020D4450020740C002053
:10D8800038B131B1014400220346013081421A709F
:10D89000FAD1704738B131B101440022034601305A
:10D8A00088421A70FAD170472DE9F04F2DED028BA6
:10D8B000B7B0B2F5C07F059000F24D8114460D4619
:10D8C0004FF4D0720021A54809F078F819A801F0AA
:10D8D000C7F9A2480023038263BA43822023294662
:10D8E000C37505462246183009F047F82B198022E7
:10D8F0001A769B4B0D9303F104330E9303F104331B
:10D900000F930DA903F1043319A8109301F0BEF988
:10D910000546002840F0F98004F119030DF12008B4
:10D92000069308EE108A11AB0493079318EE100AC1
:10D930001022002109F042F8DFF828A2069B00938C
:10D940001AF8080C1AF8073C1AF8102C9DF8205009
:10D950009DF828E09DF829C01AF8046C1AF80C1CF0
:10D960009DF824409DF82CB09DF82D706A408EEAF9
:10D97000000E009D9DF82A0001928CEA030C1AF813
:10D98000063C1AF80F2C102D80EA03002B468CBFA2
:10D99000103B6B1B00939DF821501AF8033C1AF8BA
:10D9A0000E9C1AF80A8C61405F4000246A408BEAA2
:10D9B000060B9DF825501AF8026C1AF80B3C0396DA
:10D9C00026466B406BF30706254667F30F262F4666
:10D9D00061F307070199029661F3070562F30F25CA
:10D9E0009DF822201AF80D1C63F30F2782EA09091B
:10D9F0009DF826309DF823206EF3070483EA08087B
:10DA00004A406CF30F241AF8091C9DF827309DF842
:10DA10002EC0039E1AF805EC8CEA060C029E68F3F1
:10DA200017476CF317461AF8018C9DF82FC08CEA43
:10DA3000080C6CF31F6669F317459DF82BC00B9615
:10DA400062F31F654B4060F3174408958CEA0E059E
:10DA500063F31F6765F31F6418EE103A18EE102A7F
:10DA6000012119A80AF1100ACDE9097401F028F979
:10DA700000286CD1009B002B7FF462AF079C102222
:10DA8000204618EE101A1034079408F076FF334A37
:10DA9000D3780133D37019AB9C4218EE108A7FF40F
:10DAA00045AF04998022184601F0F0F8054680BB86
:10DAB000059C04F1200615AB1A46012119A801F0B6
:10DAC000FFF81022054620BB204615A9103408F0A7
:10DAD00054FFB442EFD119A801F0D2F81F484FF417
:10DAE000D071FFF7D7FE04982021FFF7D3FE0DA8D1
:10DAF0001021FFF7CFFE40461021FFF7CBFE28464E
:10DB000037B0BDEC028BBDE8F08F11AB04930DF183
:10DB1000200819A801F0B4F810484FF4D071FFF7AD
:10DB2000B9FE04982021FFF7B5FE0DA81021FFF7DC
:10DB3000B1FE40461021FFF7ADFE05982021FFF70A
:10DB4000A9FE284637B0BDEC028BBDE8F08F18EE79
:10DB5000108A0546DDE76FF03705F2E7A44700209D
:10DB600000010203B44700202DE9F04188B00446CB
:10DB70000D4620220021684608F020FF04F120060F
:10DB80006F46E27B0132D2B2E273002A4DD1A27B12
:10DB90000132D2B2A273002A47D1637B0133DBB2D8
:10DBA0006373002B41D1237B0133DBB22373002B42
:10DBB0003BD1E37A0133DBB2E372002B35D1A37A98
:10DBC0000133DBB2A372002B2FD1637A0133DBB2B6
:10DBD000637253BB237A0133DBB223722BBBE3792D
:10DBE0000133DBB2E37103BBA3790133DBB2A37171
:10DBF000DBB963790133DBB26371B3B923790133E4
:10DC0000DBB223718BB9E3780133DBB2E37063B924
:10DC1000A3780133DBB2A3703BB963780133DBB285
:10DC2000637013B92378013323703B4622460121E8
:10DC3000304601F045F8804650BB103708AB9F4294
:10DC40009FD1009A2B68069953400093019A6B6804
:10DC500053400193029AAB6853400293039AEB68D6
:10DC600053400393049A2B6953400493059A6B69BC
:10DC70005340AA6905934A40EB690692079A3046D9
:10DC8000534069468022079301F000F8804638B17E
:10DC900068462021FFF7FEFD404608B0BDE8F08150
:10DCA00010220DEB0201204608F067FEF0E700BFEE
:10DCB0002DE9F84304468069B0F5C07F52D81D466F
:10DCC000C0F5C073AB424DD3C5F5C073181A90426E
:10DCD000164647D3DFF898904FF4C0720F46484677
:10DCE000002108F06BFED4F89430A269D4F89800B3
:10DCF00049469847002838D1D4F818803DB1D4E976
:10DD000025302A4609EB0801984770BBA84407B1A3
:10DD1000C6B9174942460846FFF7C6FD054638B161
:10DD200013484FF4C071FFF7B5FD2846BDE8F883EE
:10DD30000F492046FFF718FF05460028F0D10123C0
:10DD40002361EDE709EB08003946324608F015FE7D
:10DD50000749B04442460846FFF7A6FD054600289D
:10DD6000DED1E5E76FF03705DFE76FF03305DCE77D
:10DD70004449002010B5A4220446002108F01EFEEC
:10DD8000064B4FF0FF314FF6F0722161E26104F172
:10DD90009C001B68BDE81040184700BFB80C00206D
:10DDA0002DE9F04387B005460F46164600211022A4
:10DDB00002A8994608F002FE1E4B05F19C081B685C
:10DDC0004046984720B10446204607B0BDE8F0839E
:10DDD00005F12000019000F043FFC5E92576AE690A
:10DDE00001982B69E6B92022002BAA611FDB1E4691
:10DDF00002A9802200F04AFF044630B90E9A334649
:10DE000049462846FFF754FF04460B4B40461B6823
:10DE10009847002818BF0446204607B0BDE8F083A5
:10DE2000002BE4DA172E02D801367608E0E7002648
:10DE3000DEE700BFBC0C0020C00C00202DE9F04F35
:10DE40008DB0B2F5806F169F00F2E380B7F5807F4A
:10DE500000F2DC80044615460E462022002104A86C
:10DE6000994608F0ABFD6C4B04F19C081B684046DA
:10DE700098478346002840F092802269E3699A42DD
:10DE800000F391806369002B40F08D80002F40F0FB
:10DE9000A980DFF88891EA46002D00F0988004F10F
:10DEA0002007EA460EE0102DAB4628BF4FF0100BBE
:10DEB00030465A46514608F060FDB5EB0B055E440E
:10DEC00000F08580E07B0130C0B2E07300284DD1C6
:10DED000A37B0133DBB2A373002B47D1637B0133F8
:10DEE000DBB26373002B41D1237B0133DBB223739D
:10DEF000002B3BD1E37A0133DBB2E372002B35D147
:10DF0000A37A0133DBB2A372002B2FD1637A0133E2
:10DF1000DBB2637253BB237A0133DBB223722BBBB8
:10DF2000E3790133DBB2E37103BBA3790133DBB2E5
:10DF3000A371DBB963790133DBB26371B3B92379C0
:10DF40000133DBB223718BB9E3780133DBB2E370C9
:10DF500063B9A3780133DBB2A3703BB963780133B3
:10DF6000DBB2637013B92378013323705346224622
:10DF70000121384600F0A4FE8346002893D0D9F84A
:10DF80000030404698472021034604A8002B18BFC4
:10DF90009B46FFF77FFC10215046FFF77BFC58465D
:10DFA0000DB0BDE8F08F49463A4600232046FFF702
:10DFB0007FFEDFF8689000283FF46DAFD9F800309D
:10DFC00040469847834600283FF465AFE7E704A939
:10DFD0002046FFF7C9FD83460028D0D123690133CD
:10DFE0002361CCE73A46494604A8FFF75DFC834627
:10DFF00018B1DFF82890EA46C1E704A92046FFF7E8
:10E00000B3FD834600283FF444AFF2E76FF0370BCF
:10E01000C5E76FF0350BC2E7BC0C0020C00C002038
:10E020002DE9F043202B8BB01D46064688469146CD
:10E0300026D8DBB202AF31688DF804808DF8053048
:10E0400006F1040821B9404600F07EFE044640B9BE
:10E0500001233360022201A9404600F089FE0446F4
:10E0600038B138462021FFF715FC20460BB0BDE83B
:10E07000F0832A464946404600F07AFE0446F0E71F
:10E0800002AF1946104600233A4600F0FDFF044651
:10E090000028E6D12023B9461D46CCE7F0B5D0F8DC
:10E0A000F830A7B0002BD8BF02AE2CDDD0F80C4161
:10E0B0000546002302AE0193A4F10107D0F8000148
:10E0C000D5F8FC4001AB90223146A047B7FA87F75C
:10E0D0007F09044610B9019B3BB9A7B13046902196
:10E0E000FFF7D8FB204627B0F0BD01463246284650
:10E0F000FFF796FF50B9D5F80431019A1344C5F8DB
:10E100000431002FEAD16FF03C04E7E704462046D3
:10E1100027B0F0BD70B50025044614222946C0F88A
:10E12000F850FC3008F04AFC164B04F588761B6862
:10E1300030469847204640F8045B00F0EBFD124B58
:10E1400030461B689847D8B9D4F8F830AB4211DC98
:10E1500003EB830204EB82022021C2F808110121A3
:10E16000C2F80C1101330949C2F80001C2F8FC10D1
:10E17000C4F8F830064B30461B68BDE870401847BD
:10E1800070BD00BFB80C0020BC0C002065EB030084
:10E19000C00C00202DE9F047202A88B076D83D4BEE
:10E1A00000F588791B680446484617468846984714
:10E1B0000546A0BBD4F8F83040F2011601E0013E5C
:10E1C00060D020467BB3FFF769FF054668BBD4F8F3
:10E1D000F830002BF3DDD4E941029042EFD3D4F8BC
:10E1E0000C21012AEBD11F28E9D96E4629462022AD
:10E1F000304604F1040A08F0E1FB3146504600F0D5
:10E20000E1FD054698B120213046FFF743FB224B44
:10E2100048461B689847002818BF6FF01D05284620
:10E2200008B0BDE8F0876FF03F056E46EBE750465B
:10E2300000F084FD504600F06DFD2946504600F088
:10E2400083FD05460028DED150462022314600F0ED
:10E250008FFD05460028D6D10346324620213046A0
:10E2600000F012FF05460028CDD1D4F8F830002B7D
:10E27000C4BF0023C4F804313A464046314608F092
:10E280007CFBC0E76FF03B056E46BCE76FF03B05DB
:10E29000C5E700BFBC0C0020C00C002030B58DB01D
:10E2A0000021282202A8019108F088FB02A800F0B2
:10E2B00013FF044610B120460DB030BD184D4FF08D
:10E2C000FF31286800F03AF90446C0B9002000F098
:10E2D00065F900BB134A02A901A800F035FC044609
:10E2E000012000F05BF990B9286800F02FF90028B0
:10E2F000E1D00D48FFF7C2F920460DB030BD0B4804
:10E30000FFF7BCF9012C08BF0524EDD0DEE7084873
:10E31000FFF7B4F9E8E70748FFF7B0F9DAE700BF1D
:10E32000B40C00202C4B00207086040018860400DA
:10E33000508604003086040010B582B000F050F81A
:10E3400028B100F09FF80324204602B010BD00F071
:10E350006BF8D8B900F022F9E0B91E4CD4F828398E
:10E360001B0EF02B0AD1D4F8242A1B4B9A4229D039
:10E3700000F038F8072400F085F8E5E700F032F8FF
:10E3800000F080F80624204602B010BD0424204688
:10E3900002B010BD00F026F800F074F8FFF77EFF21
:10E3A000044658B902460146FFF78CF930B90B49CB
:10E3B00001AB6822FFF7BAF90028C5D00524204632
:10E3C00002B010BD012000F0E9F80028E2D1C4F845
:10E3D0000C0AE3E700B002500000E020C44A00202D
:10E3E0000020704700207047430504D5044B4FF0D0
:10E3F000FF32C3F80821024BC3F8080A704700BF78
:10E4000000B00250014BC3F8040A704700B002503C
:10E4100008B100F06BB84FF47500704708B100F018
:10E420004FB84FF47500704710B5114800F072F8FE
:10E4300000B110BD0F4800F06DF80028F9D10E4C66
:10E44000204600F067F80028F3D10C4B0C481C6004
:10E4500000F060F801460028EBD100F02DF80446EA
:10E4600008B1204610BD00F07BF82046FAE700BF57
:10E47000B00C0020A40C0020AC0C0020B40C002038
:10E48000A80C002008B5084800F04EF8074800F036
:10E490004BF8074800F048F8064800F045F8BDE89A
:10E4A000084000F00BB800BFB00C0020A40C002006
:10E4B000AC0C0020A80C002000207047704700BF63
:10E4C00010B4094C0246D4F8003A1342FBD021B1F3
:10E4D000D4F804310B60C4F80831034BC3F8082AA0
:10E4E00000205DF8044B704700B00250044AD2F897
:10E4F000003A1842FBD0C2F8080A0020704700BF5B
:10E5000000B0025008F04EBD08F058BA0A4600218B
:10E5100008F054BA08B5034B02681B6810689847A6
:10E52000002008BD640C002008B5034B02685B683E
:10E5300010689847002008BD640C0020024B026858
:10E540009B681068184700BF640C002008B5034B97
:10E550000268DB6810689847002008BD640C002042
:10E5600070B5094C094D2069AB68984718B1084B44
:10E5700008485B689847084AEB68206900211160E9
:10E58000BDE87040184700BF740C0020640C0020E8
:10E59000540C0020888604004C4D002070B51B4DA3
:10E5A0001B4E0446B26828699047F8B95CB1194C13
:10E5B0002368B3B1012B1BD0013B23602869F368AA
:10E5C0009847002070BD134C216841B9124B0122BD
:10E5D000C3F80025114AD2F81039002BFBD10131C4
:10E5E0002160F36828699847002070BD0C4870BD11
:10E5F0000A4AD2F81039002BFBD1074A6FF07E404F
:10E60000C2F80035FFF7FEFE2368D5E7740C002042
:10E61000640C00204C4D002000A0025000B00250BD
:10E62000E98FFFFF014B1B68184700BF640C0020F7
:10E63000014B9B68184700BF640C0020014BDB684E
:10E64000184700BF640C0020002800F084802DE9EA
:10E65000F0430C4683B0002978D01D46002B75D0BE
:10E6600007461AB1012200232A6003602B68002BA1
:10E6700067D02946204600F0EDFD0346002861D111
:10E680002868214600F0C8FD034600285AD12A68B0
:10E69000082A72D0042A73D0A2F10208B8FA88F8C6
:10E6A0004FEA5818384E0120C6F8C401C6F8400198
:10E6B000C6F8C401626AC6F83021D6F830118A4221
:10E6C000F6D14FF0000901934FF0FF30C6F82C91BE
:10E6D000FFF78AFE6FF01B02C6F800214846FFF7DD
:10E6E00091FEC6F80C81D6F8040A40F48060FFF76A
:10E6F00089FE0A22C6F838210A9B012B019B2DD0E6
:10E7000022692249A1FB02121209616A01FB02F28D
:10E7100002EB42021C49D2039209C1F8D82101221E
:10E72000C1F82C213A68296822F07F4242EA01624E
:10E730003A602968184642EA01223A6003B0BDE80F
:10E74000F083134B184603B0BDE8F083114B184615
:10E7500003B0BDE8F0830F4B184670474FF080526E
:10E76000D2F80C1C013106D0D2F80C2C0749A1FBC1
:10E7700002121209C9E71622C7E74FF0030891E712
:10E780004FF002088EE700BF00B00250ABAAAAAA61
:10E79000310CF100350CF10070B5C90000244E1E9B
:10E7A0004FF0010C2546A64608E09E4515D00125F0
:10E7B000B44517D801340CF1010C9E46630904F0EE
:10E7C0001F0150F823301F2923FA01F318BF03F06B
:10E7D0000103002CE9D10125ECE701359542E7D191
:10E7E000014870BD002070BD360CF10000283FD0FC
:10E7F0002DE9F0414C1EB4F5047F28D23BB332B36F
:10E800004FF0000ECF0076467546744603F1FF3890
:10E81000610904F01F0C50F82110BCF11F0F21FA00
:10E820000CF118BF01F00101A4B1AB4218D08E4227
:10E8300008BF0EF1010EA84515D00135314601344F
:10E84000BC4201D00E46E3E70020BDE8F081094854
:10E85000BDE8F0814FF0010E744675460E46D7E7CD
:10E860000125AE46EBE77245F1D331461D46E6E79A
:10E8700000487047370CF1002DE9F04F91B00D467C
:10E88000DDE91B41814600294CD1286906901A9880
:10E890001C6000230360002A00F024819D4B6A6AFB
:10E8A000D3F83811D3F830319A4247D10A2945D1EB
:10E8B00099F80330089304F10803069A0793964BDE
:10E8C000944CA3FB02139B0803EB4303A2EB43030B
:10E8D0000393042305931A9B069E1E60002E33D0DB
:10E8E000DDF81C8000274FF0010A00F0C3FC002374
:10E8F0000993B9F1000F00F0DF80002D00F0DC80FB
:10E90000089BEBB108A9284600F0A4FC00283ED0E3
:10E91000824B984218D1039000F0ACFC039811B0E0
:10E92000BDE8F08F4FF08050D0F80C6C013614BF6A
:10E93000D0F80C0C4FF404700690A8E77848EAE78A
:10E940007848764B9842E6D0089B082B00F0C880A8
:10E950005B0000220893009208AB29464846FFF767
:10E9600073FE704B984200F0B7800028D3D1D9F8DD
:10E970000020130A03F47F03134323F07F43C9F8F5
:10E980000030059B013B0593A5D10020C3E7089803
:10E99000294600F041FC0028BAD1089B082B00F062
:10E9A0009580042B00F09580A3F10203B3FA83F362
:10E9B0005B090493C4F8C4A1C4F840A1C4F8C4A17D
:10E9C0006B6AC4F83031D4F830219342F6D14FF05D
:10E9D000000BC4F82CB14FF0FF30FFF705FD6FF0CE
:10E9E0001B035846C4F80031FFF70CFD049BC4F824
:10E9F0000C31D4F8040A40F48060FFF703FD0A23C9
:10EA0000C4F838312B69ABF1553BABFB03236A6A81
:10EA10001B0902FB03F303EB4303DB039B09C4F86D
:10EA2000D831C4F82CA10899D9F800200B0222F0A3
:10EA30007F4243EA01631343C9F8003009A800F09C
:10EA4000DBFB099B03F01A0303437FF47DAFABFBB1
:10EA5000063BD4F814310A93D4F818310B93D4F848
:10EA60001C310C93D4F820310D93D4F824310E933B
:10EA7000D4F828310F93B7EB9B0F01D1039BEBB96F
:10EA8000404618220AA9183E08F11808FFF73AFD77
:10EA90000137002E7FF429AF069BB3F5047F36D8EB
:10EAA000079E6A69194630461F46FFF775FE20B378
:10EAB0001A9A002313602BE71B4829E740461A46A1
:10EAC0000AA9F61A9844FFF71DFDE1E70323049312
:10EAD00070E7022304936DE72B6A002B3FF41BAF12
:10EAE000124818E7009108AB012229464846FFF773
:10EAF000ABFD00283FF4DFAE0DE7AA694FF4806359
:10EB000039463046FFF772FE0028D1D13DE71A9B07
:10EB10001E6019E700B00250ABAAAAAA020CF100CD
:10EB2000300CF100310CF100350CF100320CF10029
:10EB300010B4DDE901340194039C02940024039491
:10EB40005DF8044BFFF798BE10B586B005AB012405
:10EB5000CDE901240093002204ABFFF78DFE06B03F
:10EB600010BD00BFF0B589B00592002964D01C46E5
:10EB7000002B61D01546002A5ED0314F0E46386812
:10EB80004FF0FF31FFF7DAFC00284BD10020FFF7F0
:10EB900005FD002842D12B4800F09EFAD8B1012093
:10EBA0004FF0FF36FFF7FAFC002833D126484FF428
:10EBB0000871FEF765FE25480421FEF761FE214835
:10EBC0002821FEF75DFE3868FFF7C0FC00282DD134
:10EBD000304609B0F0BD1C4B029307AB03900246D0
:10EBE000009318491948019405ABFFF7A1FF0346AC
:10EBF0000028D4D12268AA42D1D3079930460831DF
:10EC00002A461E46FFF77EFC25600120FFF7C6FC62
:10EC10000028CBD00E48FEF731FDC7E70D48FEF7C0
:10EC20002DFDB8E70C48FEF729FDAFE70B48FEF7CE
:10EC300025FD304609B0F0BD4FF0FF36C8E700BFF4
:10EC4000B40C0020744F0020544D0020504D002083
:10EC5000508604003086040018860400A88604004C
:10EC600010B5044630B100220123C4E91522C4E9DD
:10EC7000173310BD0148FEF701FDF4E7C08604001C
:10EC800018B174220021FFF73FBC704790B1A1B1C9
:10EC900010B5802A4FF00004846380F83C4006D110
:10ECA000102204631044FFF72DFC204610BD6FF0C6
:10ECB0001F0010BD6FF0210070476FF01F007047FC
:10ECC00028B322B31BB3012921D870B50446816B48
:10ECD00086B017D0012917D1102500210DEB0506AC
:10ECE000616310460095019602AA294600F0CEFA0B
:10ECF00050B92B46324602A9204600F037FD18B91C
:10ED000006B070BD0029E7D06FF02100F8E76FF082
:10ED10002100704710B5044628B12046F421BDE813
:10ED20001040FFF7F3BB0448FEF7A8FC2046F4218F
:10ED3000BDE81040FFF7EABBD486040010B1F4210F
:10ED4000FEF79EBD704700BF08B561B1012907D12C
:10ED5000022100F05BF8002818BF6FF0360008BDF4
:10ED60006FF0360008BD012100F050F8F3E700BF56
:10ED700030B505468818B0F5801FA1B00B46144683
:10ED800001D8802A0CD9B3F5801F17D9224619461D
:10ED9000284600F07DF8044684B9204621B030BDF5
:10EDA0006846FFF7AFFB22466946284600F070F838
:10EDB000802104466846FFF7A9FBEDE76FF03604B3
:10EDC000EBE700BF70B5E8B10E46D9B1044600F0DC
:10EDD00031F80546B0B92368012B0BD0022B01D0C6
:10EDE000284670BD1C2204F108013046FFF78AFB5B
:10EDF000284670BD202204F108013046FFF782FB4F
:10EE0000284670BD6FF03605EAE700BF78B138B527
:10EE100004460D46F021FFF779FB40232560E365AA
:10EE2000204600F067FA003818BF012038BD0120E5
:10EE3000704700BF70B5056EA4B0044604AEE5B9D6
:10EE40000122002362603046CDE9003302AA294640
:10EE500000F01CFA10B1012024B070BD2A4602A9AE
:10EE6000204600F071FA0028F5D1204600F082FB20
:10EE70000028F0D1206624B070BD802D2A4600F114
:10EE8000640128BF80223046FFF73CFB256ED7E7A0
:10EE9000002800F0D9802DE9F04F1746A5B0002AD0
:10EEA00000F0A8800C46002950D0B2F5803F0546FE
:10EEB0002CD34FF6FF7AA2F57F47006E01EB0A09CB
:10EEC000FF3F05F1640BEA6D141AA9F57F46B4FB08
:10EED000F2F302FB1344FF3E002C5FD182424FF657
:10EEE000FF746CD0B4FBF2F802FB08F8B8F1000F25
:10EEF00030D1002C45D1A7F57F43B7F5803F4C4674
:10EF0000A3F1FF03D14402D31F46DCE7006EEA6D94
:10EF1000161AB6FBF2F302FB1366BE4228BF3E464A
:10EF2000002E40F08380904200F09080B7FBF2F614
:10EF300002FB06F6002E6AD00023CDE9003302AAB8
:10EF40003146204600F0A2F9002857D0012025B014
:10EF5000BDE8F08F0023CDE9003302AA41463046D8
:10EF600000F094F90028F1D102A94246284600F0A9
:10EF7000EBF90028EAD1A4EB0804286E4644002CE3
:10EF8000B9D01930314605EB80002246FFF7BAFAB6
:10EF9000286E2044A7F57F432866AEE7544528BF76
:10EFA0005446224631465844FFF7ACFA286EEA6DC3
:10EFB0002044824226442866AAEB040492D1802A87
:10EFC00028BF8022594604A8FFF79CFA0023CDE908
:10EFD000003302AAE96D04A800F058F90028B5D161
:10EFE000EA6D02A9284600F0AFF90028AED1EA6D1B
:10EFF000286677E7384625B0BDE8F08F02A932468B
:10F00000284600F0A1F90028A0D13444BF1B002FEE
:10F01000F0D02B6E193305EB83003A462146FFF7FB
:10F0200071FA2B6E3B4400202B6690E705F16403D8
:10F03000214632461844FFF765FA286EEA6D3044DF
:10F04000BF1B344428666EE701207047802A28BF22
:10F05000802205F1640104A8FFF754FA0023CDE9EA
:10F06000003304A8E96D02AA00F010F900287FF42B
:10F070006DAFEA6D02A9284600F066F900287FF41A
:10F0800065AFEA6D286651E7F8B51C46054611489C
:10F090000E461746FFF73EFE21460E48FFF754FE88
:10F0A000044620B10B48FFF749FE2046F8BD094849
:10F0B00032462946FFF75CFE04460028F2D1394665
:10F0C0000448FFF77FFE04460248FFF737FE20465C
:10F0D000F8BD00BF9C4F002030B583B01C2301A9B0
:10F0E0000446019300F034F8054638B9019B1C2B07
:10F0F00007D0154D1C212046FFF708FA284603B01B
:10F1000030BDD4E900320121003BE16118BF012389
:10F110000AB143F00203A26832B9E26842B9C4E915
:10F1200008327BB9094DE5E7E26843F004033AB1E0
:10F1300043F0080300222846C4E9083203B030BD7A
:10F14000C4E908321546D9E7370CF0000E0CF00080
:10F1500018B111B10B681C2B01D0012070474FF082
:10F160008053D3F8102C013214BFD3F8102C41F285
:10F170005C224FF080530260D3F8142C013214BF8C
:10F18000D3F8142C41F664124FF080534260D3F848
:10F19000182C013214BFD3F8182C40F6D8624FF067
:10F1A00080538260D3F81C2C013214BFD3F81C2C7E
:10F1B00041F288324FF08053C260D3F8002C013204
:10F1C00014BFD3F8002C90224FF080530261D3F883
:10F1D000042C013214BFD3F8042C51224FF0805379
:10F1E0004261D3F8082C013214BFD3F8083C40F236
:10F1F000373383610020704708B501464FF48060C3
:10F20000FFF70CF9034B0022C3F8C821C3F82C21E7
:10F2100008BD00BF00B002500138072805D8DFE85C
:10F2200000F0120E040A0404040609487047CB6873
:10F230004B62002070478B684B62002070474B6820
:10F240004B62002070470B684B620020704700BF84
:10F25000310CF1000B6802E0082B0B6006D8026A43
:10F2600013424FEA4303F7D000207047004870472D
:10F27000310CF100044B0022C3F82C214FF48060C4
:10F28000C3F8C421FFF7B0B800B00250F0B583B0A6
:10F290001D46B0F1005F4FF000038DF8073024D316
:10F2A0008C468444BCF1804F04461ED817460DF1AD
:10F2B0000703012200F052FE0646B0B9099A9DF8F4
:10F2C00007303C603B7192B14DB1024608990DF197
:10F2D0000703284600F042FE38B99DF80730099A26
:10F2E00030461560137103B0F0BD4FF4750630461B
:10F2F00003B0F0BDE8B110B50468012C04D0022CB5
:10F3000010D044B10C4810BD0C4920220830FFF742
:10F31000F9F8002010BD0A4914220830FFF7F2F86E
:10F32000204610BD074920220830FFF7EBF80020E7
:10F3300010BD4FF4730070470100F30018870400FC
:10F34000E4860400F88604002DE9F843002900F063
:10F35000F9800446002800F0F980036890460F46C3
:10F36000002B00F0C380013B012B00F2D7807948CD
:10F370004FF0FF314FF00209FFF7E0F8002840F0AE
:10F38000BF800020FFF70AF90646002840F0C2803F
:10F39000714AD2F81C39002BFBD16F4DD5F8203CB7
:10F3A000002BFBD14FF0FF30FFF71EF8D5F8040A11
:10F3B00020F04000FFF726F801230722C5F818388F
:10F3C000C5F80029C5F8C437A36CC5F8CC37E36C81
:10F3D000C5F8D037C5F8C09723685BB1013B012B56
:10F3E00018D8636AC5F85C36236AC5F85836E369ED
:10F3F000C5F85436584BA269C3F850266269C3F861
:10F400004C262269C3F84826E268C3F84426A2685D
:10F41000C3F84026504AD2F81039002BFBD1B8F17E
:10F42000000F5FD06368012B08BFC2F884364A4BD7
:10F430003A68C3F8282C4020C3F82C8CFEF7E8FF6C
:10F440000646454AD2F81039002BFBD1424AD2F881
:10F45000203C002BFBD123685BB1013B012B18D86A
:10F46000D2F85C366362D2F858362362D2F854364A
:10F47000E361394BD3F85026A261D3F84C26626180
:10F48000D3F848262261D3F84426E260D3F8403608
:10F49000A360314AD2F8CC17A164D2F8D017E16446
:10F4A00000230121C2F8C417C2F88436C2F8C83755
:10F4B000D2F81039002BFBD1C2F81838002E3BD1FE
:10F4C000254BD3F8040A40F04000FEF79BFF0120D3
:10F4D000FFF764F860BB1F48FFF738F810BB3046F1
:10F4E000BDE8F8830423C2F8C837AAE719484FF0EB
:10F4F000FF314FF00109FFF721F800283FF441AF39
:10F500001648FEF7BBF80020FFF748F8064600282B
:10F510003FF43EAF1248FEF7B1F839E7114E3046DE
:10F52000BDE8F8831048FEF7A9F83046BDE8F88337
:10F530000E48FEF7A3F8CEE7102104F10800FEF70D
:10F54000E5FFBDE70A4E3046BDE8F8834FF4730689
:10F55000C5E700BFB00C002000B0025018860400C0
:10F56000308604000100F300708604005086040019
:10F570000300F30098B370B4D0E90241D0E904234A
:10F5800026BA0DBA14BA19BAD0E9062312BAC0E9DC
:10F5900004418261D0E90842C0E902651BBA25BA7C
:10F5A000C0E9073514BAD0E90B23816A12BA09BA47
:10F5B000C0E90941C262D0E90D421BBA25BAC0E9CF
:10F5C0000C3514BAD0E91023C16B12BA09BA1BBAB0
:10F5D000C0E90E41C0E91023002070BC70474FF411
:10F5E00073007047002846D090F83C30002B33D091
:10F5F000032B10B513D02148214C2268214B1268EF
:10F60000C3F8002422685268C3F804242268926870
:10F61000C3F808242268D268C3F80C2410BD016B1B
:10F62000006C174C00F098FB0028E6D12268154BBF
:10F630001268C3F8002422685268C3F804242268C0
:10F640009268C3F808242268D268C3F80C2400F03A
:10F650008FFB0028D1D110BD0A4A0169C2F80014FD
:10F660004169C2F804148169C2F80814C169C2F87A
:10F670000C14184670474FF4710070470900F100F0
:10F68000A00C002000B00250374A38B50446D2F82A
:10F690001039002BFBD1344AD2F87034002BFBD147
:10F6A000314AD2F8203D002BFBD12F4AD2F8203C22
:10F6B000002BFBD12C4AD2F8383D002BFBD12A4D30
:10F6C000D5F8383C002BFBD14FF0FF30FEF78CFE15
:10F6D000636BD5F8040A23F00403032BE36D39D0E0
:10F6E000012B0CBF20F0800020F02000FEF78AFEE6
:10F6F0001D4A0123C2F80039D2F81039002BFBD182
:10F70000194AD2F87034002BFBD11749C2F8BC3427
:10F71000D1F81039002BFBD1134AD2F87034002BEA
:10F72000FBD1626B22F00401032918BFA36B0E49C1
:10F730004FEA820218BF03F0010302F01C021343D8
:10F74000C1F8C034636B072B04BF0123C1F87C34BC
:10F75000002038BD012B0CBF20F0400020F010002D
:10F76000FEF750FEC4E700BF00B002502DE9F04F95
:10F7700085B0002900F0A6809046002A00F0A28003
:10F780000546002800F03F819946C36D0E46002BC8
:10F7900051D1B9F5805F53D295F83C30042B00F07D
:10F7A00015810027A8484FF0FF31FEF7C7FE00285B
:10F7B00040F0EB800020FEF7F1FE002840F0EE80E4
:10F7C000A2480123C0F81038D0F81049002CFBD112
:10F7D0006B6B032B39DC002B3ADA9D4C9B4AD2F839
:10F7E0001039002BFBD1002F40F0E7806B6B23F02A
:10F7F0000403032BEB6D59D0012B944BD3F8040A6F
:10F800000CBF40F0800040F02000FEF7FBFD8F4B66
:10F810000022C3F810280120FEF7C0FE002840F0A7
:10F82000C8808948FEF792FE002840F0BB80204641
:10F8300005B0BDE8F08F012BAED1B9F5803FABD359
:10F84000844C204605B0BDE8F08F063B012BC4D8A0
:10F85000AB6B012B00F2D580EB6D012B37D82B6EF3
:10F86000012B00F226812846FFF70EFF04460028F0
:10F87000B4D12846FFF7B6FE04460028AED16B6B24
:10F88000072BAAD801A252F823F000BFEFF803001B
:10F89000D3F8030079FA0300D3F80300DBF7030081
:10F8A000DBF7030079FA0300D3F80300012B674B61
:10F8B000D3F8040A0CBF40F0400040F01000FEF7FF
:10F8C000A1FDA4E7644C204605B0BDE8F08F634C71
:10F8D00084E75E4B2A68C3F840246A68C3F844246E
:10F8E000AA68C3F84824EA68C3F84C246B6B3268F2
:10F8F00023F00403032B0DD02B6ED8F80010012B3E
:10F90000524B0BBFC3F8281DC3F8301DC3F82C9D04
:10F91000C3F8349DEB6D012B4C4B0BBFC3F8282C67
:10F92000C3F8302CC3F82C9CC3F8349C6B6B23F0C9
:10F930000403032B6AD02B6E012B0CBF80202020E8
:10F94000FEF766FD044600287FF448AF3F4BD3F82E
:10F950001049002CFBD16B6B013B062B12D8DFE862
:10F9600003F0049A0411119A0400384BD3F8402490
:10F970002A60D3F844246A60D3F84824AA60D3F8F4
:10F980004C34EB600123AB6528E73548FDF776FE84
:10F990000020FEF703FE00283FF412AF3148FDF7C8
:10F9A0006DFE0DE73048FDF769FE204605B0BDE865
:10F9B000F08F2E48FDF762FE33E7042385F83C30D4
:10F9C000202105F11000FEF7A1FD0FE7296B286C3F
:10F9D00000F0B6F998B9264F1C4C3B681B68C4F878
:10F9E00000343B685B68C4F804343B689B68C4F827
:10F9F00008343B68DB68C4F80C34296B61B101271B
:10FA0000D0E61C4CEAE64FF4710410E7EB6D012BD5
:10FA10000CBF4020102093E72B6D0193EB6C0093FB
:10FA200005F1100A4FF0100BCDF808A0CDF80CB07E
:10FA3000D5E91123286C00F0A5F900283BD100235B
:10FA400085F83C30DBE700BFB00C002000B002506E
:10FA50000100F1000500F1000B00F1000300F100CE
:10FA60001886040030860400708604005086040066
:10FA7000A00C00200200F100194B2A68C3F8602492
:10FA80006A68C3F86424AA68C3F86824EA68C3F8FB
:10FA90006C246B6B2BE7124BD3F860242A60D3F8ED
:10FAA00064246A60D3F86824AA60D3F86C34EB60ED
:10FAB00068E70C4C92E63B681B68C4F800343B686E
:10FAC0005B68C4F804343B689B68C4F808343B683E
:10FAD000DB68C4F80C3459465046FEF717FDAEE714
:10FAE00000B002500400F1002DE9F04101B3FAB179
:10FAF000044600287CD01D46436B072B0E461BD0C6
:10FB00005DB9032B10D1836D73B900F16403C0E9B3
:10FB10001955C0E91B550B6010252B463146204670
:10FB2000BDE8F041FFF722BE2F463846BDE8F08120
:10FB3000774F3846BDE8F081C36D002B5BD1B5F53A
:10FB4000805F5DD215B9A36D002B59D171484FF07C
:10FB5000FF31FEF7F3FC002840F0B8800020FEF7EC
:10FB60001DFD002840F0AE806B4A0123C2F810381A
:10FB7000D2F81039002BFBD1636B032B20DD063B41
:10FB8000012B1FD8A36B012B3CD8E36D012B00F296
:10FB9000A580236E012B00F2A3802046FFF774FDA1
:10FBA000074680B92046FFF71DFD074658B9636B2D
:10FBB000072B07D8DFE803F035285C2806065C2809
:10FBC000002BDFDA554F544AD2F81039002BFBD105
:10FBD000C2F810380120FEF7E1FC00287AD14D4828
:10FBE000FEF7B4FC0028A0D04D48FDF747FD9CE788
:10FBF0004FF4710799E7012BA4D1B5F5803FA1D34C
:10FC0000484F92E7484FDEE7434B2268C3F8402451
:10FC10006268C3F84424A268C3F84824E268C3F8C1
:10FC20004C243D4B0122C3F87C24C3F8BC54002D66
:10FC300058D1A16D09B9C3F82425374BD3F81079F1
:10FC4000002FFBD1636B013B062BBCD801A252F8FD
:10FC500023F000BF8DFC0300A9FC03008DFC030012
:10FC6000C7FB0300C7FB0300A9FC03008DFC0300D6
:10FC7000294B2268C3F860246268C3F86424A26830
:10FC8000C3F86824E268C3F86C24CAE7224BD3F8AF
:10FC900040242260D3F844246260D3F84824A26050
:10FCA000D3F84C34E3608EE71B4BD3F8602422601A
:10FCB000D3F864246260D3F86824A260D3F86C346B
:10FCC000E36080E71948FDF7D9FC4DE71848FDF7D8
:10FCD000D5FC43E71748FDF7D1FC80E7164F72E7E4
:10FCE000164F70E7E16D326801290AD0C3F8302C55
:10FCF0001020C3F8345CFEF78BFB074600289CD02D
:10FD000061E7C3F8282C4020C3F82C5CF3E700BF60
:10FD10000B00F100B00C002000B002500100F10017
:10FD2000708604000500F1000200F1003086040036
:10FD300018860400508604000300F1000400F1005E
:10FD400021B9034B002818BF184670470148704777
:10FD50000100F7000300F70021B9034B002818BF8A
:10FD600018467047014870470100F7000300F7008C
:10FD7000034B00200122C3F8380AC3F878247047E7
:10FD800000B002502DE9F047CCB00024579DDDF8BB
:10FD9000588181460F461646214674220EA89A467F
:10FDA00006F00CFE802221462CA82B9406F006FEBD
:10FDB0008423B5F57F6FCDE90A44CDE90C44059362
:10FDC0005ED805AB30462BAE01930295DDE9542396
:10FDD0005146009600F064F800284CD103238DF8BA
:10FDE00013309DF813308DF87430072300221C90D7
:10FDF00010210EA81B9301240123CDE92423CDF863
:10FE000078901A9726940DF12009FEF77FFB1022B7
:10FE100000920599CDF804900AAB304606AAFFF788
:10FE200035FA074670B11DE00EA908EB0700FEF792
:10FE300069FB10210EA8FEF769FB0134AD1B3744A6
:10FE4000E4B222D0102D4A46059B8DF8AC4006A99D
:10FE50000EA82E4628BF1026FFF746FE3246002881
:10FE6000E2D00746742200210EA8FEF74DFB38466B
:10FE70004CB0BDE8F087084F38464CB0BDE8F0877D
:10FE8000064F38464CB0BDE8F087742200210EA81A
:10FE90002F46FEF739FBEAE70E00F1000F00F100F4
:10FEA0002DE9F04182B000260A9C0196B4F57F6FDF
:10FEB0003FD8E400B4F5807F0D4601F1FF311746CD
:10FEC00034BF032204223F29009232D888B39846D7
:10FED00013B177B3402B2CD8089B53B3099B1E68F2
:10FEE0003EB305EB08010A44964222D3089B2A46FA
:10FEF0000146581CFEF706FB089BAE1C1D44002261
:10FF00006A70B8F1000F20D1FF2C009415D923029C
:10FF10009BB243EA1424089B01949819022201A978
:10FF2000FEF7F0FA0236099B00201E6002B0BDE821
:10FF3000F081094802B0BDE8F081089B01229819C0
:10FF40006946FEF7DFFA0136EDE798194246394671
:10FF5000FEF7D8FA4644D7E7060000800020187064
:10FF6000704700BF07B5019001A8E2F73FFF019B72
:10FF700003F5E073032240F8232003B05DF804FB8F
:10FF800007B5019001A8E2F731FF019A01239340E0
:10FF9000C0F8083503B05DF804FB08B51020FFF782
:10FFA000E1FF1820FFF7DEFF1720FFF7DBFF10202F
:10FFB000FFF7E6FF1820FFF7E3FF1720FFF7E0FF4A
:10FFC000002008BD10B588B000248DF807100DF191
:10FFD000070102910121CDE90521072203918DF846
:10FFE00010408DF81C20836802229C6802A96923B6
:10FFF000A04708B010BD1FB58DF8012002228DF872
:020000024000BC
:100000000010CDF804D002928DF80C2083680122F4
:100010009C6801A96923A04704B010BD10B5002356
:10002000934201DB002010BD31F81340844201D01F
:100030000133F5E70120F6E708B5E4F745FAE4F700
:1000400027FABDE80840E4F701BA704770477047E7
:10005000704700B589B002F03AFA6946E5F716F83C
:1000600009B05DF804FB00B589B002F030FA6946CA
:10007000E5F70CF809B05DF804FB00B589B002F0B3
:1000800026FA6946E5F702F809B05DF804FB00209E
:10009000E5F7BCB9E5F7CCBC06F045BB08B549208F
:1000A000E5F7A8FF0420E5F7A5FF4520E5F7A2FF47
:1000B000BDE808400320E5F79DBF03685A1C1CBF3C
:1000C00001330360704701607047F0B54FF00A0CD0
:1000D000054604260020642411B1013E01D12E7092
:1000E000F0BDA242B2FBF4F7FBB202D2012C00D069
:1000F00030B1303305F8013B0139431CC9B2D8B2E5
:1001000004FB1722D2B2B4FBFCF4E5E7A0F1300304
:10011000DBB2092B02D80B7000207047A0F16103FD
:10012000052B02D857380870F6E7A0F14103052BDC
:1001300001D83738F7E76FF015007047F7B5044678
:1001400001F0010000EB51059D424FEA510603D931
:100150000025284603B0F0BD58B120780DF1070105
:10016000FFF7D4FF0028F3DB9DF8073002F8013BCE
:10017000013401341644B242EBD014F8010C0DF1F5
:100180000701FFF7C3FF0028E2DB9DF807301B01E2
:10019000137014F8020BFFF7B9FF0028D8DB1378AF
:1001A0009DF807100B4402F8013BE4E740B14368B7
:1001B00003F00303022B06D0032B04D0012B05D040
:1001C0006FF0150070470368002BF9D0002383609F
:1001D000184670470020704730B58A680C68551C77
:1001E00014B14B68934201DC8D6030BD013B9342FA
:1001F00008BF00228D600CBFE254A054F5E70FB495
:1002000007B504A951F8040B0191E6F7B3FB03B05D
:100210005DF804EB04B070470CB407B504AB53F8B9
:10022000042B0193E6F7B4FB03B05DF804EB02B0D6
:100230007047838B13F0070305D10368002B0CBFB5
:10024000002003207047022B05D1C38B002B14BF65
:10025000002004207047012B05D10368002B0CBF40
:100260000020052070470020704773B50D460646F4
:100270001946281D01920093E6F73EFB044640B163
:10028000DDE9003229463046A44602B0BDE87040A0
:10029000604702B070BD10B50C4640B139B1081DC1
:1002A000FFF784FF28B9A36833F0030301D06FF090
:1002B000150010BD38B50C46054658B151B10B6854
:1002C00043B14B6833B12022002106F077FB2C614B
:1002D000002038BD6FF01500FBE7044608B508465E
:1002E00011461A46A047F9F763FFE9F7A7F900EBB3
:1002F000C101488840087047F8B50C460346FFF72F
:10030000F6FFB0FA80F0C0F11F0003EB800CE200B2
:10031000DCF81060171DA5B2063256B9012101FAAA
:1003200000F0D9680143D960CCF81040DD539D52EC
:10033000F8BDF1000431585AD85303EBC0009E5267
:10034000C5805D52F4E710B500EBC104E388994223
:1003500002F104010AD1012303FA02F2C36823EA7D
:100360000203C360002340F8213010BDA28840F88A
:10037000213000EBC20100EBC300CB808280F4E7A8
:1003800010B503460C46FFF7B2FFB0FA80F0C0F19B
:100390001F0221461846BDE81040FFF7D4BF2DE9E3
:1003A000F843B1FA81F5C5F11F0900EB890703464F
:1003B0003A690E46CAB14FF003083C691846214617
:1003C000FFF795FFB04207D34A4621461846FFF78C
:1003D000BAFF2046BDE8F88303EBC404B8F1010876
:1003E000E188396101D08A42E7D1D968C5F1200599
:1003F0004FF0FF34AC400C40EBD094FAA4F2B2FAC8
:1004000082F2111D53F82140DFE738B503460D464F
:10041000FFF76DFF114604461846FFF768FF03EB30
:10042000C50504446100698018461146FFF75FFF67
:10043000024423F8324038BD38B503460C46FFF776
:1004400056FFA51A111B03EBC40405444800608045
:1004500003EBC2006C00448023F8321018461146AA
:10046000FFF745FF024423F8325038BD38B5054642
:100470000C46FFF73CFF211805EBC1035B88DA0748
:100480000BD42846FFF77CFF21462846FFF72FFFB5
:10049000214622182846FFF7B8FF35F83410611AB4
:1004A00005EBC1035B88DB070CD42846FFF768FF28
:1004B00035F834102246611A2846FFF7A6FF35F8B2
:1004C0003430E41A21462846BDE83840FFF714BF0F
:1004D00070B5056809B9002070BDAB68B3EBD10FEA
:1004E000F9D90B31CC0821462846FFF758FF0646BC
:1004F0000028F0D001462846FFF7F9FEA04209D9AE
:100500003444314628462246FFF796FF21462846C6
:10051000FFF7F2FE05EBC6021046538843F00103D5
:1005200053800430D8E7D0E9002130B54FF03333A1
:10053000A2FB0324D51843EB0405A1FB03135218B7
:1005400044EB0304521944F10002891843F10003FB
:10055000C0E9001330BD0B68002B10B510DD013B66
:100560000B60036844680A22A3FB021302FB0433F6
:100570001A0F23F07043C0E900133032104610BD4B
:100580003022FBE72DE9F8438046894616461F4690
:100590001546BD42A5EB060405D30FB1204608E081
:1005A0002B78002BFAD015F8010B4946C0470028DC
:1005B000EFDABDE8F883404080F311884FF0040083
:1005C00002DF70470FB407B504A951F8040B01917D
:1005D000E6F7D0F903B05DF804EB04B0704770475C
:1005E00070B406688489806A0D0C16FA81F105FBE7
:1005F000041184682468A44670BC60472DE9F04368
:100600001C46C36A1D686D4289B081460E46174676
:1006100005F020051CB9204609B0BDE8F083AC42C6
:10062000A04628BFA84643466A4631464846FFF7DB
:10063000D7FF0028F0D142466946384606F08DF9CA
:1006400020B9A4EB080446444744E3E70120E3E76C
:100650002DE9F0411C46C36A1D686D4288B005F063
:10066000200507460E462023114668462A4606F016
:10067000ADF91CB9204608B0BDE8F081AC42A046F7
:1006800028BFA84643466A4631463846FFF7B6FFBC
:100690000028F0D1A4EB08044644EAE738B5828983
:1006A00003680D0C090C04462D04806A02FB01311D
:1006B00083689B68984750B9E26AA38912792946F2
:1006C0002046FFF7C5FF002818BF6FF0050038BDB2
:1006D00010B5014604460722FF20E6F7F5F8E07161
:1006E00010BD0B6803F580331A0CB0EB134F08BF35
:1006F000A3EB02430B6070470378012B81BF01F12C
:10070000FF31C9185B4219400846704770B50C4666
:1007100005460821C06AFFF7EFFF0722064621467B
:10072000FF20E6F7D1F8E379834207D1AA896388ED
:10073000901B83422CBF0020012070BD0020FCE7ED
:1007400038B505460C46FFF7E1FFA0B1A08898B97F
:1007500022884FF6FF739A420DD1E86A0821FFF70D
:10076000CBFF6288AB899B1AB3FBF0F202FB10301F
:10077000B0FA80F0400938BD0020FCE7F7B5054627
:100780000E46C06A0821FFF7B7FF31680746082305
:100790002846FFF725FF0446002838D13368A8898A
:1007A0003B449AB2C71BBA42336030D11A0C03BF24
:1007B000E98901F1FF3103EB0141A3F5803131609B
:1007C00008236A462846FFF70BFF0446F8B9EB6A90
:1007D0006A461979034612F8010B81420CD10133A4
:1007E000082BF8D16B6805E03368BDF802201B0CBC
:1007F0001B04134433600AE069462846FFF7A0FF54
:100800000028F1D131462846E6F77EFD0446204611
:1008100003B0F0BD2DE9F0438589074600681C460A
:100820000B0C10FA81F103FB0515FB6A1E6876427A
:10083000264089B090460AD0B86A83682946D3F822
:1008400004903346C847C0B9A41B3544B044BCB17A
:10085000202322464146684606F09DF8FE6A32682B
:100860003179121B0DEB040006F0A8F8B86A336862
:100870008268294654686A46A04709B0BDE8F083FB
:100880002046FAE738B5044615462AB113460A460B
:100890008168FFF7BFFF0246E06A2946FFF72CFF99
:1008A000A3681844A060104638BD10B50A46082356
:1008B00041680446FFF7AEFF08210246E06AFFF7F1
:1008C0001BFF6368181A6060104610BD13B54FF621
:1008D000FF73ADF8003000230446ADF804308368A0
:1008E000ADF802306846FFF7F3FE69462046FFF791
:1008F000DCFF02B010BD2DE9F04F044693B0C06A92
:100900000821FFF7F9FE63681B0C1B04054601A9CB
:10091000E0890193FFF7E5FE019BA1891944491B7A
:10092000082304AA20460291FFF75AFE0028C0F2CD
:100930009480E36A04AA1979002312F8010B81421A
:100940007CD10133082BF8D1A06863682844834226
:100950006ED201992046FFF7A1FE7EE0029BBDF812
:1009600012201B0C1B041344029306AA02A9204662
:10097000DDF808A0FFF702FF00286ED106A9204687
:10098000FFF7C4FE002834D06368039308AA03A9C4
:100990002046039EFFF7F2FE00285ED1BDF820201E
:1009A000BDF818309A4227D06268039B9A42EDD175
:1009B00056451ED1BDF81C30DBB1BDF81A304FEAE8
:1009C0001A473F041F4406A8A368ADF81A30FFF782
:1009D0007FFEE36ABDF81C801E68764206F02006A2
:1009E000B8F1000F0FD106A92046FFF75EFF0028DF
:1009F00033D1CA45B9D1A7E708A92046FFF786FE3B
:100A00000028D1D0D4E74645B34628BFC3465B464D
:100A10000AAA39462046FFF7E3FDF0B95A460AA96B
:100A20002046FFF72FFFC0B9A8EB0B085F44D7E7BC
:100A30002046FFF74BFF00288BD00EE0029B04A955
:100A40002046A3EB0509FFF77BFE002886D102A90B
:100A50002046E6F759FC002887D013B0BDE8F08F98
:100A600000231A46E6F7D6BD2DE9FF471E46037C54
:100A7000BDF8309004460F469046002B45D0C06A22
:100A80000821FFF739FEA389A3EB400086423FD837
:100A9000636801934FF0000A02AA01A92046019D54
:100AA000FFF76CFE38BBBDF80830BB4208D102A985
:100AB0002046FFF72BFE18B10AF1010A1FFA8AFA45
:100AC0006268019B9A4219D0D145E5D2BDF80C303D
:100AD000C3B1D14516D8BDF80A102D0CB3424FEA68
:100AE000054528BF3346424629442046FFF778FD96
:100AF00008B9BDF80C0004B0BDE8F087BDF80830B7
:100B0000BB42E3D06FF00100F5E76FF00C00F2E7B5
:100B10006FF01500EFE713B500240094FFF7A4FF72
:100B200002B010BD704770B502684C68A24216D37F
:100B30008B6823449A4206D2D1E90435AB4204D3F0
:100B40006FF00B038B6100200AE0CD68121B05EBF0
:100B5000C30645F833204268726001330B610120FF
:100B600070BD0020E6F7A8BE00221146E6F76ABE77
:100B700030B50AB10023136090B151B1013911F8B9
:100B8000015F044610F8013B5DB19D4201D13D2D4E
:100B9000F5D1002004E03D2B08D0B3FA83F04009E2
:100BA00030BD2F2BF7D10AB1013414600120F7E7D3
:100BB00030B509B100230B6070B103461A461D1A07
:100BC00013F8014B34B13D2C04D02F2CF6D109B1D0
:100BD00001320A60284630BD0546FBE72DE9F041A9
:100BE00086B004460C9F05900D461646BFB1396885
:100BF00081B105AA0393FFF7BBFF039B50B9002007
:100C000005E0BA680092059832462946C04706B00A
:100C1000BDE8F081D7F80480B8F1000FF1D105A943
:100C200020460393E6F79EFE0028E8D08468039BE5
:100C3000059832462946A047E1E710B51346144609
:100C40000A4681880068FFF766FFA042A8BF2046D9
:100C500010BD2DE9F04F97B0044601929B4689469E
:100C6000002969D0DAB1BBFA8BF77F09258F0135EE
:100C7000ADB2A84604F1080A6E1EB6B2B6F5004F32
:100C80002ED04A2303AA31465046FFF744FF0028DE
:100C900007DA10F1020F08BFB0463546ECE701272E
:100CA000E4E716AB1844002300F84C3C03A948467F
:100CB000D8F733FC0028F0D1002F3BD0238FB3426C
:100CC00042D12246731E22F8383F4FF400410223DE
:100CD0005046E6F79FFC002836DA17B0BDE8F08FE3
:100CE0006FBB0127B8F5404F2BD004F1080508F57C
:100CF0008041019A5B4689B22846E6F78BFC0028C2
:100D0000EBDB57B14846D8F712FC4A46034641464A
:100D10002846E6F77FFC0028DFDB238F434520D2FF
:100D20002246022322F8388F4FF400412846E6F786
:100D300071FC16E0B046D5E76FF01500CDE7002056
:100D4000CBE76FF00B00C8E731465046FFF788FE4F
:100D50000028C2DB05F57F513F3189B25046FFF7CD
:100D60007FFE00EAE070B8E773B50446C06BF6F7A3
:100D7000ADFA2063C0B104F108063046E6F7F6FA92
:100D8000054670B902230DF106024FF400413046CA
:100D9000FFF7C1FE0028ACBFBDF806304FF400439A
:100DA0002387284602B070BD6FF01205F9E783690A
:100DB0001BB11B7A0B70002070476FF05700704713
:100DC000806930B1BFF35B8F4068BFF35B8F00F089
:100DD00001007047806930B1BFF35B8F4068BFF39B
:100DE0005B8FC0F380007047806930B1BFF35B8FC9
:100DF0004068BFF35B8FC0F30010704770B5846923
:100E000003460D467CB3FFF7EFFF78BB042909D8F2
:100E1000DFE801F0030B1C210300227A012A28D00D
:100E2000032A1BD16FF085000FE0227A0AB3002657
:100E3000E268294618469047002811DA10F1860F1B
:100E400003D1023D012DEDD8267270BD227A032A0E
:100E50000FD00326ECE7227A032AE3D10126E7E745
:100E600026720020F1E76FF05700EEE74FF0FF30F9
:100E7000EBE76FF07700E8E770B5D0F83451C5B113
:100E8000013D0026AE4201DD00200FE0721902EBA9
:100E9000D2725210D41CE30000EBC40424898C42AB
:100EA00001D2561CEEE702D80433184470BD551E1B
:100EB000E8E72846FAE7002310B50446C0F83431C5
:100EC000D4F8500110B9C4F8580110BDD4F8542119
:100ED0000368C4F85031904208BFC4F8543105F09B
:100EE00012FDEDE70346BFF35B8F53E8000F00EA06
:100EF000010243E8002CBCF1000FF6D1BFF35B8F79
:100F0000704770B504460D46FFF7D5FF6FF001013D
:100F100004F59C70FFF7E6FFD4F85C319B682BB1B9
:100F2000626820682946BDE87040184770BD10B55A
:100F30000446FFF7C0FF6FF0010104F59C70FFF756
:100F4000D1FFD4F85C315B6823B1D4E90001BDE87E
:100F50001040184710BD37B54FF420530168ADF865
:100F600002300546002468468DF8004000F0B4FBCE
:100F700018B92868083803B030BD42F60103296863
:100F80008DF8044001A8ADF8063000F0A5FB00285C
:100F9000EFD02046EFE737B542F603030168ADF81E
:100FA00006300546002401A88DF8044000F094FBAB
:100FB00018B92868083803B030BD2046FBE7006840
:100FC00070471C307047F7B500F11C0531B1A942DC
:100FD00003D20025284603B0F0BD0D46D0F83441B9
:100FE00000EBC40000F11C04002642F6030708359C
:100FF000AC42EED929688DF8046001A8ADF80670FE
:1010000000F06AFB0028F2D1E4E7024600F11C037D
:1010100011B199420BD30B4603F10800D2F83431D9
:1010200002EBC3021C32904228BF00207047002010
:10103000704713B5FFF7E9FF044658B100238DF858
:101040000430016842F6030301A8ADF8063000F051
:1010500043FB00B90024204602B010BD70B5054620
:1010600016460C4621462846FFF7E3FF044628B102
:101070002168304600F030FB0028F3D1204670BDD7
:1010800038B500F59C7504466FF002012846FFF75D
:1010900029FF830709D52046FFF70DFF6FF00101F7
:1010A0002846FFF71FFF002038BD6FF07700FBE7F1
:1010B000EAF742BD70B515460C461A46A1F110007C
:1010C0009DB90D81A1F10C03BFF35B8F53E8002F95
:1010D00022F0020243E800210029F7D1BFF35B8F21
:1010E000236B43B19847284670BD8B6A2BB12946C4
:1010F000BDE8704018471846F6E70120F4E700B550
:101100000246C8B1C1B1BFF35B8F043050E8003F65
:1011100043F0010C40E800CEBEF1000FF6D1BFF362
:101120005B8F13F001000AD10B6893634B68D363A4
:101130008B6813645DF804FB6FF01500FAE76FF03D
:101140007700F7E738B50D46AB4211461C4604D888
:101150001A4605F012FC204638BD0024FBE705F0D6
:101160002DBCC30903EB430303EBC30383EA400035
:10117000C0B27047CB780278534003704B884278F6
:10118000534043700A68837883EA122383700A68A5
:10119000C3785340C370CB79027953400371CB8835
:1011A0004279534043714A68837983EA12238371F9
:1011B0004A68C3795340C371CB7A027A53400372B1
:1011C000427A4B89534043728A68837A83EA1223B6
:1011D00083728A68C37A5340C372CB7B027B5340CD
:1011E0000373CB89427B53404373CA68837B83EA92
:1011F00012238373CA68C37B5340C37370471FB500
:1012000002788DF8002042798DF80120827A8DF8DD
:101210000220C27B8DF8032002798DF80420427AE7
:101220008DF80520827B8DF80620C2788DF8072086
:10123000027A8DF80820427B8DF8092082788DF89B
:101240000A20C2798DF80B20027B8DF80C204278A1
:10125000C37A8DF80D2082798DF80E208DF80F302D
:1012600010236A461946FFF76DFF05B05DF804FBD1
:10127000F8B5064608780C46FFF773FF0546607818
:10128000FFF76FFFA27863785340E27853405D40E8
:101290006840307060782778FFF763FF0546A078D4
:1012A000FFF75FFFA3785F40E3785F407D406840D1
:1012B0007070A07865782778FFF753FF6F40054678
:1012C000E078FFF74EFFE3785F407D406840B07004
:1012D0002078FFF746FF637825785D40A3785D406E
:1012E0004540E078FFF73DFFEDB24540F570F8BDB1
:1012F00070B5144688B00546002849D0002949D069
:10130000002A49D010230A4668461946FFF71AFFFB
:1013100021466846FFF72EFF103401F1A00668460B
:10132000E7F782FC6846FFF76AFF694604A8FFF703
:101330009FFF01A905A8FFF79BFF02A906A8FFF7D9
:1013400097FF03A907A8FFF793FF102319460DEB9A
:1013500003026846FFF7F6FE214668461034FFF7A1
:1013600009FFA642DBD1E7F75FFC6846FFF747FFBE
:1013700031466846FFF7FEFE102319466A462846A6
:10138000FFF7E0FE684610220021FFF7E8FE01208B
:1013900008B070BD0846FBE71046F9E710B50A46ED
:1013A0000F3012F9103B002BB4BF8723002312F833
:1013B000014D83EA4403914200F8013902D01378C9
:1013C000DB09F4E710BD08B520B158220021FFF772
:1013D000C6FE012008BD10B5044688B110220021C8
:1013E000FFF7BDFE102204F130000021FFF7B7FE29
:1013F0000023636400224FF48033C4E914230120E6
:1014000010BD70B50D461646044610B311B35822F0
:101410000021FFF7A4FE2946A6643046E7F710FC3A
:10142000102200212046FFF79AFE04F11005A26C5D
:1014300021462046FFF75CFF21462846FFF7AEFF16
:10144000294604F12000FFF7A9FF2046FFF7C3FF5C
:10145000012070BD0846FCE72DE9F0410D46164617
:101460000446002861D012B90120BDE8F0810029AE
:101470005BD0D0E9143253EA020156D0013BD0F8D8
:10148000448042F1FF32C0E91432B8F1000F2AD093
:10149000C8F1100708F13000BE42204408D22A46A5
:1014A00033463146FFF74EFE626C32446264DBE73E
:1014B0003B462A463946FFF745FE103E002363644B
:1014C00046443D44631E04F10F0113F8012F93F8C5
:1014D00030008B4282EA00021A70F6D1A26C2146DB
:1014E0002046FFF705FF04F10F07102E0AD8002E43
:1014F000BAD033462A46314604F13000FFF722FEC7
:101500006664B1E7631E691E13F8012F11F8010F1D
:10151000BB4282EA00021A70F6D1A26C2146204634
:10152000FFF7E6FE1035103EDFE700209DE770B5BF
:101530000C460546E8B169B34A6C102A1AD110313D
:10154000631E013904F10F0013F8012F93F8306086
:10155000724011F8016F984282EA06021A70F3D1C4
:10156000A26C21462846FFF7C3FE2046FFF72BFF5B
:10157000012070BD02F130000021C2F110022044B0
:10158000FFF7EDFD636C2344802283F8302004F1E3
:101590002001D5E70846ECE708B50020E5F7A0FEF6
:1015A000F5F7C4BE01460068F5F7C0BE0021012072
:1015B000FFF7F6BF08B5E7F7F5FCBDE80840E7F729
:1015C0005FBE4FF0FF30704700207047084611465D
:1015D000E8F7A8B908461146E8F7B8B94FF0FF3068
:1015E0007047002070470228CCBF002001207047C0
:1015F00000207047002070474FF400534B600020DC
:101600007047F5F78DBE062808D14FF080430122C0
:10161000C3F80025BFF34F8F20BFFDE770470023BD
:1016200083F31188BFF36F8F704730B585B01446D0
:101630000A888B78ADF8002005460D2200210DF1B7
:1016400003008DF8023005F0B9F96A46694628466C
:1016500004F033FD28B9BDF800209DF80230228047
:10166000A37005B030BD13B50C4601AA0331FFF7D6
:10167000DCFF48B9032201A9204605F06EF9B0FA53
:1016800080F0400902B010BD0020FBE770B50D46A8
:1016900000210446FFF78CFA0D2818D1237B302B4C
:1016A00011D100232B7004F10C0606352A46204682
:1016B000012302210234FEF741FDB44205F1FF355A
:1016C000F4D1002070BD312B01D10123EAE76FF086
:1016D0001500F7E7E6F7F8B910B50C46017822785F
:1016E0008A428AB00FD06946E8F7CCFA05A92046AD
:1016F000E8F7C8FA10220DF115010DF1010005F00F
:101700002CF90AB010BD012A06D0022A07D072B9FE
:1017100040886388C01AF4E740686368FAE71022DB
:10172000611C01300AB0BDE8104005F016B96FF039
:101730001500E6E7042A0AD0102A0DD0022A4FF03D
:10174000000315D103700B884380012070470123EB
:1017500003700A684260F8E7022300F8013B01F1D8
:10176000100351F8042B40F8042B9942F9D1ECE70F
:1017700018467047012310B50621044600F8013BC6
:10178000F2F77AFF18B9A37963F03F03A37110BD94
:101790000F2806D80D280BD8052814BF02200320D7
:1017A0007047132804D01A2814BF02200120704764
:1017B0000120704710B402EBC3031478844205D0B3
:1017C00008329A42F9D15DF8044B70478889537802
:1017D0009842F8D353685DF8044B084618477047A1
:1017E000D0F8BC3093B15A7BD1070FD5D2060BD5B8
:1017F0001B7B102B08D104234372827A407A8242E9
:101800008CBF0020012070470323F5E70223F3E794
:101810000346BFF35B8F53E8000F40EA010243E841
:10182000002CBCF1000FF6D1BFF35B8F70470B4665
:1018300001461878E8F7D6BA08B583681888EAF739
:10184000BDFC18B1BDE80840EAF784BC08BD012121
:101850000830EFF797BF37B58568B5F80100EAF7AC
:10186000ADFC044600283CD02B78CBB92A79EB7824
:1018700043EA0223A0F8A630AA796B7943EA02234F
:10188000A0F8AC30EB792A7A43EA0223A0F8AE3014
:10189000EAF7C8FD204603B0BDE83040EAF75ABC7D
:1018A0001A2BF7D1C378012BF4D14FF40071043017
:1018B000FFF7AEFF8305EDD4B4F8A830ADF80030E3
:1018C000B4F8AA30ADF80230B4F8B030ADF8043056
:1018D0006946B4F8B230ADF806302046EBF7E8FAC6
:1018E000D8E703B030BD0B6803608B8883808B79A9
:1018F000837170470B6803608B888380704738B5AD
:101900008568B5F80100EAF759FC044698B12B78D0
:101910003BB9D5F80330C0F8B430D5F80730C0F87B
:10192000B830201D4FF48051FFF772FF2046BDE80C
:101930003840EAF70FBC38BDBFF35B8F50E8003F7B
:101940000B4040E80032002AF8D1BFF35B8F7047AC
:101950007047C0F307231070000C9070000A53709A
:10196000D0700023C1F30720090E137150719371D9
:10197000D17170472DE9F84300258768A8463B7868
:101980009D4201DBBDE8F88307EB8503B3F8010056
:10199000B3F80360EAF712FC044650B300F12809DB
:1019A00026B34FF04003EFF3118283F31288BFF3A5
:1019B0006F8FE3696BB1013BE36182F31188BFF381
:1019C0006F8F2046EAF7D4FA013EF6F791FCB6B2E3
:1019D000E6E763692BB1A169186860618B4208BFB3
:1019E000A06182F31188BFF36F8F23B92046EAF715
:1019F000B1FB0135C3E74FF04002EFF3118182F3F1
:101A00001288BFF36F8FDA68E261626AC3F80C80F4
:101A1000C3F800804AB9C4E9083381F31188BFF3E1
:101A20006F8F4846F7F74AF8CBE713606362F4E735
:101A300070B5866835780DBBB6F80100EAF7BEFBD5
:101A40000446D8B1F37803732946EAF7BFFBA378BD
:101A5000012B04D02046BDE87040EAF77BBBBFF302
:101A60005B8F6368BFF35B8FDB07F3D520460221F2
:101A7000EAF7ACFB2846E9F7D1FDEBE770BD73B59B
:101A800006460D4601AA002142F22F00E8F796FB18
:101A9000044648B901988368B3F801203280B3F84E
:101AA00003302B80EFF760FD204602B070BD38B5E3
:101AB0008568B5F80100EAF781FB044688B1E8784B
:101AC000E8F7DEFB84F8C0002879E8F7D9FB84F852
:101AD000C1002046EAF706FD2046BDE83840EAF797
:101AE00039BB38BDE8F7D6BB70B506460D4640F2A7
:101AF00006400321E8F716FB044668B103210830CD
:101B0000EFF762FE8570068021460022BDE8704036
:101B100040F20640E8F752BB6FF0680070BDF8B5C0
:101B200007460E4642F2220006211546E8F7FAFA69
:101B3000044678B106210830EFF746FE3B88038063
:101B40004680858021460022BDE8F84042F222000E
:101B5000E8F734BB6FF06800F8BD8068E8F756BC62
:101B600000B581688BB00B788DF80830B1F8013082
:101B7000ADF80930CB788DF80B30B1F80B30ADF8FB
:101B80001F30B1F80D30ADF82130B1F80F30ADF89D
:101B900023304B7C8DF8253003A80431FFF7A3FEDA
:101BA000694600220DF113000092ADF80420FFF702
:101BB000A1FE00920DF119008A80FFF79BFE02A89A
:101BC000E8F724FC0BB05DF804FB038842889342DD
:101BD00010B519D8052B17D9B2F5486F14D88388DA
:101BE000B3F5FA7F10D2C088A0F10A0189B240F69D
:101BF0007644A14208D801339BB25343B3EB800F24
:101C000034BF0120002010BD0020FCE738B58368F8
:101C1000B3F801001D78EAF7D1FA044638B365B18C
:101C20002846E8F775FD294602462046EAF732FDC8
:101C30002046BDE83840EAF78DBA8378012B07D1FA
:101C400003F05EFA2046FFF7CBFD002808BF05250C
:101C50002846E8F75DFD294602462046EAF71AFDC8
:101C6000002DE5D02946204600F033FCE0E738BDE2
:101C700070B58668B6F801003578EAF79FFA044631
:101C800050B365B12846E8F743FD29460246204691
:101C9000EAF700FD2046BDE87040EAF75BBA8278BB
:101CA000F378C372012A08D10BB103F029FA204658
:101CB000FFF796FD002808BF05252846E8F728FD10
:101CC000294602462046EAF7E5FC002DE2D02946E7
:101CD000204600F0FEFBDDE770BD437B072B03BF12
:101CE00003880B8000206FF07F007047F0B5856897
:101CF0002F8887B0B8B2EAF761FA064658B302AC4B
:101D0000D5F80220D5F8063001946989009102F0D7
:101D100021FF10B3122142F21A00E8F703FA054638
:101D2000B0B112210830EFF74FFD0346224623F8E9
:101D3000027B06AF144603CCBC42186059602246B1
:101D400003F10803F6D1294642F21A00E8F7F0FC45
:101D50003046EAF7FFF907B0F0BD022142F21B005E
:101D6000E8F7E0F904460028F2D002210830EFF746
:101D70002BFD2146078042F21B00E7E770B50646BF
:101D80000D4642F221000321E8F7CCF9044660B188
:101D900003210830EFF718FD85700680214642F2D6
:101DA0002100BDE87040E8F7C3BC70BDF7B583689B
:101DB000D9789A781F8842EA0122ADF80020597933
:101DC0001A7942EA0122ADF802209A79D97942EAD9
:101DD0000122ADF804201A7A5B7ABCB242EA0323EE
:101DE0002046ADF80630EAF7E9F9064628B902219F
:101DF0002046FFF7C3FF03B0F0BD6946EAF7AEFB2C
:101E000038B91E212046FFF7B9FF3046EAF7A2F99C
:101E1000F1E70E2142F22000E8F784F90546002898
:101E2000F3D00E210830EFF7CFFC0E22044600213C
:101E300004F0C4FDBDF800306380BDF80230A3801B
:101E4000BDF80430E380BDF80630278023812946A1
:101E500042F22000E8F76CFCD7E70020704708B595
:101E6000EFF724F818B1C089003818BF012008BD69
:101E7000F7B504460E461746A388012B01D803B0D8
:101E8000F0BD204603F012FA05460028F7D0A288DC
:101E900083B29A42F3D3204603F008FA013D236847
:101EA0008DF80000394668468DF801500193B0471F
:101EB0000028E4D029462046EFF744FCDCE7BFF3D6
:101EC0005B8F0068BFF35B8F70470B6803608B8884
:101ED000838070470B6803608B8883808B79837164
:101EE0007047F8B50F46144630BB272142F2270051
:101EF000E8F718F9054610B327210830EFF764FC1E
:101F00003946FFF7E7FF06462246C31D04F11001DC
:101F100052F8040B43F8040B8A42F9D11022002135
:101F200006F1170004F04AFD29460022BDE8F840FA
:101F300042F22700E8F742B96FF01500F8BD6FF0E4
:101F40006800FBE7037A5B07024605D501462A32A3
:101F500011F8010BFFF7C5BF704700F11003BFF385
:101F60005B8F53E8002F22F4804143E8001CBCF152
:101F7000000FF6D1BFF35B8F530402D5012100F0AF
:101F8000E2B8704738B50121054642F22D00E8F766
:101F9000C9F8044658B12946083003F0B0F9214683
:101FA0000022BDE8384042F22D00E8F707B96FF093
:101FB000680038BD00F1100208B503461046FFF76F
:101FC0007EFF410611D5BFF35B8F52E8001F41F43D
:101FD000804142E800100028F7D1BFF35B8F18461C
:101FE0000021BDE8084000F0AEB808BD08B500F11A
:101FF00010031846FFF763FF420606D51846FFF7A1
:102000005EFF830644BF01230B7008BD10B50C466C
:10201000EEF712FF00B1441C204610BD07B50621A3
:102020006846F2F729FB40B99DF80530684603F091
:102030003F038DF80530E8F779FD03B05DF804FB48
:1020400001207047037AD90704D523F001030372F6
:10205000E8F7EEBD990704D523F002030372E8F711
:102060009DBE704700207047BFF35B8F0068BFF3D1
:102070005B8F084100F0010070470346BFF35B8FA0
:1020800053E8000F00EA010243E8002CBCF1000F06
:10209000F6D1BFF35B8F70470B6803608B8883803A
:1020A0008B7983717047012303FA01F1BFF35B8FD2
:1020B00050E8003F0B4340E80032002AF8D1BFF35C
:1020C0005B8F70472DE9F041804686B00F4642F2A3
:1020D000390006211446E8F725F8054680B300F1DB
:1020E00008063FB30121304603F009F901213046CB
:1020F00003F005F998F80110304603F000F9DCB15F
:102100002188304603F002F9C4B1A178304603F0CB
:10211000F6F808F1100203A9284600970623E7F70E
:10212000EFFF0022294642F23900E8F747F806B0EF
:10213000BDE8F0813946D6E72146E2E72146E5E7EA
:102140006FF06800F3E70022FFF7BCBF2030F6F71E
:1021500057BE0346BFF35B8F53E8000F40EA01020E
:1021600043E8002CBCF1000FF6D1BFF35B8F704742
:102170000346BFF35B8F53E8000F00EA010243E818
:10218000002CBCF1000FF6D1BFF35B8F70470B68DA
:1021900003608B8883808B79837170470021E9F716
:1021A00089B910B5036800220BB918460BE08B42C1
:1021B0000FD10B6844683AB9A142036000D1436073
:1021C00000230B60012010BDA142136008BF4260D4
:1021D000F6E71A461B68E7E70346BFF35B8F53E851
:1021E000000F00EA010243E8002CBCF1000FF6D119
:1021F000BFF35B8F7047BFF35B8F0068BFF35B8FEC
:1022000070470346BFF35B8F53E8000F40EA0102BB
:1022100043E8002CBCF1000FF6D1BFF35B8F704791
:102220000B6803608B8883808B798371704737B527
:1022300004464FF04002EFF3118382F31288BFF39C
:102240006F8F206A28B983F31188BFF36F8F03B0B3
:1022500030BD616A02682262884208BF626283F30D
:102260001188BFF36F8FD0E901510191E9F7B2FDF9
:1022700001992046A847DCE72838FFF7D8BF10B5FA
:102280000446006918B1EFF76FF90023236110BD10
:1022900070B5164604460D46FFF7C9FF012E17D04C
:1022A000022E17D1236913B12046FFF7E8FF2561FD
:1022B00021698A89012A37D98B681B8804339BB22C
:1022C0009A4231D328D92046BDE87040FFF7D7BFE6
:1022D000206918B92046FFF7D2FF01E0AE8926B980
:1022E0002846BDE87040EFF73FB9083002F0F2FF32
:1022F000864207D921690022204600F053FA0023C4
:102300002361EDE72069AA89A968083002F0EAFF95
:102310002846EFF729F9CBE7002323612046012265
:10232000BDE8704000F03EBA70BD10B5034600F144
:10233000C4021046FFF75FFF80B1BFF35B8F411C03
:1023400052E8004F844204D142E8001CBCF1000F67
:10235000F6D1BFF35B8FECD1184610BD0346FBE707
:102360002DE9F84307460E46904600244FF0C80971
:10237000B44203D100231846BDE8F88309FB04707A
:10238000FFF7D3FF034658B1457B012D02D0073D2F
:10239000012D03D81A884245EDD01846E9F7DAFE38
:1023A0000134E5E710B50446EAF71AFD2046BDE81A
:1023B0001040E9F719BD2DE9F04782460F4642F279
:1023C00019001C21089E91469846E7F7ABFE05468A
:1023D00038B31C210830EFF7F7F90346BAF80020AC
:1023E00023F8022B3A68C0F802207A685A60044643
:1023F000B9F8003043810C3432464146204604F09F
:10240000BCFA0F2E05D8C6F110020021A01904F065
:10241000D5FA29460022BDE8F04742F21900E7F755
:10242000CDBE6FF06800BDE8F08738B5437B072B61
:1024300004460D461CD1437A8B421CD2837A8B42D0
:1024400019D20B0600F104000DD54FF48061FFF79F
:10245000D8FE05F07F05A572204602F01FFC08B1EA
:10246000637AA37238BD6FF48061FFF7B5FEF0E7C1
:102470006FF07F00F6E70020F4E7407A704738B548
:10248000037A8B420446154615D100F190010722CC
:10249000284604F062FA80B1E378072243B904F1D8
:1024A0009E01284604F059FAB0FA80F0400938BD80
:1024B00004F19701F5E70020F9E70120F7E708B5F7
:1024C000EAF74EF910B1E9F745FE012008BD90305A
:1024D000704738B58378012B04460D4603D100219F
:1024E0009030EAF735FA637B023B062B05D8DFE82C
:1024F00003F008040404121A10006FF07F05284648
:1025000038BD204625730021E9F760FE0020E9F779
:1025100085F80025F3E704F16000F6F771FCBDE8EB
:102520003840E7F759BF29462088FFF7DDFA05460E
:102530000028E4D1637B072BE1D108212046E9F78D
:1025400045FEDCE7F8B507460D4642F213000E21C2
:10255000E7F7E8FD0646D0B10E210830EFF734F971
:102560000E220446002104F029FA3B8823802B88A0
:1025700063806B88A380AB88E380EB88238131463E
:102580000022BDE8F84042F21300E7F717BE6FF0F3
:102590006800F8BD7047F8B507460E46154600239B
:1025A0004FF4803204210020E9F710FF044630B1D7
:1025B00004210830EFF708F907704670458020467F
:1025C000F8BD704770B5D0E90035044623B16B689B
:1025D00003B1984700232360E3680BB12046984776
:1025E000EB691BB12046BDE87040184770BD406DD7
:1025F00010B560B150F8084904B1083CFFF7E2FF9C
:102600002CB1A36803B1083B20461C46F6E710BD79
:10261000406D38B50D4678B150F8084904B1083C12
:1026200043689B680BB1294698472CB1A36803B156
:10263000083B20461C46F3E738BD0431E9F7C6BE27
:10264000F7B5144606460F4601930421089B0093F4
:1026500002F10800EFF754F8A1894780DDE9003264
:10266000043901802146304603B0BDE8F040E9F767
:10267000FFBC37B5054602220120FFF78CFF044658
:1026800098B102210830EFF79FF8002303704370E0
:102690002246009305212846FFF7D2FF28B12046A5
:1026A00003B0BDE83040EEF75FBF03B030BDF0B51A
:1026B0008B89032B85B005460C4611D9042104F102
:1026C0000800EFF75FF8A38942889A4208D1417861
:1026D00031B10378122B06D0132B01D0012B4BD133
:1026E000002005B0F0BD072AFAD92D68EF781FB198
:1026F0002846FFF7BEFFF3E7A2685078137843EA55
:102700000023ADF80830D078937843EA0023ADF881
:102710000A305079137943EA0023ADF80C309379ED
:10272000D279132043EA02230222ADF80E30FFF7DC
:1027300032FF04460028D3D002A92846E9F70EFF4D
:102740000221064604F10800EFF73EF886F0010387
:10275000DBB20380224600973B4605212846FFF75F
:102760006FFF10B12046EEF7FFFE002EB8D002A991
:102770002846FFF7E7FEB3E72868BAE7406D30B1B7
:10278000838B8B42A0F1080001D08068F7E7704787
:10279000406D30B183898B42A0F1080001D0806880
:1027A000F7E7704738B58B89032B05460C4604D8EC
:1027B0002046BDE83840EEF7D7BE042104F10800FA
:1027C000EEF7E0FF41882846FFF7E2FF0028EFD050
:1027D000436821461B699847EAE7704703682BB1B5
:1027E00041681A6802608B4208BF42601846704711
:1027F000002308B918467047828900681344F8E737
:102800004B685B69084603B11847704710B5D46838
:102810002378023113B92170012006E08B42FBD0EE
:102820008389023B83810020106110BD0620704720
:10283000522830D888B3431E512B2ED8DFE803F03E
:102840003339333933393339333933393339333928
:102850003339332D2D393339332D352D37292D3952
:10286000332D352D2D2D2D2D2D2D2D2D2D2D2D2D8A
:102870002D2D2D2D2D2D2D2D2D2D2D2D2D2D2D2D88
:102880002D2D2D2D2D2D2D2D2D2D2D2D2D2D2D2D78
:102890002D3B04207047D2280DD010F0400F0CBF04
:1028A0000620002070470220704703207047052053
:1028B0007047012070470020704708B503688A8977
:1028C0001868896801F08DFB002008BD38B5054601
:1028D00001F108000C4602F0F1FC2D68A389A26802
:1028E0000146286801F053FB002038BD70B406682B
:1028F000B36AC3B11A4652F8F44904B1F43C002358
:102900001946904207D0558D528BA94238BF2946AF
:10291000934238BF13463CB1D4F8F45005B1F43DAE
:1029200022462C46EDE71946448D428B8C4201D855
:102930009A4209D99A4238BF1A46A142306838BF34
:10294000214670BCECF712BE70BC70471FB5CDE9D4
:102950000123002300931A46EBF7F8FD05B05DF85C
:1029600004FB2DE9F04FD2F8009091B007460E46D7
:10297000002542F601030068D9F804808DF82C5038
:102980000BA91446ADF82E30FEF7A6FE002879D02C
:102990004FF4205338688DF82C500BA9ADF82E3029
:1029A000FEF79AFE38B1A3681BB15A88B24200D232
:1029B0005E80012009E061680846FFF719FFB9F859
:1029C0002A30181A032803D8002011B0BDE8F08F70
:1029D0000846EEF729FE05466068FFF709FFB9F8DB
:1029E0002A3005F1080BA3EB000A584602F072FCEE
:1029F00082453FD26068FFF7FBFEB9F82A30181A0B
:102A000070B963689879EEF7A9FA0022002302F002
:102A100042FC05460028D7D001466068EEF74CFE20
:102A200000230093D7F804903946102302AA4046A9
:102A3000C847071E26DB227CE068BA421ED001464A
:102A40000BA8FEF777FEE8B1FAB202A906A8FEF7D6
:102A500071FEB8B106A90BA8FEF73EFE90B900239F
:102A60006374042105F10800EEF7AEFEA060068055
:102A700046809EE7584602F02DFCC1E702A903F00C
:102A80006CFFEBE70023A36093E7D0680378043181
:102A900013B90170012070478B42FBD091688B897C
:102AA0000020043B8B8110617047D0F89C302BB123
:102AB0004FF470220023C030F6F79CB970477FB501
:102AC0001446014603902A22206801F007F80546C3
:102AD000207520BB237A0399A3B1182B14BF0023C0
:102AE00004230193638A00938E68238AE268206836
:102AF000B047031E08DB228A93420ED100232375C0
:102B0000012507E00223ECE713F1FF0F05D35B4239
:102B1000DBB22375284604B070BD0E23F9E700250B
:102B2000F8E7F8B59368166805460F46144663B98A
:102B3000506801210830EEF747FE2B68A0601B7833
:102B4000002B0CBF012302230370A3681B78012B09
:102B500003D0022B18D0002015E02B681B78002B27
:102B6000F9D1606804210830EEF72EFE2B68E06092
:102B70005B884380636807809B89708DC01A042836
:102B800094BF00200120F8BD2B681B78022BE2D1F6
:102B9000606812210830EEF717FE03462A68E060ED
:102BA00023F8027B511C113251F8040B43F8040B3B
:102BB0009142F9D16368708D9B89C01A1228DFE7B2
:102BC0002DE9F04F2DED028B804683B010469946DB
:102BD0001646FFF70DFEB8F82A3083428B467ED9A1
:102BE000D8F80430304608EE103AEEF71DFD4FF0ED
:102BF000000A05463046FFF7FBFDB8F82A3005F11C
:102C000008071C1A384602F065FB844211D2304690
:102C1000FFF7EEFDB8F82A40241A34BBB079EEF77E
:102C20009DF90022002302F036FB054630B95746D5
:102C30002DE0384602F04EFB0446EEE701463046F2
:102C4000EEF73AFD3046FFF7D3FDB8F82A3005F12C
:102C500008071C1A384602F03DFB84421DD230465C
:102C6000FFF7C6FDB8F82A40241AA968AA89DBF83C
:102C70000470CDF800900A4418EE100AA3B2594629
:102C8000B847071E0EDABAF1000F18BF574638468C
:102C900003B0BDEC028BBDE8F08F384602F01AFBA2
:102CA0000446E2E70E9B93B9394605F10800EEF7BA
:102CB0008BFD3046FFF79CFDB8F82A30B9448342BB
:102CC000BA441FFA89F9B2D9A74293D0AFE70F9A55
:102CD0000E9B3946284698470028E5D1A7E70027EC
:102CE000D5E710B50368002253B18B420ED10B68B3
:102CF000446832B9A142036000D1436000230B60F5
:102D000010BDA142136008BF4260F7E71A461B6876
:102D1000EAE79830BFF35B8F50E8003F23F00203EF
:102D200040E80032002AF7D1BFF35B8F70470620DE
:102D30007047012303FA01F1BFF35B8F50E8003FB6
:102D400043EA010240E8002CBCF1000FF6D1BFF3CA
:102D50005B8F194214BF012000207047F0B517683F
:102D600085B0002601461546786816731522039132
:102D700000F0B4FE0446287398B9CDE90000AB8892
:102D8000AA6803993846FFF71BFF031E0BDA13F1FD
:102D9000FF0F26BF5B42DBB20E232B73204605B02C
:102DA000F0BD3446FAE70124F8E79830BFF35B8FB3
:102DB00050E8003F23F0010340E80032002AF7D139
:102DC000BFF35B8F7047F8B58F6804463846FFF74E
:102DD0000FFD638D83420D460DD30026C4F89C1071
:102DE00032468E6020463946EAF718FA10B1AF60D5
:102DF000C4F89C60F8BD6FF07900FBE738B5BFF30D
:102E00005B8F0B68BFF35B8FDB07054618D550F867
:102E1000040CA8B1D5F8983093B90430FFF7DEFC64
:102E2000044668B10146281FEAF760FA002807DA6D
:102E300055F8043C5A6822609A685C6002B99C604C
:102E400038BD70B504460430FFF7C8FC0546A8B18C
:102E5000A06A38B150F8F46906B1F43ED0F89C305D
:102E60003BB166B963682B60A368656033B9A56040
:102E700004E02946EAF73AFA0028F2DB70BDD6F8FA
:102E8000F43003B1F43B30461E46E7E737B5002384
:102E90000446002208460D46EEF7D2F9014668B115
:102EA000019000222046EAF7B9F90199044610B1D1
:102EB000284603F092FB204603B030BD6FF00104BA
:102EC000F9E7F8B5D0F8EC3050F8044C0546071F88
:102ED0000BB138469847BFF35B8F05F1940353E875
:102EE000002F22F0100243E800210029F7D1BFF3A0
:102EF0005B8F0CB3D5F898308BB963687BB1201D1C
:102F0000FFF76CFC014606463846FFF75CFF0028D9
:102F100012DA63683360A368666003B9A66005F1DE
:102F20009C013846FFF7B2FF30B104F10C0138467E
:102F3000BDE8F840FFF7AABFF8BD38B504460D4616
:102F4000EAF76CF930B1294604F1A000BDE8384039
:102F5000EEF7D6BA38BD38B5438D01329A420D46E8
:102F60001BD80846FFF764FC022801D004280FD1C3
:102F70004FF47022002300210846FFF75EFB044651
:102F800020B101210830EEF71FFC0570204638BD46
:102F90004FF0FF324FF0FF33EDE70024F6E737B58F
:102FA0000C46054601F1080002F088F9A289019259
:102FB000A26800920346132212212846EAF77AFA01
:102FC00003B030BD37B50C46054601F1080002F0EC
:102FD00075F9A2890192A268009200220346114667
:102FE0002846EAF767FA03B030BD37B515460191B8
:102FF000E9F7B4FF60B1806A50B10346019953F814
:10300000F40900B1F4386A1C5C8DA24203D948B9B6
:10301000002003B030BD2A46184603B0BDE830405A
:10302000FFF799BFD0F8F44004B1F43C03462046C2
:10303000EAE707B58A681388528800920C210D22AE
:10304000EAF77AFB03B05DF804FB07B58B68002252
:103050001B8800920A210B22EAF76EFB03B05DF891
:1030600004FBEBF7A7B98A8989680023EAF73EBD1C
:10307000FFF7F9BFFFF7F7BFFFF7F5BFFFF7F3BFA4
:10308000FFF7F1BFFFF7EFBFFFF7EDBFFFF7EBBFB4
:10309000FFF7E9BFFFF7E7BF70B58E683388162BDF
:1030A00004460D4606D8002204231146BDE87040B0
:1030B000EAF71CBD412B28BF412343834385FFF71B
:1030C00015FCAA89002331462046EFE750F8043C5E
:1030D00070B50446061F002B37D071B1D0F8983078
:1030E000002B32D01B7CDA072FD505230022304677
:1030F0001146BDE87040EAF7F9BC05682846ECF7D0
:1031000049FA6B7A012B20D0D4F89840ECB1237C9B
:10311000DB071AD5E368002BE7D06269617C304693
:10312000FFF719FF054640B1D4E90512E368984757
:10313000024620B12846EEF717FA0E23D6E72946B5
:103140003046EAF76BF80028F4D170BDBC38EAF7D6
:1031500031BD10B50C46E9F701FF98B1836A4BB158
:1031600053F8582C9169A142A3F1F40309D0D3F884
:10317000F430F4E7406828B18369A34202D00068C4
:10318000F9E7104610BD0120704708B5E9F7E6FEE3
:1031900098B1836A8BB1BFF35B8FF43B03F1980264
:1031A00052E8001F21F0200142E800100028F7D16A
:1031B000BFF35B8FD3F8F430ECE708BD08B504210A
:1031C000FFF7E6FA38B1BFF35B8FD0F89400BFF396
:1031D0005B8FC0F3401008BD0B4609895A8A9142A3
:1031E00038BF11469A8A8A4203D099829B6903B1FB
:1031F0001847704710B5029CA3680A460BB12146D8
:103200009847A37DE268013BDBB2A37522B11BB9ED
:103210002046BDE81040104710BD1060918000208E
:103220007047009A1368184700207047F0B5076888
:103230003D7889B0064614460DB1012514E07B881F
:10324000B3F5245F04D012D8A3F52053032BF4D890
:10325000ADF80A1002220DF10A012046FEF7FCF833
:10326000E0B96FF01503A365284609B0F0BD03F57A
:103270005643FF339BB2042BDFD8ADF80A1002226D
:103280000DF10A012046FEF7E7F80028E9D07B8817
:10329000ADF80A3002220DF10A0116E07B88ADF884
:1032A0000A3002220DF10A012046FEF7D5F8002867
:1032B000D7D0002003AA7768009013233146B8477F
:1032C000021E01DAA265CFE703A92046FEF7C4F883
:1032D0000028B2D1C5E7072203F03FBB73B54A1CF3
:1032E0000C46054648B900906946CDF803001046E3
:1032F000FFF7F1FF30B926460EE00978FFF7BFF877
:103300000028F8D104F10A0604F10B023DB1A17ABC
:103310002846FFF7B4F858B1304602B070BD694690
:1033200010460095CDF80350FFF7D5FF0028F3D0E5
:103330000026F1E770B50378934204460E46154621
:103340000AD0A37AAB4210D1314604F10B00FFF74B
:10335000C2FF50B9012004E00130FFF7BCFF002894
:10336000EFD10A2303FB004000E0002070BDBFF353
:103370005B8F0068BFF35B8F70470346BFF35B8FC3
:1033800053E8000F40EA010243E8002CBCF1000FB3
:10339000F6D1BFF35B8F70470346BFF35B8F53E8F3
:1033A000000F00EA010243E8002CBCF1000FF6D147
:1033B000BFF35B8F70472DE9F047064689464FF40F
:1033C000702000219DF820A0DDF8248017461D46BE
:1033D000EAF758FB044620B96FF00B052846BDE814
:1033E000F08780F811A0C0F81480C560C0F8049080
:1033F0008761424651463046FFF7F7FD18B920462F
:10340000EAF762FBE8E7A0603A464146A84705466E
:1034100018B12046EAF758FBE0E721463046EAF7C4
:1034200089FC05460028D9D0F3E708B50221083009
:10343000EEF7CAF90023412202704370184608BD16
:1034400010B5022108301446EEF7BEF963890380F7
:10345000002010BD10B5042108301446EEF7B4F971
:1034600023890380E3894380002010BD38B500F133
:103470000804042120461546EEF7A6F92B8903809F
:10348000EB8943802B7C33B94FF42051204601F067
:103490003DFF002038BD42F60101F7E738B500F1E5
:1034A0000804042120461546EEF78EF92B89038087
:1034B000EB8943802B7C022B04D0032B09D02B6893
:1034C000598801E042F60201204601F01FFF00206A
:1034D00038BD42F60301F7E70B6803608B888380F1
:1034E0008B79837170472DE9F0419846BDF818300B
:1034F000012B0646174630D84344012B45462FDCA6
:10350000EAF788FC044618B9EAF784FC044650B38D
:103510000021B8F1000F0ED106F19001601CFFF7F9
:10352000DBFF2046337A00F80C3B0121FFF725FF33
:103530002846BDE8F081207A20FA01F3DA0703D5A6
:103540003B78CB40DB0711D501310329E1D13B7832
:1035500003F0070318432072DEE76FF00605E7E784
:103560006FF00C05E4E76FF01005E1E76FF012056E
:10357000DEE713B502460024694601300094CDF819
:103580000340FFF7A9FF1470148102B010BD2DE9AC
:10359000F34180460F4616461D46EAF75DFC044699
:1035A00060B969460090CDF80300EAF755FC04467F
:1035B000D0B100F8018B3946FFF78EFF228963896D
:1035C00072B97BB926816581214611F8010BFEF79E
:1035D00046FC48B1204602B0BDE8F041EAF796BC8F
:1035E000964204D39D42EED802B0BDE8F0819D42E0
:1035F0002681E9D9E7E770B50C4619466BB103F1AE
:103600001406E5685B697AB9AE42A36000D1E36055
:1036100000230D684B611A46A847A3684BB92046A2
:10362000BDE87040EAF7B4BCAE42136008BFE26088
:10363000EEE770BD2DE9F041069C0E4605466FF0A1
:10364000040104F11000FFF7A7FEE6B12846EAF7EF
:103650001FFC10B383684BB11A6804F114018B424C
:103660000CD1014623462846FFF7C5FF6368A3B186
:10367000314628460022BDE8F0411847002AF5D01F
:1036800013461268EBE7A389002BEFD12768334676
:10369000324621462846B847E8E7BDE8F0812DE9E3
:1036A000F0410E4686B017469846044628B96FF09A
:1036B0001505284606B0BDE8F08102A9FDF7E6FF32
:1036C00005460028F3D101A92046FDF771FA0198BB
:1036D00098B902A90020EAF7BFFB044608BB002EF8
:1036E000E7D004A904900546CDF81300EAF7B4FB2F
:1036F000044648B96FF00B05DBE70A222946F8F7C4
:10370000F3FF0028E5D0D2E700F8015B02A9FFF73C
:10371000E3FE042204F108014046B84700EAE075E0
:10372000C7E7002EF5D126606660A660C1E70023DA
:10373000036043608360704713B500F19001044655
:10374000007A0191FEF78BFB03460199207A23B1A1
:1037500002B0BDE81040EAF7B1BCEAF77DFB20B14A
:1037600002B0BDE81040FFF7E2BF02B010BD022A70
:1037700010B508D1002300F190011A46007AFFF736
:1037800006FF022010BDFFF7D7FFFAE770B5BDF8BE
:103790001050954216460AD3AC1A8C42A8BF0C466C
:1037A000A5B22A46991903F0E8F8284670BD6FF0D3
:1037B0000605FAE730B5C96885B014461D46FFF71F
:1037C0008DFD00B10089ADF80E0002230093BDF815
:1037D00020200DF10E0329462046FFF7D7FF05B044
:1037E00030BD1FB50C461946E3681C781046BDF87D
:1037F00018203CB110240133069404B0BDE81040F9
:10380000FFF7C4BF5B88ADF80E30022300930DF1C3
:103810000E03FFF7BBFF04B010BD10B586B0144611
:10382000039300238DF81430EAF7F4FA039910B1EA
:10383000037A8DF8143001230093BDF8202005ABE6
:103840002046FFF7A3FF06B010BD1FB51446BDF814
:10385000182003930292E7F737F90190D5F767FE36
:10386000DDE9013280B203990690204604B0BDE83C
:103870001040FFF78BBF10B586B014460393FEF7D8
:10388000ECFA0223ADF816000093BDF8202003994E
:103890000DF116032046FFF779FF06B010BD1FB5E6
:1038A00019461823ADF808302823ADF80A30002354
:1038B000ADF80C302A23ADF80E30082300931046E3
:1038C0006B44BDF81820FFF761FF05B05DF804FBFD
:1038D00013B5024600246946013000940C32CDF83D
:1038E0000340FFF7F9FD02F8044CBFF35B8F52E889
:1038F000003F42E800410029F9D1BFF35B8F02B0DD
:1039000010BD2DE9FF41884616461F46054628B9D9
:103910006FF01504204604B0BDE8F08102A9FDF760
:10392000B5FE04460028F3D101A92846FDF740F969
:103930000198D0B902A90020EAF7CCFA054648B9A7
:10394000EAF768FA0546D8B1002300F8013B02A95E
:10395000FFF7C2FDB8F1000F0ED0012205F10801FA
:103960003846B04700EAE074D4E70A222146F8F767
:10397000BBFE0028DED0CBE72846FFF7A9FFC9E74A
:103980006FF00B04C6E738B500F10805062128469C
:103990001446EDF719FF23890380E3894380237CD4
:1039A0002168002B42F6010308BF4FF420538380A7
:1039B0000B781BB1022B06D0002038BD4988284661
:1039C00001F0A4FCF8E710220131284601F08AFC3E
:1039D000F2E738B500F10805022128461446EDF754
:1039E000F3FE63890380A189284601F08FFC04213E
:1039F00004F11000FFF7C1FC002038BD38B50446C3
:103A00001546FFF7C0FB50B12046EAF703FA30B184
:103A1000037ADB0703D501210C30FFF7AEFC55B963
:103A2000207A04F19001EAF717FA20B18560BDE829
:103A30003840EAF76BBA38BD13B5044610B9002018
:103A400002B010BD00238DF80430006842F6030375
:103A500001A9ADF80630FDF73FFE0028EFD1E3687D
:103A600098880028ECD12046EAF724FD013080B286
:103A7000E6E730B5CC688BB008460393A3798DF8A0
:103A800014301546FFF7D8FF2468ADF815002378E9
:103A9000039963B96388ADF8173005230093BDF827
:103AA000382005AB2846FFF771FE0BB030BD631C14
:103AB0000DF11702113453F8040B42F8040BA34222
:103AC000F9D11323EAE71FB5CDE9012300230093C1
:103AD0001A46EAF73BFD05B05DF804FB38B5D4079C
:103AE0000546887C04D510F0150F1ED04B68E3B155
:103AF000930704D510F02A0F19D08B68BBB102EAE6
:103B0000000414F0300F03D114F00C0007D138BDBD
:103B10002846FEF7B2FC0228F6D80520F7E7EB7A34
:103B2000002B14BF00200F20F1E70220EFE7032055
:103B3000EDE72DE9F04714468846142261680746F0
:103B4000FFF7CCFF08BBA2891B2102323846FFF7E2
:103B50004CFA0546E8B100F1080902214846EDF7A4
:103B600033FE0646A18926F8028B4846EDF72CFE67
:103B7000A289A168304602F000FFD4E90423294657
:103B80003846BDE8F047EAF76DB84FF0FF30BDE8C2
:103B9000F0876FF00B00FAE770B50546144629B9B7
:103BA00021462846EBF7F4F828B970BD4FF6FF73AD
:103BB000994207D111816368224628460021BDE859
:103BC000704018474B1C9BB21381D2899A42E7D2AE
:103BD000F1E72DE9F04788B00746DDF8409014463C
:103BE00011B913F0030808D0D9F804304A4600216F
:103BF000384608B0BDE8F0471847C3F3870302EB27
:103C00008305464642F6010AAC4207D14A46414680
:103C1000384608B0BDE8F047FFF7BEBF638899F8A3
:103C20001010ADF8083000291FFA83F8D9F80030D9
:103C3000228801930CBF4FF42051514601ABADF8DF
:103C400002100693ADF81C20CDE90466D9F80430C3
:103C50008DF80060CDF80CD08DF81E604A4603A99F
:103C60003846984704340028CED108B0BDE8F08724
:103C70002DE9F0478EB00746DDF85880164639B179
:103C8000D8F80430424600210EB0BDE8F04718478E
:103C90001278062A0AD0142A1FD0D8F804304246D7
:103CA0000021384698470EB0BDE8F0878DF8101017
:103CB000013B00259CB206F10109AA463378A342D4
:103CC0000FD9002CE9D1002DE7D0424629463846CD
:103CD0000EB0BDE8F047FFF75FBF02228DF810205D
:103CE000E6E71422002109A802F068FEB9F80020D6
:103CF00093B2002BD1D0B9F802108DB2002DCCD0E8
:103D0000AB42CAD89DF8103023B3022B27D098F8C5
:103D10001030ADF80C10002B42F6010308BF4FF431
:103D20002053ADF8063004AB029301AB099302AB0C
:103D3000ADF834200C938DF804A0D8F80430424636
:103D400009A9384698470028ADD03278A41AA4B201
:103D50009144B3E7B9F80430ADF81230D7E709F170
:103D600004030DF1110009F1140C53F804EB40F8B1
:103D700004EB6345F9D1CAE770B58EB0102B129CE5
:103D8000054606D06368224600210EB0BDE87040AB
:103D900018476389ADF80C30A389ADF80E3004A83C
:103DA00002238DF8103002900DF1110302F1100181
:103DB00052F8046B43F8046B8A42F9D12168C9B9FF
:103DC00042F602020023ADF8062001AACDE909233C
:103DD0008DF8043002AA0B938DF8363023890C92AB
:103DE000ADF834302246636809A92846984728B9B7
:103DF0000EB070BDFDF770FC0028E1D0218922468D
:103E00002846FFF7C9FEF3E72DE9F04F8FB0804653
:103E1000189E21B91078012807D002281ED0736897
:103E200032460021404698478FE08DF810104FF041
:103E3000040A013B9BB25345F1D3B3FBFAF34FF0B5
:103E400000090093541CCB464D4604AF009B53B968
:103E5000324659464046FFF79FFE76E08DF8100047
:103E60004FF0120AE5E723880193BDF804B0B9F1D9
:103E7000000F56D19DF81030002B3AD0022B3FD0C6
:103E80003168002948D1337C042B4DD14FF42053A5
:103E900002A938468DF80850ADF80A30FDF71CFC31
:103EA00010B342F6010303A938468DF80C50ADF863
:103EB0000E30FDF711FCB8B142F6020309A93846ED
:103EC0008DF82450ADF82630FDF706FC60B142F6BF
:103ED000030309A938468DF82450ADF82630FDF7C4
:103EE000FBFB08BB4FF00109009B013B00935444CE
:103EF000ACE7A378E27843EA0223ADF81230BFE7DB
:103F0000A31C0DF1110204F1120153F8040B42F845
:103F1000040B8B42F9D1B3E73846FDF7DDFB0028EF
:103F2000B1D04FF00009DFE7BDF80430ADF8343010
:103F3000CDE90975CDE90B5573688DF836503246D9
:103F400009A9404698470028CED10FB0BDE8F08FB0
:103F500073B504460D46F5F74DF929462046FFF79F
:103F6000F8F8014620B902B0BDE87040F5F77ABE16
:103F700046682046E9F718FFF5F774FE2EB10023D6
:103F800000951A460E212046B04702B070BD2DE9BB
:103F9000F04705468A4690469946E9F779FFF0B121
:103FA0008468E4B154F8147907B1143F2389534568
:103FB0000ED16A7AA37B9A420AD326684B464246C0
:103FC00021462846B04718B921462846EBF7E2F9C2
:103FD0002FB1786900B114383C460746E6E7BDE8E2
:103FE000F0872DE9F04F87B0CDE900218046E9F751
:103FF0004FFF074640B1DDE9002103A801F050F969
:10400000BDF81030042B02D807B0BDE8F08F0421B2
:1040100003A8EDF7B7FBBDF81030B0F802B05B4570
:10402000F2D3BC6804B354F8146906B1143E814657
:1040300039F804AB238953450FD1A27B98F8093096
:104040009A420AD825685B464A4621464046A84718
:1040500018B921464046EBF79DF92EB1726902B1BD
:10406000143A34461646E5E7594603A8EDF78AFBAD
:10407000C6E770B506460C46E9F7CCFE10B9012438
:10408000204670BD037ADA07F9D500F10C05284601
:10409000FFF76DF9C307F2D40CB90024F0E76FF015
:1040A00002012846FFF778F910F0020F304606D0DB
:1040B000FFF76BF801212846FFF75FF9E0E7FFF70C
:1040C00062F80028E9D03046FFF778F80446002867
:1040D000E3D06FF002012846FFF75EF93046E7E7CC
:1040E000F7B50546A0F10806002756F8044B7CB149
:1040F00004F19001207A0191FDF7B1FE019938B1E8
:1041000046F8047C207AEBF755FA2046E8F722F8C7
:10411000AE42EAD103B0F0BDC27A837CD0F8EC00A5
:10412000C07802F0010203F0010328B952B9002B54
:104130000CBF0323002309E052B9002B0CBF03235B
:10414000012303E0002B0CBF012302234B707047B7
:104150005B00FBE70720704708B50621FEF718FB58
:1041600000B1EC3808BDBFF35B8F0068BFF35B8F15
:10417000084100F00100704710B50346D9B1C88965
:1041800010F0240F17D01A7D5C7B097BA24228BF58
:104190002246914201D9002010BD820604D4187A2B
:1041A000003818BF0120F7E70521181DFFF7DBFFD6
:1041B0000028F4D1EFE70120EEE708B5D0F8EC20B5
:1041C000927A032A034614D005D8013A012A94BFF3
:1041D0000020082008BD042A0FD1027D417B8A42BD
:1041E00028BF0A46102A0AD105210430FFF7BBFF79
:1041F00008B11B7A2BB90320ECE70820EAE7062078
:10420000E8E70020E6E7012303FA01F1C943BFF321
:104210005B8F50E8003F0B4040E80032002AF8D1A5
:10422000BFF35B8F70470B6803608B8883808B794B
:104230008371704710B414681C6054685C600A682D
:104240009A604A68DA605DF8044B1A46194601F034
:1042500034BF70B5C2B00D461646014616AA684670
:104260001C46FDF7CEF850B1324629466846FDF7A8
:10427000F3F820B169462046FDF759F918B96FF0F7
:10428000040042B070BD0020FBE713B504460A21CC
:104290000430FFF768FF10B1002002B010BDD4F861
:1042A000BC3083B904F19002217A01922020ECF70E
:1042B000ADFD019AC4F8BC0028B9217A0420ECF7BE
:1042C000A5FDC4F8BC00D4F8BC30002BE4D0DA89DA
:1042D00002F02402002ADFD0A27A022A02D95B7BF4
:1042E000DB07D9D50120D8E737B513460022009265
:1042F00004460D460A46D0F8EC000621FEF7A0F968
:1043000028B1284603B0BDE83040EDF72DB94FF491
:104310007022002304F5C07003B0BDE83040F4F70C
:1043200069BD10B5431E00F11002073013F8011FDC
:1043300012F8014D1C7083421170F7D110BD2DE9A8
:10434000F04397B00446164605A810221D46DDE945
:104350001F98219FEBF7DEFA1022314609A8EBF7F0
:10436000D9FA102229460DA8EBF7D4FA1E99032298
:1043700011A8EBF7CFFA4946D9F8010011F8013B33
:104380008DF8473012908B88ADF84C30062212A879
:10439000EBF7C0FA4146062211F8013B8DF84E308A
:1043A000D8F80130CDF84F300DF14F008B88ADF8C3
:1043B0005330EBF7AFFA2146102201A8EBF7AAFA27
:1043C0003B46412205A901A8FFF743FF044610B967
:1043D0003846FFF7A6FF204617B0BDE8F083F0B5DA
:1043E00097B014460E462022014605A81D461C9F84
:1043F000EBF790FA202231460DA8EBF78BFA214615
:10440000102201A88DF85450EBF784FA3B46412264
:1044100005A901A8FFF71DFF044610B93846FFF7AC
:1044200080FF204617B0F0BD012303FA01F1BFF36E
:104430005B8F50E8003F0B4340E80032002AF8D180
:10444000BFF35B8F704708B50E21FFF7EDFF00202B
:1044500008BD10B5072104460430FFF7E5FF08202A
:10446000EBF740FA20B92046BDE81040EBF72ABC34
:10447000002010BD38B505460B4604300D21FFF76E
:1044800072FEA0B19C68D5F8EC300220197A03F1D5
:10449000900200F0A7FE034678B122462A3304F1C9
:1044A000100152F8040B43F8040B8A42F9D1284654
:1044B0000921FFF7B9FF002038BD0820FCE738B517
:1044C00005460B4604300D21FFF74DFEA0B19C6858
:1044D000D5F8EC300420197A03F1900200F082FE46
:1044E000034678B122461A3304F1100152F8040B46
:1044F00043F8040B8A42F9D128460721FFF794FFBD
:10450000002038BD0820FCE770B5051D0E46284682
:104510000421FFF728FE70B94FF470220021002318
:104520000846FEF78AF8044638B904212846FFF702
:104530007BFF204670BD0022F0E701210830EDF737
:1045400043F90670F5E738B502210446FFF7DCFFB2
:10455000054680B106210830EDF736F9D4F8113060
:104560000360B4F815308380002220462946FFF707
:10457000BBFE002038BD0820FCE738B50421044606
:10458000FFF7C2FF0546A0B110210830EDF71CF976
:1045900004F1270304F1370253F8041B40F8041B0D
:1045A0009342F9D1204600222946FFF79DFE0020C4
:1045B00038BD0820FCE770B50C460D210646FFF714
:1045C000A3FF054698B110210830EDF7FDF821460C
:1045D00004F1100351F8042B40F8042B9942F9D14F
:1045E000304600222946FFF77FFE002070BD0820DC
:1045F000FCE770B504468EB0102200210AA802F034
:10460000DDF9237A052B20D8DFE803F00603030643
:104610001F21D4F8D8300A93D4F8EC3004F14700C5
:1046200004F1C706CDE9016003F19E0004F1270102
:1046300004F137020090973304F19700CDE904129A
:10464000EBF72CFADDE9041288B1082028E0D4F851
:10465000E430002BE0D00AAD03F110061868596869
:104660002A4603C20833B3421546F7D1D4E7D4F83B
:10467000EC3003F19E00973306AD019304F10A0379
:104680000290009303950AAB3046FFF758FE0028CE
:10469000DBD10D212046FFF7C7FE2946FFF78BFF30
:1046A0000EB070BD2DE9F043044691B010220021F8
:1046B0000CA802F083F9237A052B1ED8DFE803F05B
:1046C000060303061D1FD4F8D8300C93D4F8EC3041
:1046D00004F1470204F1C705CDE9015204F13706A0
:1046E00003F19E0204F12707009297333A463146C0
:1046F00004F19700EBF7D2F988B108255FE0D4F810
:10470000E430002BE2D00CAD03F1100618685968B4
:104710002A4603C20833B3421546F7D1D6E7D4F888
:10472000EC3003F197029E330DF12008019304F160
:10473000110302920093CDF80C800CAB324639463F
:104740002846FFF7FCFD0028D7D1237A052B0FD18F
:10475000D4F8E010B9B30B460DF1300C01F1100E96
:1047600018685968624603C2083373459446F7D106
:10477000D4F8EC3003F19E0297330DF11009019348
:1047800004F10A0302920093CDF80C900CAB3A4668
:1047900031462846FFF7D3FD0028AED11022494606
:1047A00004F1B70002F0D9F890B941462046FFF76E
:1047B00002FF054618B90121201DFFF735FE2846E6
:1047C00011B0BDE8F08310220CA802F0F7F8CFE793
:1047D0000B25F4E72DE9F041D0F8EC708E68FD78F8
:1047E00090B00446002D5CD1102229460CA802F09E
:1047F000E5F8237A052B1DD8DFE803F0060303064E
:104800001C21D4F8D8300C9307F197030DF1200840
:1048100002939E3704F111030093CDF80C800197A9
:104820000CAB04F1270204F1370104F1C700FFF7D4
:1048300086FDA8B10825284610B0BDE8F081D4F85F
:10484000E030002BE0D00DF1300C03F1100E1868B1
:104850005968624603C2083373459446F7D1D3E7DB
:1048600010223146404602F078F8C0B9227D637BC1
:104870009A4294BF00920093CDE90600ADF814006F
:1048800004F14703D4F8EC0005AA06A9FDF793FD4F
:104890000028CFDB0121201DFFF7C6FDCBE70B254C
:1048A000C9E7012D19D1071D10213846FFF7ABFCD0
:1048B000314604F1B70306F1100251F8040B43F836
:1048C000040B9142F9D107213846FFF74CFC05460D
:1048D00028B109213846FFF7A7FD0025ABE70A21DB
:1048E0003846FFF740FC10B109213846D4E720468E
:1048F00010B0BDE8F041FFF7D5BE00B5012303FAC3
:1049000001F1CA43BFF35B8F50E8003F03EA020C9A
:1049100040E800CEBEF1000FF6D1BFF35B8F0B4233
:1049200014BF012000205DF804FB70B5031D044690
:104930000025D0F8EC60BFF35B8F53E8002F43E80D
:1049400000510029F9D1BFF35B8F04F5C070F4F773
:1049500057FA2572BFF35B8F54E8003F44E80052DA
:10496000002AF9D1BFF35B8FF3782BB90B212046D6
:10497000BDE87040FFF758BD0121F8E7F0B589B0F8
:10498000DDE90E67054630788DF8000038788DF83F
:1049900001001068CDF8020090889279109C8DF883
:1049A00008201A68CDF809209A889B79ADF806008E
:1049B000ADF80D208DF80F3001F1100C20466A463D
:1049C0008C4524D122462146284601F076FB034639
:1049D00070BBB7F80520ADF81420D6F80120D7F841
:1049E0000100CDF81620B6F8052004900793ADF825
:1049F0001A2004F11000234604A9834210D1224654
:104A00002146284609B0BDE8F04001F056BB11F838
:104A1000013B12F801EB83EA0E0300F8013BCFE7FC
:104A200013F8012B11F8016B724003F8012CE4E735
:104A300009B0F0BD7FB50321D0F8EC400546FFF783
:104A400063FD0646C0B110210830ECF7BDFE04F14D
:104A50009E03973402900193009405F1100305F131
:104A6000090205F1270105F14700FFF787FF04461A
:104A700020B13046ECF778FD082009E002463146C7
:104A80002846FFF731FC281D2146FFF7BCFB2046D6
:104A900004B070BD08B5D0F8EC20D278034632B926
:104AA0000321FFF7C1FCBDE80840FFF7C3BF021DAB
:104AB0000A211046FFF757FB10B904211846F0E70A
:104AC00010460021FFF7B0FC002008BD70B58D68CE
:104AD000061D04460B213046FFF795FB2B4604F1DB
:104AE000170205F1100153F8040B42F8040B8B4236
:104AF000F9D1D4F8EC30DB783BB920460421FFF73C
:104B000093FCBDE87040FFF738BD05213046FFF744
:104B10002AFB20B92046BDE87040FFF7BBBF237ACF
:104B2000012B09D0022B13D120460421FFF77CFC76
:104B3000BDE87040EBF7BCBA0A213046FFF713FB23
:104B40000028F1D030460021FFF76EFC002070BD38
:104B50000820FCE72DE9F04385B0CDE90223DDF81C
:104B600034800446FFF7F8FA0546002800F09180EB
:104B7000BDF83090071DB9F1000F2AD1DDE90223FD
:104B8000134326D103213846FFF7EDFA08B301217C
:104B90003846FFF7E8FA0646D8B12C7D6B7B9C427D
:104BA00028BF1C46224605F14701404601F0E5FEBC
:104BB0000F2C06D8C4F11002494608EB040001F09E
:104BC000FDFE01213846FFF72FFC304605B0BDE859
:104BD000F083D4F8BC3083B904F19002217A0192B9
:104BE0002020ECF713F9019AC4F8BC0028B9217A07
:104BF0000120ECF70BF9C4F8BC00BDF83060D4F824
:104C0000BC00EEB9DDE90223134319D190B3C38987
:104C10009A0616D5047B00F11A012246404601F09F
:104C2000ACFE0F2C06D8C4F11002314608EB04008C
:104C300001F0C4FE01213846FFF7F6FB0126C4E768
:104C4000C0B1C389DB0715D508220DEB0201403046
:104C500001F083FE70B9D4F8BC0002220CA94830E0
:104C600001F07BFE064628B9D4F8BC100C7B4A3113
:104C70002246D3E70F213846FFF775FA20B102220A
:104C800006212046E7F706FD2846FFF74EFE0026E0
:104C90009BE7064699E76FF0850070472DE9F743DB
:104CA000C678044626B1012E3DD06FF0150405E00C
:104CB000FFF752FA054628B96FF07F04204603B08B
:104CC000BDE8F083061D03213046FFF74CFA10B112
:104CD0006FF00F04F2E701213046FFF744FA002895
:104CE000F6D12046FFF7D1FA28B9204603B0BDE837
:104CF000F043EBF7F3B8D4F8BC100B7B009301F151
:104D0000180201F11A0320461031FDF754FB044646
:104D10000028D3D10B212846FFF786FB012130461E
:104D2000FFF782FBCAE7FFF717FA05460028C3D052
:104D300000F1040804214046FFF715FA002850D17D
:104D400003214046FFF70FFA0028C1D13146404603
:104D5000FFF709FA0028BBD1A07AEAF73BFF68B158
:104D6000D4F8BC3083B9207A04F19001EBF7EAFF64
:104D7000C4F8BC0040B96FF00B049FE72046FFF772
:104D800084FA0028ECD190E72846EAF77FFF07462F
:104D900010B16FF0680491E70B212846FFF7B4FBD0
:104DA00006460028F5D001210830ECF70DFD8146BC
:104DB0000920EAF755FE3B4689F8000032462046B6
:104DC00000970621FDF73CFC044618B13046ECF78D
:104DD000CBFB73E70F214046FFF726FB0121284656
:104DE0009EE76FF0040469E7031D73B505460E46A0
:104DF00018460321FFF7B7F9F0B131462846EBF723
:104E0000D1FD05212846FFF77FFB044608B30121A9
:104E10000830ECF7D9FC06700026D5F8EC000096B7
:104E2000334622460621FDF70BFC18B12046ECF76D
:104E30009BFB304602B070BD01211846FFF793F985
:104E40000028DAD10F211846FFF78DF90028D4D1B8
:104E5000D7E76FF06800EDE770B505460820EAF780
:104E600041FD0446E8B1061D08213046FFF7CBF9A5
:104E7000002D3DD00721FFF7C6F9284604F197031E
:104E800005F1200250F8041B43F8041B9042F9D1AD
:104E90000A213046FFF767F968B109213046FFF76C
:104EA000C3FA0720EAF71EFD044618B1EAF70AFF25
:104EB0000146B0B970BD10213046FFF754F9092101
:104EC0000028EBD13046FFF74EF90028E9D0D4F89E
:104ED000EC30DB78204643B9FFF78BFB0028E0D0AD
:104EE00001462046FFF780FFDBE7FFF7DBFBF5E736
:104EF0000B20F5E72DE9F0418F683B78054623B19B
:104F0000BB7903F0C003C02B75D1D5F8EC4004F198
:104F1000900807223946404601F01FFD80B1207AF3
:104F20003946EBF7C3FF064650B101462846FFF766
:104F300023F910B90820BDE8F0813046EBF7C6FF31
:104F40000D21281DFFF70FF980B3217A4246022078
:104F500000F048F906460028ECD0E378CBBB04F11A
:104F60009E031A78012A1ED19A7902F0C002402AC3
:104F700019D1D3F80120C6F83A20B3F80530F387E9
:104F800094F890307BB194F8963003F0C003C02BB6
:104F900009D03946701CFFF746F94046FFF743F940
:104FA0002046E7F72FFB3046E5F742FE95F8E9305B
:104FB00023F002025B0785F8E92003D50A21284681
:104FC000FFF732FAE3783BB1B5F8E84074B100205E
:104FD000B1E704F19703C4E795F8E930002BF3D16A
:104FE0002846EAF7FDFE0028EED0A4E72146284631
:104FF000EBF7D8FCEBE70A209DE770B50B46D0F83D
:10500000EC5004460D210430FFF7ADF880B1297A49
:105010009E6805F19002042000F0E4F870B3324677
:1050200032F8023B0383D6F80230036153684361D0
:1050300094F8E93023F0010284F8E9209A070AD5B0
:1050400008212046FFF7F0F9EB7843B1B4F8E850B7
:105050007DB1002070BD5B07F6D50A21F1E794F819
:10506000E930002BF2D12046EAF7BAFE0028EDD055
:10507000F0E729462046EBF795FCEAE70820E9E748
:1050800070B50446A0F1EC0650F8943BE83CD3F828
:10509000BC50F3F7B5FE03212046FFF764F8A0B13A
:1050A00008213046EBF77EFC3DB1EB8913B16B7BF9
:1050B0009B0702D52846EBF709FF30464FF4D8721C
:1050C000BDE87040002101F079BC01212046FFF7C6
:1050D0004AF80028E4D10F212046FFF744F80028C1
:1050E000DED1E1E710B508210446A0F5C070EBF76A
:1050F00059FCA4F5BE700421BDE81040FFF794B937
:1051000070B50446FFF728F8054600285DD0061D57
:1051100003213046FFF727F8002856D0D4F8BC000A
:1051200008B1EBF7D3FE207A04F19001EBF70AFE09
:10513000C4F8BC0028B928460821BDE87040FFF734
:1051400053BE0E213046FFF70EF828B1D4F8BC202C
:10515000537B43F0020353732A7AD4F8BC10032A1A
:105160004B7B33D8AAB343F001034B732B7D6A7B8F
:10517000934228BF13460B7330460521FEF7F3FF19
:10518000D4F8BC305A7B38B342F010025A730D2168
:105190003046FEF7E8FFC0B1D4F8BC00202100F093
:1051A00031F8D4F8BC3005F147021A33573552F8BC
:1051B000041B43F8041BAA42F9D1D4F8BC200023F5
:1051C00013615361D4F8BC20138370BD053A012AE2
:1051D000C9D923F00103C8E722F010025A73F4E79B
:1051E000E5F726BD70B504460D461646EBF70EFEF4
:1051F00038B931462846EBF7A5FD10B1C3891C43E9
:10520000C48170BDC3891943C181704770B505461B
:1052100098B01446184615B96FF015041CE05022DA
:1052200004A9A047041EF7DB02A92846FCF72EFAC2
:1052300006460028F0D101A92846FBF7B9FC0198E1
:1052400068B99CB902AA21463F20EBF7DFFD18B1EF
:105250005C22214601F0B2FB204618B070BD0A2244
:105260003146F7F741FA0028EBD0D5E702A9002034
:10527000EBF768FD58B1502C02D0EBF727FECBE7D7
:10528000224604A90C3001F078FB0024E4E76FF01B
:105290000B04E1E77047C16A49680968EBF7B8BEDB
:1052A00092B281600160C2808280704710B503684D
:1052B0001C780121ECF746FA204610BD10B50368B2
:1052C0001C880221ECF73EFA204610BD0268806877
:1052D000101A70478388C288D21A03688068181A27
:1052E000101A704713B50C4611460192ECF76CFA90
:1052F000019A214602B0BDE8104001F03EBB10B556
:105300000C460121ECF760FA047010BD10B50C4694
:105310000221ECF759FA0470240A447010BDA0F180
:105320000803BFF35B8F53E8002F511C43E8001CB8
:10533000BCF1000FF7D1BFF35B8F1AB990F87E0074
:10534000ECF7CEBA6FF00F03836670474FF040035F
:10535000EFF3118283F31288BFF36F8F036803F0BA
:10536000C00343F00203036082F31188BFF36F8F21
:105370007047F8B5069F0469C9B24FF04005EFF3D6
:10538000118C85F31288BFF36F8F0C2606FB014644
:10539000B56C05F0070EBEF1010F11D1B764002501
:1053A0008CF31188BFF36F8F45B90C2606FB0144BF
:1053B000C4E91023436853F8313098472846F8BDB4
:1053C00005F0C005AF4214BF4FF0FF356FF0770511
:1053D000E6E713B580240094FFF7CBFF02B010BDC1
:1053E0000069CBB200EB4310002110470020EFF71B
:1053F0006BBB0020EFF792BB8022ECF711BC10468C
:10540000F2F776BF43685B68D3F810350B60002075
:10541000704743685B68D3F8040542400A40424045
:10542000C3F804250020704743685B680020C3F878
:105430000815704743685B680020C3F80C15704777
:1054400043685A68D2F804355940C2F80415002060
:10545000704738B5CB0704461DD4C1F3420101297A
:1054600016D0022917D14FF0C8632569AA6B934261
:1054700014D0AB6395F840302BB16068F1F7C0F9F8
:10548000002385F840302046BDE83840ECF7D0BF17
:105490004FF0CC73E9E76FF0150038BD0020FCE752
:1054A00013B501AA044600F0F3FC002805DB019BBC
:1054B00022681979186800F043FD02B010BD10B5DC
:1054C0000446002201210320E3F726FD6368002142
:1054D000D868FFF7E5FF002804DB2046BDE8104050
:1054E000ECF7A6BF10BD70B5466805460C4661B125
:1054F000012919D1F0680021FFF7D2FF002815DB40
:105500002846BDE87040ECF793BF056995F8403038
:1055100023B13046F1F774F985F84040F068012175
:10552000BDE87040FFF7BCBF6FF0850070BD01EBB8
:1055300040008088C0F30E0020B18B89834294BF65
:1055400000200120704713B501AA044600F0A0FC1A
:10555000002805DB019B22681979186800F0F0FC2F
:1055600002B010BD70B5466804460D4661B1012910
:1055700018D1B06A0021FFF7E6FF002814DB2046AF
:10558000BDE87040EDF7D4B83046F0F775FC294619
:105590002069102201F012FAB06A0121BDE87040C2
:1055A000FFF7D1BF6FF0850070BD2DE9F347BDF85F
:1055B00028A04768046903290E46154698460AF054
:1055C000010A73D85FFA81F948462146FFF7AFFF19
:1055D000002864D10246D0B2814504D02146FFF7AD
:1055E000A6FF00285BD10132042AF4D1012297F8EA
:1055F0000EC0BCF1010F04BF6D084FEA5808FDB1A1
:105600002368AB421CD00023201D9E4205D030F8F9
:105610001310C1F30E01002948D10133042BF4D13A
:1056200029460023B1F5004FD8B23AD2A0733868AA
:105630002560A181C0F80C35C0F804C5C0F8081574
:10564000A37BBAF1000F14BF00214FF4004128FAE8
:1056500003F304EB46060B43B38021464846FFF7AD
:1056600066FF80BB38684946EDF704F800280CDB7C
:10567000B8F1000F43D1ADBB019001A8EDF716F8CA
:10568000019A01239340C0F80C350022D0B2814525
:1056900011D02146FFF74BFF68B1002008E000223F
:1056A000A5E70133082B4FEA5101BBD16FF015007C
:1056B00002B0BDE8F0870132042AE7D10021384664
:1056C000F0F7C2FCE9E7002AE7D03846F0F78EFC95
:1056D0000028FAD00223012207F118013846F0F71A
:1056E00013FCDAE7BAF1000FC6D0019001A8ECF77D
:1056F000DDFF019A01239340C0F80835C5E7454511
:10570000F3D1BAF1000FB7D1EFE730B50B6813B999
:105710001360184604E00468656815B120681560D8
:1057200030BD0834013B04600B60EFE713B501AAFC
:10573000044600F0ADFB002805DB019B22681979C7
:10574000186800F0FDFB02B010BD70B545680C464E
:1057500039B1012910D10021686ABDE87040FFF716
:10576000E5BF066996F86D3023B12846F0F7BEFD17
:1057700086F86D400121EFE76FF0850070BD38B508
:1057800003680446E3B19868D0B10568C5B149B172
:105790000121EDF715F823689B689868BDE838404B
:1057A00000F0C1BF12B99B88DB0409D4806800F007
:1057B000BAFF236800219868BDE83840EDF700B8CB
:1057C00038BD10B5012200210446FFF7D8FFA369B8
:1057D00033B9636004F11000BDE81040F2F788BDF2
:1057E00010BD006903688B4210B506D190F86C407B
:1057F00034B9FFF7E6FF204610BD6FF01500FBE758
:105800006FF00F00F8E710B503780C46002B3DD180
:105810008B6D9BB18A6E9A4210D89B1A8B654BBBDD
:105820004B6C08334B648B6C013B8B6401F1580269
:1058300004F144004831FFF768FF6065236EA3B1AF
:10584000A26E9A4211D89B1A2366CBB9E36C083337
:10585000E364236D013B236504F1600204F1500110
:1058600004F14C00FFF751FFE065606EBDE81040A9
:10587000EDF796B84B6D002BE0D013444B65DDE798
:10588000E36D002BF1D01344E365EEE710BD4FF05C
:10589000FF30704708B5034640681B6993F8243011
:1058A0008B4204DBC9B2F1F7A1FB002008BD6FF009
:1058B0001500FBE738B50269446801F00103C3F144
:1058C000090389072568116ADBB248BF03F0F703B3
:1058D000C5F80C354FF47A720023C803490CBBF7A6
:1058E0004DF9C5F804052046F1F702FB002038BD4C
:1058F00038B505460C4600F0EBFC002D07DBA8424E
:1059000005D9401B84428CBF0020012038BD0020F7
:10591000FCE770B50D462846194616461C46FFF7AB
:10592000E7FF38B14CB122462946304601F025F850
:10593000002070BD6FF01500FBE72046F9E74FF03F
:105940008042D2F8103523F01F03184340EA41018A
:10595000C2F8101570472DE9F7431C4683684FF0D5
:1059600000081B69C4F800800D461646C4F808807C
:1059700001AA69469847DDE9007C404607F1040E1C
:10598000604504D16FF0150003B0BDE8F0835EF808
:105990003090A1682268C4F8049085B9731A57F84A
:1059A0003080434528BF434603FB092219449845EC
:1059B0002260A16000F10100E2D90020E4E7AB1A07
:1059C000B3FBF9F3EBE713460022FFF7C4BF2DE961
:1059D000F047836886B01B698846914601A902AAF0
:1059E00098470024A2462546029BAB4202D806B047
:1059F000BDE8F087019F07EBC50700267B6804938D
:105A00003A68B2420AEB060302D801359A46EBE740
:105A1000494603A803940593C0470028E7D0049B98
:105A200001361C44ECE702690B46D2E9010183E828
:105A300003000020704743681B68D3F88004C3F854
:105A400080047047436802691B68D3F8100148B1AD
:105A5000527D0A700020C3F81001D3F810210122F2
:105A60001A6070474FF0FF307047002A0FDD43681F
:105A70001A68D2F8103153B103690020C2F810013E
:105A8000D2F810015B7D0B70012010607047002080
:105A90007047436801691A684FF04000EFF31183C3
:105AA00080F31288BFF36F8FC968002088734FF4AA
:105AB0008001C2F8041383F31188BFF36F8F70471E
:105AC0000369DB6801229A7370470369DB689A7B7C
:105AD00002F0FF0162B942681268D2F8580140B181
:105AE000D2F8040310F4800003D01961012070473C
:105AF0000020704743681B68D3F81001003818BFB6
:105B00000120704743681B681022C3F804237047C4
:105B100043681B681022C3F80823704743681B685A
:105B20004FF40072C3F80423704743681B684FF4B6
:105B30000072C3F808237047012070470369DB68CF
:105B4000C3E9001270472DE9F341D0F804800F46F5
:105B50000DF10701D8F8004005461646FBF727F976
:105B60009DF80730D3B9C4F84475C4F84865C4F843
:105B70002031D4F82021C4F85831D4F85831D8F85D
:105B80000430DB0608D56B681B680822C3F80025C3
:105B90004FF48003C4F804330123A36002B0BDE8CE
:105BA000F08138B543681D68D5F804335B020446BC
:105BB00005D4D5F8040310F0100006D138BDFFF766
:105BC00084FF0028F5D00120F8E72046FFF792FF78
:105BD000003818BF0120F1E70268D2F8583143B904
:105BE0004168890707D4D2F82001003818BF012086
:105BF00070470120704718467047F8B50669F3688A
:105C00009C89BFF35B8F9442A8BF144605461033AE
:105C1000012253E8000F002803D143E80027002F9A
:105C2000F7D1BFF35B8F0CBF134600231DD01C467A
:105C30002046F8BDF268C85C9268D0540133A34294
:105C4000F8DB4FF04003EFF3118783F31288BFF3C3
:105C50006F8F6868FFF7C0FFF36840B918610446AA
:105C600087F31188BFF36F8FE2E70023E7E79968B6
:105C700022462846FFF767FFF2E742681368D3F829
:105C80000413C90510B418D5D3F82011A9B14FF0E9
:105C90004004EFF3118184F31288BFF36F8FD3F8C0
:105CA000204134B10024C3F82041D3F8204101241D
:105CB000DC6081F31188BFF36F8F5268D2061AD56A
:105CC0004FF04002EFF3118182F31288BFF36F8F20
:105CD000D3F8582112B10022C3F800250269D26816
:105CE0000AB112691AB94FF48002C3F8082381F38C
:105CF0001188BFF36F8F0269D2685AB1D3F8581177
:105D000059B1947B002111613CB14FF48000C3F87C
:105D1000080391735DF8044B7047D3F8241121B147
:105D20000021C3F82411D3F824311368002BF1D0DB
:105D300051685DF8044B184713B501AA044600F0FA
:105D4000A7F8002805DB019B22681979186800F084
:105D5000F7F802B010BD2DE9F041456807692C68DD
:105D6000064611B3012940F084806B68DA0712D42B
:105D7000287A0823C4F80035A8B9C4F81001D4F86B
:105D8000103101232360FB686BB1DB7B5BB1102317
:105D9000C4F8043305E0E8680021FFF7CDFF0028D0
:105DA000E6DABDE8F0810020FBE7D4F84C3123B3FC
:105DB000FA6862B1D4F8043303F01003002B14BF67
:105DC00001230023D3731CBF1023C4F8083301231D
:105DD0006360D4F844311BB9D4F82431002BF8D0D7
:105DE0000023C4F84C31D4F84C21C4F84431D4F821
:105DF0004421C4F81031D4F810316B6813F0020854
:105E000017D14FF48073C4F808334FF47A772846DB
:105E1000FFF7E2FE20B9012000F0CBF9013FF6D1F7
:105E2000D4F858312BB9C4F82031D4F820310123EB
:105E3000E3604FF47A77D4F8583123B9012000F0A9
:105E4000B8F9013FF7D1B8F1000F03D14FF48073D7
:105E5000C4F8043373681B680022C3F800256B681C
:105E6000DB07A0D5E8680121FFF766FF00EAE070D4
:105E700097E76FF0850094E7002208B511461046B9
:105E8000F7F720FC002818BF6FF0150008BD704719
:105E900030B543681360037A03F10053013BDB0024
:105EA000456814681D44AC4202D96FF0010030BD52
:105EB00065798D4202D008341460F1E70020F6E7DE
:105EC00007B5019001A8EDF759FE019A012393400F
:105ED000C0F80C3503B05DF804FB07B5019001A8CC
:105EE000EDF74CFE019A01239340C0F8083503B04A
:105EF0005DF804FB09B9FFF7E3BFFFF7EEBF73B529
:105F000000F48053002B044600F03F0301A807BFB4
:105F10000E461546012500260193EDF72FFEC4F32A
:105F20008111019B04F4706444EA810444EA06018F
:105F300003F5E07341EA450140F8231002B070BD5B
:105F400070B51546044600EB8106A64201D100203B
:105F500070BD23681A0C192A69D8DFE802F00D1801
:105F60001F3E24343E68686868434868686868680B
:105F7000686868684D595E6303F03F03C5F80C35E7
:105F8000206800F03F00FFF7A8FF012204E003F0C3
:105F90003F03C5F81435002211460FE003F03F031C
:105FA000C5F80835ECE703F03F03C5F8083520686D
:105FB00000F03F00FFF784FF002201212068FFF777
:105FC0009EFF0434C1E703F03F03C5F80C35206899
:105FD00000F03F00FFF774FFD7E703F03F03C5F879
:105FE0001035D8E703F03F03C5F80835D3E703F0D1
:105FF0003F03C5F80C35CEE703F03F03C5F8603525
:106000002068C0F3403100F03F00FFF773FFBCE7AA
:1060100003F03F03C5F86435F2E703F03F03C5F82A
:106020006835EDE703F03F03C5F86C35E8E76FF03E
:1060300085008DE708B50020E3F748FD404080F378
:1060400011884FF0030002DF704738B58389054699
:1060500073B3037DA3B1022B2AD14FF0FF304FF071
:10606000FF31EDF7CDFD044640B9A868D4F7A1FA99
:106070000446EDF7CDFDB4B1EDF7F2FE204638BD94
:106080004FF0FF304FF0FF31EDF7BAFD0446002826
:10609000F4D1A868EDF77AFF0446EDF7B9FD002CBE
:1060A000ECD1EDF7DDFE2846EBF75EFA0024E5E7DC
:1060B0006FF01504E2E7EDF7DBBE30B58DB00C46AE
:1060C000014668461546EEF7A9FA214604A8EEF700
:1060D000A5FA4FF0FF304FF0FF31EDF791FD044688
:1060E00060B908AA04A96846D3F73BFF0446EDF758
:1060F0008FFD1CB908A92846EEF790FA20460DB08E
:1061000030BD0021EEF730BC90F84010012901D8D5
:10611000EEF72ABC12207047404080F311884FF000
:10612000030002DF7047684620F007018D4601B585
:10613000BDF7CCFBE2F728FFE3F7A2F8BDE801408A
:1061400085467047684620F007018D4601B5BDF7CA
:106150003BFBE2F719FFBDE8014085467047684602
:1061600020F007018D4601B5D3F737FCE2F70CFFAD
:10617000E3F786F8BDE80140854670477047BDF7F4
:10618000F9BFBEF7A7BB7047F7F744BA08B5E2F707
:10619000A9FDE2F75BFEBDE80840F7F73BBA4FF018
:1061A0008053D3F83001A0F108035842584170479A
:1061B000004700F0B8BA43090BD0012B4FF6FF732C
:1061C00018BF002300F01F0023FA00F000F00100C8
:1061D00070474FF0FF33F5E708B50246EEF792FF40
:1061E00010B11046EEF778FF00F0010008BD800006
:1061F00000F5807070472DE9F341019001A80E462B
:10620000DDE9084790461D46EFF700F8019BB8F11D
:10621000000F00EB830014BF02230023002E18BFE1
:1062200043F00103002D14BF0C210021002C43EA90
:10623000010314BF4FF4E0610021002F43EA010382
:10624000D0F8002714BF4FF4403100210B4322EA5D
:10625000030306B13678B8F1000F03D098F8008038
:106260004FEA48081E430DB12D78AD0046EA0806F6
:106270000CB12278140235430FB13F783F042C4310
:106280003C43C0F8004702B0BDE8F0811FB50DF1F6
:106290000F03019300238DF80F1000931A4619463F
:1062A000FFF7A9FF05B05DF804FB4FF080521369BA
:1062B00052695343984209D331B1A0F11020B0F58F
:1062C000427F2CBF00210121084670470121FBE7D6
:1062D0004FF080531A695869504370474FF080530C
:1062E000186970474FF080535869704700F1804338
:1062F0001A68002A1FBF00221A601B68012008BF0D
:106300000020704708B5EFF779FBBDE80840FFF7BC
:1063100036BF10B502240C724A72096871B112F0CE
:10632000040F0CBF82219221140748BF41F02001C5
:10633000D40648BF21F08001C0F8001312064FF0C8
:106340000001C0F8041158BF0122D0F8044156BF23
:10635000C250C018084610BD07B5019001A849B940
:10636000EFF7A4FE019A01239340C0F80C3503B067
:106370005DF804FBEFF79AFE019A01239340C0F801
:106380000835F4E7C37FFF2B07D0827F920758BF01
:1063900081F001011846FFF7DFBF704707B5019094
:1063A00001A8EFF783FE019B03F5E073022240F89A
:1063B000232003B05DF804FB0B7B032B2AD8DFE816
:1063C00003F022261A028B685A0304D5D0F84C3504
:1063D0000A699A4207D18B685B031BD4D0F84C350D
:1063E0004A699A4216D000230622C0F80035C0F848
:1063F000002518467047D0F84C350A699A42F2D108
:10640000D0F83C35ECE7D0F84C350A69E9E7D0F82C
:106410003C35FAE70120704707B5019001A8F0F775
:106420001BFE019A01239340C0F8083503B05DF8C4
:1064300004FB0369C26893429CBF80681B18013B40
:10644000981A70472DE9F8430446D0E9028067683E
:10645000A8EB0006964200EB02058946384406D9AF
:1064600000F08BFABFF35F8FE560BDE8F88332463A
:10647000A5EB080500F081FA60682A4609EB0601E1
:10648000EEE72DE9F843C5680646894617464FF002
:1064900000083469B3687068A54228BFE418013C5D
:1064A000621B5C1BBC4228BF3C46944228BF14467A
:1064B00049462246284400F060FAB3682544A044C7
:1064C000A1443F1BAB4208BF0025BFF35F8FF560BF
:1064D000002FDED14046BDE8F883F0F763BE08B573
:1064E000FFF7FBFF002008BD704738B1C36818886C
:1064F000C0F30800A0F5807358425841704700F07F
:106500005DBA00F03ABA10B400F10C04C0E90344DB
:106510005DF8044BE0F7ECBD30B50024C461846045
:1065200041EA020414F00304C0E9033241610CD1D2
:106530008461A34203D1C0E90000002030BD856919
:106540000D60013481611144F3E76FF01500F5E748
:10655000EFF30580003818BF012070476FF0570037
:106560007047F3F7E3B808B5E1F7F8FBBDE808407A
:10657000FFF78DBC90F90E308B4201D0F3F770BA63
:10658000002070470023C0E90233C0E9000018462C
:10659000704710B5044630B10268930703D04468D1
:1065A00009B100F0B0F9204610BD0023C0E9003366
:1065B000836000F10C03C0E9033300F11403C0E968
:1065C0000533704707B50123009300230A46194697
:1065D000F1F72AFD03B05DF804FB07B500230A4676
:1065E00000931946F1F720FD03B05DF804FB5AB1A2
:1065F0008A4209D300F11003C0E90212C0E9000089
:10660000C0E90433002070476FF01500704702683E
:1066100001238B4022EA0303036022FA01F000F019
:106620000100704738B5032105460C30FFF7EFFF36
:10663000044618B105F11000F4F70AF8204638BDF9
:1066400020B100221146D030F3F76CBE7047C3680A
:1066500070B5C3F340059B07044616D48668022133
:106660000C30FFF7D4FF80B1D6F8C8206AB194424D
:106670001BD12268D6F8CC108DB98C42C6F8C82040
:1066800001D1C6F8CC2000232360E36813F00F008B
:106690001EBF43F00203E36003F00F0070BD8C42A5
:1066A0002A6008BFC6F8CC50EDE715461268DDE752
:1066B000F2F752B990F90E3091F90E00834214BFEF
:1066C000C01A00207047034620B9EFF305820AB9CB
:1066D000E2F79ABC83F31188BFF36F8F70474FF0D6
:1066E0004003EFF3118083F31288BFF36F8FFFF73E
:1066F000EABF0368984214BF18460020704738B5B7
:10670000054600202C68A54200D004B938BD2046BB
:10671000F2F728FE2046F2F7C1FF0120F2E708B5A4
:10672000F4F736F908BD08B1E3F7E6B97047B1F1FF
:10673000FF3F08BFB0F1FF3F38B505460C4620D0FB
:1067400051EA000303D1BDE83840F4F721B96FF0F6
:1067500001031B1A4FF0FF3161EB0402002A02DB38
:106760001846114638BDF4F713F9012D224674F18D
:1067700000042B46BCBF01230022181841EB020184
:10678000F0E74FF0FF300146ECE710B50446F3F7B1
:106790005FFFB0B9636A0BB12046984704F1180057
:1067A000F3F7DCFA68B1F2F779FF4FF04003EFF34B
:1067B000118083F31288BFF36F8FBDE81040FFF79D
:1067C00082BF10BDF8B50D46D0E9001388420446DB
:1067D0000DD063B1986800B16038A2F16007394606
:1067E000FFF768FF002802DC2668B44209D163681D
:1067F000C5E900431D606560F8BD6368B342F6D02B
:106800003668002EF3D0B16801B160393846FFF721
:1068100051FF0028F1DD7368C5E900631D607560F4
:10682000EAE72DE9F341846805460E4644B16378F2
:10683000012B37D114F8533C13F002030AD1237013
:10684000EB68C3F345310E43002066F35233A86072
:10685000EB600BE054E90E23B3F1FF3F08BF12F1E8
:10686000020F06D1002323706FF00A0002B0BDE8CA
:10687000F081A4F160000190F2F774FD082E0CBFC6
:106880006FF003030023E36114F8533CDB0603D1EC
:1068900054F8487C01980FB10023D0E7F2F7FEFED0
:1068A0002770CDE7022BF7D12378002BC8D054F8FE
:1068B000047C002FF4D0A4F114014FF0000804F17F
:1068C00014000191F3F7C4FE0199C4F82C803846F6
:1068D000F2F78AF884F80080B2E703460068834242
:1068E00008D0D0E9003213605A600023C0E90033B9
:1068F000FFF797BF70470023C0E90000836070472F
:1069000000238360704720B1011F50F8040CF0F79A
:10691000DBBE704701460420F4F772BD37B5A0FB1B
:1069200001244CB910460192FFF7F4FF019A054685
:1069300020B9284603B030BD0025FAE7214600F013
:106940003DF8F6E77047704751EC100B10EE102A37
:1069500021F0004343EC102B704710B5013902447D
:10696000904201D1002005E0037811F8014FA342C5
:1069700001D0181B10BD0130F2E70A44914200F12A
:10698000FF3300D1704710B511F8014B03F8014FE8
:106990009142F9D110BD9A4208B501D9E3F774F8D4
:1069A000814204D88B189842F8D3814202D18318CF
:1069B0009942F3D3BDE80840FFF7DFBF0244034626
:1069C000934200D1704703F8011BF9E79A4208B5DA
:1069D00001D9E3F759F8BDE80840FFF7EFBF2DE90B
:1069E000FF4755EC104B002D0E4619462B46BBBFFA
:1069F00005F100431D4600232D230B700D9BDDF890
:106A000030A0914623F02008BCBF22461446B8F1BE
:106A1000460F05D0B8F1450F00D10136022100E044
:106A2000032103AB019302AB009345EC104B53469B
:106A30003246DBF7EDFBB8F1470F074602D119F0FC
:106A4000010F22D0B8F1460F07EB060910D13B78B1
:106A5000302B0AD10022002320462946B9F7C4FF73
:106A600018B9C6F10106CAF80060DAF80030994496
:106A70000022002320462946B9F7B6FF08B1CDF819
:106A80000C903022039B4B4507D3039B0E9ADB1BD4
:106A90003846136004B0BDE8F087591C03911A70A2
:106AA000F0E7F7B503460029B8BF494203F8022BC7
:106AB000B4BF2D222B22092942702ADD0DF10704D3
:106AC000A4460A27A6460A4691FBF7F607FB1615C9
:106AD0003035632A04F1FF340EF8015C3146F1DCF5
:106AE0003031AEF1020504F8011C441C2946614511
:106AF0000AD30DF10902A2EB0E02654588BF002200
:106B00001344181A03B0F0BD11F8012B04F8012F3B
:106B1000EDE7302330318370C170031DF1E72DE9BB
:106B2000F047164699468A680B69DDF82080934243
:106B3000B8BF1346336091F8432007460C460AB1AC
:106B4000013333602368990642BF336802333360F0
:106B5000256815F0060506D104F1190AE3683268C4
:106B60009B1AAB4226DC94F84320131E226818BF00
:106B7000012392062BD404F1430249463846C0470C
:106B800001301ED02368E568326803F00603042B49
:106B900008BFAD1AA36822690CBF25EAE575002578
:106BA0009342C4BF9B1AED1800261A34B5421AD17D
:106BB000002008E00123524649463846C0470130CC
:106BC00003D14FF0FF30BDE8F0870135C6E7E1188B
:106BD0005A1C302081F84300224494F8451082F872
:106BE00043100233C7E70123224649463846C047CF
:106BF0000130E6D00136D9E7034611F8012B03F83E
:106C0000012B002AF9D1704710B57AB1034601393A
:106C1000841813F8010B11F8012F904201D1A342FF
:106C200001D1801A10BD0028F3D1FAE71046F9E728
:106C300010B5024601448A42134603D01C78013243
:106C4000002CF8D1181A10BD2DE9F74F03690C6913
:106C5000A3420746C0F28180013C01F1140800F113
:106C6000140505EB8403019358F8243055F82420CB
:106C700001339A424FEA840B08EB8409B2FBF3F626
:106C800031D34FF0000E4046AC46F24650F8042B8C
:106C900093B206FB03E34FEA134E9BB2AAEB030346
:106CA000120CDCF800A006FB02E213FA8AF34FEAAA
:106CB000124E1FFA82FADCF80020CAEB124202EBF5
:106CC00023429BB243EA024381454CF8043B4FEA1E
:106CD000224ADBD255F80B302BB9019B043B9D4275
:106CE0001A462ED33C61384600F088F8002824DB91
:106CF000013628464FF0000C58F8042BD0F800E07D
:106D000093B2ACEB0303120C13FA8EF3C2EB1E42E8
:106D100002EB23429BB243EA0243C14540F8043BE5
:106D20004FEA224CE8D255F8242005EB840322B91F
:106D3000043B9D421A460AD33C61304603B0BDE88D
:106D4000F08F1268043B002ACCD1013CC7E71268DF
:106D5000043B002AF0D1013CEBE70020EEE7030CF6
:106D60001B04D3B90004102310F07F4F04BF0002AE
:106D7000083310F0704F04BF0001043310F0404F8F
:106D800004BF80000233002805DB10F0804F03F1C0
:106D9000010308BF2023184670470023E4E7036877
:106DA00013F0070201460BD0DA0723D4980749BF36
:106DB0005B089B0801200B605CBF0B6002207047E2
:106DC00098B2A8B91B0C1020DAB20AB908301B0A15
:106DD0001A0704BF1B0904309A0704BF9B0802303E
:106DE000DA0703D45B0800F1010005D00B6070479F
:106DF0001046E9E7002070472020704730B502694F
:106E00000C69121B0ED100F11403143103EB840042
:106E100001EB840150F8045D51F8044DA54203D004
:106E200005D30122104630BD8342F3D3FAE74FF079
:106E3000FF32F7E713B54A4311460192F5F71CF804
:106E4000044618B1019A0021FFF7B8FD204602B0B0
:106E500010BD82B001B901A942B14BB113780B60EA
:106E60001278101E18BF012002B070471046FBE7D1
:106E70006FF00100F8E79368013B002B10B49360BA
:106E800008DA9469A34201DB0A2903D15DF8044BB7
:106E9000F6F7BCB81368581C1060197008465DF806
:106EA000044B7047F8B506460F461446D518AC4259
:106EB00001D1002007E014F8011B3A463046FFF7E5
:106EC000DAFF431CF3D1F8BD49B1FF2A85BF8A23FD
:106ED00003600A704FF0FF3098BF012070470846EA
:106EE000704708B50620F6F713FB0120E2F746FDD0
:106EF00070B568224D1E55430E4605F17401F4F736
:106F0000BBFF044640B10021C0E900160C30A06070
:106F100005F16802FFF752FD204670BD2DE9F843E8
:106F20000646884600F148040027D4E90195B9F1E6
:106F3000010905D52468002CF7D13846BDE8F8834F
:106F4000AB89012B07D9B5F90E30013303D029469F
:106F50003046C04707436835E9E770B50E46B1F9DA
:106F60000E10002996B014461D4608DAB6F90C300A
:106F700000222A601A0610D44FF480630EE06A469D
:106F8000F6F702FB0028F1DB019A02F47042A2F549
:106F900000535A425A412A60EEE740230020236002
:106FA00016B070BD884210B501EB020402D98442CC
:106FB000234607D8431EA14208D011F8012B03F83D
:106FC000012FF8E7024401468A4200D110BD13F8B0
:106FD000014D02F8014DF7E71F2938B504460D466B
:106FE00004D9162303604FF0FF3038BD426C12B154
:106FF00052F821304BB9204600F016F82A460146D7
:107000002046BDE83840F6F78BBA012B0AD0591C50
:1070100003D1162303600120E7E7002442F825404E
:10702000284698470020E0E7FAF7E4BA10B50C4686
:10703000B1F90E10F6F7DCFA0028ABBF636DA38937
:107040001B1823F48053ACBF6365A38110BD2DE9E9
:10705000F0411F468B89DB0505460C46164605D5D3
:10706000B1F90E1002230022F6F7B0FAA389B4F9A1
:107070000E1023F48053A38132463B462846BDE8D8
:10708000F041F6F75FBA10B50C46B1F90E10F6F7FD
:107090009DFA431CA38915BF606523F4805343F414
:1070A0008053A38118BFA38110BDB1F90E10F6F76C
:0870B0005BBA0000EDF7D4BE4D
:0870B800B821FD7F010000007A
:1070C0009BFF030000000000A59A020000000000E2
:1070D000C51C0300A8710400DF6404000000000068
:1070E0002575030000000000717703000000000018
:1070F000CD1F03000000000019220300E07104000E
:1071000019220300C4710400114A030000000000AA
:107110008961040000000000592D0300FC71040087
:107120007135030018720400795E040034720400A3
:10713000D931030050720400BD3903000000000083
:10714000714A0300000000008D610400000000008F
:107150000D85030000000000911A03006C7204000A
:10716000BF5404008872040031270300A472040095
:1071700031270300C072040031270300DC720400D1
:1071800031270300F87204004D2E0300147304002D
:107190001D3C0300000000004D2803003073040074
:0871A000D59802000000000078
:1071A8003FAD0400187F0400007F04005C0D002040
:1071B80020420020D0750400000000003C8F04002D
:1071C800587F0400347F0400640D002080420020B2
:1071D800C875040000000000B3AD0400687F040017
:1071E800347F0400600D00208C420020C27504002A
:1071F8000000000016AE0400888104009C81040091
:10720800800D0020D8420020BC750400000000005A
:1072180073AE040000000000688204008C0D00209A
:1072280020430020B675040000000000D0AE040022
:107238000000000070820400900D00200000000093
:10724800B0750400000000001AAE04005882040063
:10725800F4810400880D0020D8090020AA750400D4
:10726800B4090020CFAC040000000000F47E040044
:10727800580D002000000000A47504000000000064
:10728800BAAD0400BC7F0400A47F0400680D002090
:10729800A00800209E75040090080020FEAD0400A0
:1072A800E8800400148104006C0D0020C84200200E
:1072B800987504001C09002004AE0400BC8004007A
:1072C80014810400700D0020B8420020927504005B
:1072D800EC0800200AAE0400908004001481040029
:1072E800740D0020A84200208C7504000C090020B1
:1072F80010AE04006480040014810400780D00209E
:107308009842002086750400FC0800204C9A04006E
:1073180000000000AC810400840D00200000000083
:1073280080750400000000005E8F0400588104008E
:10733800808104007C0D00203C0900207875040041
:047348002C090020EC
:10734C0005630400B161040000000000AD150400E9
:10735C0000000000AD150400A56C0300B161040031
:10736C006D650300B161040000000000AD15040060
:10737C001D570300B16104006C720400D51A0300A0
:10738C0000000000AD15040000000000AD15040065
:10739C0000000000AD15040000000000AD15040055
:1073AC0000000000AD150400204300200D36030042
:1073BC0000000000AD15040000000000AD15040035
:1073CC0035700300B1610400000000003D3A030079
:1073DC0000000000AD15040000000000AD15040015
:1073EC0000000000AD15040000000000AD15040005
:1073FC0000000000AD15040000000000AD150400F5
:10740C0000000000AD15040000000000014A03005C
:10741C0000000000AD15040000000000AD150400D4
:10742C0000000000AD15040000000000AD150400C4
:10743C0000000000AD15040000000000AD150400B4
:10744C0000000000AD15040000000000AD150400A4
:10745C0000000000AD15040000000000AD15040094
:10746C0000000000AD15040000000000AD15040084
:10747C0000000000AD15040000000000AD15040074
:10748C00507204007B5C040000000000AD15040089
:10749C0000000000AD15040000000000AD15040054
:1074AC0000000000AD15040000000000AD15040044
:1074BC0000000000AD15040000000000AD15040034
:1074CC0005000000B5CD0200000000000600000021
:1074DC00ADF80200000000000400000061D00200C2
:0474EC00000000009C
:1074F000207D040008000000C07D0400070000009B
:107500006BA3040000000000259B0200119C0200F8
:107510000000000015A9040000000000293204004A
:10752000000000000000000067AA04000000000046
:107530000339040000000000000000000DA9040051
:1075400000000000FDDD02004DDF02000000000031
:10755000D6AB0400000000000D520400F90D03003A
:10756000000000006DAA0400000000009F36040027
:0875700035E3020000000000F9
:10757800020000800080FF7F00800080FF7F008085
:107588000080FF7F00800080FF7F00800080FF7FF9
:1075980000800080FF7F00800080FF7F00800080E7
:1075A800FF7F00800080FF7F00800080FF7F0080D9
:1075B8000080FF7F00800080FF7F00800080FF7FC9
:0E75C800008000800F00FF7F00800080FF7FAA
:0A75D600FFFFFFFFFFFFFFFFFFFFB5
:1075E000000000000100000060003000000000000A
:1075F00000000000000000006000600000000000CB
:107600000000000000000000000000010000000277
:10761000000000040000000800000010000000202E
:1076200000000040000000800000001B0000003649
:10763000093E0300353F0300393C0300029ECADCCB
:10764000240EE5A9E093F3A3B50100406E001800F5
:107650002800000090011800280000002A00029E67
:10766000CADC240EE5A9E093F3A3B50100406E0245
:107670009ECADC240EE5A9E093F3A3B50300406E97
:10768000029ECADC240EE5A9E093F3A3B5020040F4
:107690006E00FFFFFFFFFFFFFFFFFFFFFFFF00FF89
:1076A000FFFFFFFFFF0062746C6500000000000038
:1076B00000000000000000000000000000000000CA
:1076C00000000000000000000000000000000000BA
:1076D00000000000000000000100010300000000A5
:1076E0000338FDD8704700004FBB610567ACDD3F34
:1076F000182D4454FB21E93F9BF681D20B73EF3FD9
:10770000182D4454FB21F93FE2652F227F2B7A3C50
:10771000075C143326A6813CBDCBF07A8807703C09
:10772000075C143326A6913C00000040FB21F93F82
:10773000000000002D44743E000000809846F83C94
:107740000000006051CC783B00000080831BF039C2
:107750000000004020257A38000000802282E336B5
:10776000000000001DF369350080E03779C3414314
:10777000176E05B5B5B89346F5F93FE9034F384D97
:10778000321D30F94877825A3CBF737FDD4F157543
:10779000000000000000F03F000000000000244056
:1077A00000000000000059400000000000408F4031
:1077B000000000000088C34000000000006AF8409C
:1077C0000000000080842E4100000000D0126341C0
:1077D0000000000084D797410000000065CDCD4136
:1077E000000000205FA00242000000E87648374217
:1077F000000000A2941A6D42000040E59C30A242B5
:107800000000901EC4BCD64200003426F56B0C4329
:107810000080E03779C3414300A0D88557347643D0
:1078200000C84E676DC1AB43003D9160E458E14331
:10783000408CB5781DAF154450EFE2D6E41A4B44A6
:1078400092D54D06CFF08044F64AE1C7022DB544EB
:10785000B49DD9794378EA4480230020482400204D
:10786000C471040019000000E07104000100000070
:1078700001000000C4090000B20C0000000000007C
:10788000E07104000A000000E07104000C00000038
:10789000E07104000B000000C4710400030000004C
:1078A00018260020E0260020C4710400110000000A
:1078B000C471040003000000C4710400190000003A
:1078C000E071040001000000C47104001600000013
:1078D000C471040011000000C4710400080001001C
:1078E000C47104000D000100C47104001E000000FA
:1078F000C471040005000000C47104001A000000F7
:10790000E071040007000100C471040010000100D0
:10791000C471040018000100C471040017000100C4
:10792000C47104001B000000C47104001F000000AB
:10793000A8270020C072040000000000002D3101C3
:1079400001000000E071040004000000F87204006F
:1079500000000000002D310101000000E071040072
:1079600003000000DC72040000000000002D310163
:1079700001000000C471040013000000C471040081
:1079800019000000C471040010000100C47104005B
:1079900018000100C471040017000100C471040044
:1079A00016000000E07104000700010039520200D7
:1079B000000000000000000000000000E071040072
:1079C00001000000E07104000A000000E071040002
:1079D0000C000000A472040000000000002D310122
:1079E00001000000E07104000B000000A47204001C
:1079F00001000000002D310101000000C4710400ED
:107A000019000000C47104001C0000000000000008
:107A10000000000000C000004C9A040001000000BB
:107A200000C00000002007004C9A04000200000083
:107A300000E00700000007004C9A0400030000006B
:107A400000E00E00006000004C9A040004000000FA
:107A500000400F00002000004C9A040005000000C8
:107A600000600F00002000004C9A04000600000097
:107A700000800F00008000004C9A04000700000006
:107A80000000000099150400DD8D0200F18C020059
:107A9000398D0200918D0200540700203C07002020
:107AA0004C070020000000004407002000000020D8
:107AB0000000000000000B0602000000C07A040075
:107AC0000000000011A304002600020200000020B4
:107AD00019A3040022000B11E87E0400F07A0400D0
:107AE000E87E0400F87A0400E87E0400007B0400CD
:107AF0002D0000008FE000200101000016E10020B1
:107B00000B00000084E0002002010000B5B9020073
:107B100001120000611B04000A1E00005B1B040030
:107B20000309000057180400040B0000FF180400AC
:107B3000060A0000AD1D0400070A00003918040001
:107B40000C050000AF1A0400050C0000ED1C040039
:107B50000841000035BD020009210000B9BD020046
:107B600012050000C1B2020013080000BDB30200FC
:107B700011000000F1B702000D0100004DB8020035
:107B8000E87E0400887B04000201000020EB002056
:107B9000FF010000511904003E010000B19E0200E7
:107BA00005040000311A040008040000711C0400E0
:107BB000300300000D1C0400100100004F180400E9
:107BC0000E030000D1A002000F040000A5A00200D7
:107BD0001A010000DF17040005040000659E020082
:107BE00013010000751904004900000024ED002075
:107BF000E87E0400E87B0400E87E0400007C0400CA
:107C00001F000000FFED002095250400C32504009F
:107C10000000000000000000AF260400000000008B
:107C2000000000000000000000000000AB2A04007B
:107C3000AB2D040000000000132D0400AB2A04004B
:107C400002020100F9D902000404010081D90200F6
:107C500006060100A5D8020008040100DDD70200D5
:107C60000A0201004B3004000C0401003330040010
:107C70000E04010091D602001004010089D5020013
:107C8000120201009F2F0400160401002D28040099
:107C9000180101002F2D04001E000400953004007F
:107CA00052020000C52F0400010402004DDB020057
:107CB000030202009930040005010200673004004D
:107CC000070402007130040009010200753004004D
:107CD0000B000200793004000D0002007D3004002A
:107CE0000F00020081300400110102008530040001
:107CF0001300020089300400170402008D300400D4
:107D000019000200913004001B020300CD2804007A
:107D10001D02050085D3020023040300BB280400D4
:107D2000F60C0020E337040000000000FA0C0020ED
:107D300000000100FE0C0020733A04000000000067
:107D40001C08002000000100060D002000000000BB
:107D50000000000000000000000000000E0D0020E8
:107D6000B5370400D1DF02006408002000000300E2
:107D7000120D0020733A04000000000024080020C7
:107D8000000001001A0D00201B380400E734040035
:107D900000000000000003001E0D0020733A0400E4
:107DA000000000002C08002000000100260D00202B
:107DB000A9E6020000000000000000000000010031
:107DC000E20C0020E337040000000000E60C002075
:107DD000000001000A0D0020733A040000000000BA
:107DE00034080020000001002E0D00204B38040054
:107DF000000000000000000000000100320D002023
:107E0000733A0400000000003C080020000001005C
:107E10003A0D002077380400000000000000000048
:107E200000000100EA0C0020733A0400000000008A
:107E30001408002000000100F20C00209F3804000C
:107E40000000000000000000000001000000000031
:107E5000000000002D010300060000007105030072
:107E600006000000CD4A040010000000ED060300EB
:107E700010000000790B030001000000BF44040063
:107E800010000000FB4F04000A00000075440400CD
:107E900010000000F54E04000700000055410400EA
:107EA00010000000E9FF020001000000E1030300F0
:107EB00040000000D54704001000000047440400C3
:107EC000010000005505030081500400C10B0300B0
:107ED00000000000990A03000000000000000000FC
:107EE0000000000000000000910F030000000000EF
:107EF000955204000D180300F91803005802000001
:107F00001D1E0300F9530400D353040000000000B9
:107F1000E51B030000000000B91D0300591E03000B
:107F2000ED530400F3530400A91B03009D1C030040
:107F300000000000D922030005540400135404007B
:107F4000295404003554040041540400E92003007E
:107F50003D20030000000000FFFFFFFF0000005075
:107F60000000000000000000FFFF000000030050C0
:107F7000000000000100000000300040947F040079
:107F8000020000000B000C002E000B000B100C0078
:107F90002E100B00847F0400020000008C7F040080
:107FA000020100005354040000000000B524030047
:107FB00000000000000000006124030000300040C9
:107FC0000000000010001000787F04000020024034
:107FD000248004000200000000C00140348004003E
:107FE0000200000000100240448004000200000073
:107FF00000D0024054800400020000002820160037
:10800000292016002D2016002620160022201700F9
:1080100028101600291016002D1016002610160024
:1080200022101700FC7F04000100000010800400F3
:108030000101000000800400010000001480040021
:108040000101000004800400010000001880040009
:108050000101000008800400020000001C800400F0
:108060000201000000C0014000000000000000000C
:1080700000040000E8030201010100009C4200200E
:10808000040000000000000000000000D87F040091
:108090000010024001000000000000000004000089
:1080A000E803020101010000AC42002004000000CE
:1080B0000000000000000000E47F040000200240F7
:1080C000020000000000000000040000E8030201BC
:1080D00001010000BC42002004000000000000007C
:1080E00000000000CC7F040000D00240030000002C
:1080F0000000000000040000E8030201010100008C
:10810000CC4200200400000000000000000000003D
:10811000F07F0400AB55040065260300C471040021
:1081200007000100004000404881040002000000F8
:108130000F000400060006000E0005000F100400EA
:10814000061006000E100500308104000300000038
:108150003C810400030100000040004000000000DA
:10816000FFFF000000127A00000000FF0000FF0087
:108170000000000000000001010000002481040054
:10818000612A0300E35704000000014000000000E2
:1081900009000000D007000000000000B5580400EE
:1081A0008F580400E52C030095580400135904006F
:1081B000F92F0300DD2E0300D52D0300C52D03008C
:1081C00004000000FF00000000800240E481040081
:1081D00002000000EE000100240000002E1001004B
:1081E00024100000D481040002000000DC8104009F
:1081F000020100000000000000000000000000007C
:10820000000000000000000000000000455A0400CB
:10821000BD320300375A040075300300275A0400AA
:10822000FB5B04006B5A0400935A0400C15A04001B
:10823000CB5A0400055B0400115B0400CB5A040018
:10824000F55A04001D5B04002B5B0400A35B0400D3
:10825000395B04003D5B0400008002400300000025
:1082600000000000C8810400F13403001934030049
:10827000813603000000000058B004000000000038
:1082800000000000B13C0300000000004B6004004F
:10829000C07004003871040040710400A071040033
:1082A000A8710400F5FFFFFF512563FCC2CAB9F3B2
:1082B000849E17A7ADFAE6BCFFFFFFFFFFFFFFFF9D
:1082C00000000000FFFFFFFF96C298D84539A1F4D7
:1082D000A033EB2D817D0377F240A463E5E6BCF883
:1082E00047422CE1F2D1176BF551BF376840B6CB4E
:1082F000CE5E316B5733CE2B169E0F7C4AEBE78E4A
:108300009B7F1AFEE242E34F512563FCC2CAB9F3D8
:10831000849E17A7ADFAE6BCFFFFFFFFFFFFFFFF3C
:1083200000000000FFFFFFFFAAAAAAAAAAAAAAAA01
:10833000AAAAAAAA55555555555555555555555599
:108340000000000055555555FCFFFFFFFFFFFFFFE4
:10835000FFFFFFFF00000000000000000000000021
:1083600001000000FFFFFFFF4B60D2273E3CCE3BE9
:10837000F6B053CCB0061D65BC86987655BDEBB300
:10838000E7933AAAD835C65A522563FCC2CAB9F354
:10839000849E17A7ADFAE6BCFFFFFFFFFFFFFFFFBC
:1083A00000000000FFFFFFFFFB21F93FFB21094018
:1083B0007CD91240FB2119407A6A1F407CD92240A7
:1083C000BBFD2540FB2129403A462C407A6A2F40CC
:1083D0005C4731407CD932409C6B3440BBFD35401A
:1083E000DB8F3740FB2139401BB43A403A463C40D2
:1083F0005AD83D407A6A3F404C7E40405C474140FD
:108400006C1042407CD942408CA243409C6B44405B
:10841000AC344540BBFD4540CBC64640DB8F4740B2
:10842000EB584840FB21494083F9A200444E6E00BE
:10843000FC291500D1572700DD34F50062DBC000B0
:108440003C999500419043006351FE00BBDEAB00B8
:10845000B761C5003A6E2400D24D42004906E000E3
:1084600009EA2E001C92D100EB1DFE0029B11C0070
:10847000E83EA700F535820044BB2E009CE984004D
:10848000B4267000417E5F00D691390053833900D5
:108490009CF439008B5F840028F9BD00F81F3B0075
:1084A000DEFF97000F980500112FEF000A5A8B008E
:1084B0006D1F6D00CF7E360009CB2700464FB700F9
:1084C0009E663F002DEA5F00BA277500E5EBC70006
:1084D0003D7BF100F739070092528A00FB6BEA00FE
:1084E0001FB15F00085D8D00300356007BFC460025
:1084F000F0AB6B0020BCCF0036F49A00E3A91D005E
:108500005E619100081BE60085996500A0145F007C
:108510008D40680080D8FF0027734D0006063100AB
:10852000CA561500C9A873007BE260006B8CC000BE
:10853000020000000300000004000000060000002C
:10854000880A002005000000190000007D000000DE
:10855000000000000000000000000000000000001B
:10856000000000000000000000000000000000000B
:1085700000000000000000000000000000000000FB
:1085800000000000000000000000000000000000EB
:1085900000000000000000000000000000000000DB
:1085A00000000000000000000000000000000000CB
:1085B000FF8FFFFFFF8FFFFFFE8FFFFFFE8FFFFF8D
:1085C000FD8FFFFFFC8FFFFFFC8FFFFF6D75746554
:1085D000785F667265652063616C6C65642077699D
:1085E0007468204E554C4C20706172616D657465E5
:1085F0007200000043616E277420696E69746961BE
:108600006C697A65206D757465782C2077617320AC
:108610004E554C4C0D0A00004661696C20746F2069
:1086200061637175697265206D757465780A000003
:108630004661696C20746F20696E63726561736551
:1086400020504D20636F756E7465720A0000000043
:108650004661696C20746F2064656372656173653F
:1086600020504D20636F756E7465720A0000000023
:108670004661696C20746F2072656C65617365205A
:108680006D757465780A0000436F756C64206E6FB9
:1086900074206C6F636B20706F77657220736176E6
:1086A00065206D75746578004661696C20746F2073
:1086B000756E6C6F636B206D757465780A000000D1
:1086C0006374782063616E6E6F74206265204E550E
:1086D0004C4C00000A637478206973204E554C4C52
:1086E0000A0000000123456789ABCDEFFEDCBA9894
:1086F00076543210F0E1D2C3D89E05C107D57C363E
:1087000017DD703039590EF7310BC0FF111558685D
:10871000A78FF964A44FFABE67E6096A85AE67BB06
:1087200072F36E3C3AF54FA57F520E518C68059B53
:10873000ABD9831F19CDE05B574553545F544F505D
:108740004449522F6D6F64756C65732F68616C2F8F
:108750006E6F726469632F6E7266782F68616C2F1A
:108760006E72665F6770696F2E68006E72665F6713
:1087700070696F5F70696E5F70726573656E745F4C
:10878000636865636B282A705F70696E29004153C6
:1087900053455254494F4E204641494C205B257366
:1087A0005D20402025733A25640A00686F6E636877
:1087B0006F5F65736C325F6C6C755F70616E3137C3
:1087C00038300048656C6C6F20576F726C6420669F
:1087D000726F6D2025730A00693263206572726FB3
:1087E00072200A0064697374616E63653120697375
:1087F0002025750A0064697374616E63652069736E
:108800002025750A00574553545F544F5044495230
:108810002F7A65706879722F696E636C7564652F45
:108820007A65706879722F647269766572732F67E2
:1088300070696F2E6800286366672D3E706F7274D2
:108840005F70696E5F6D61736B20262028677069A9
:108850006F5F706F72745F70696E735F7429283117
:10886000554C203C3C202870696E29292920213D47
:108870002030550009556E737570706F72746564A1
:108880002070696E0A00736F667420726573657478
:10889000206F6E2049494D343233353120636F6D7E
:1088A000706C657465200A0061636320636F6E6697
:1088B0006967757265642070726F7065726C79207B
:1088C0000A00616363206E6F7420636F6E66696770
:1088D00075726564200A00444D502072657365749A
:1088E00020636F6D706C657465200A00444D5020E4
:1088F000646964206E6F74207265736574200A0069
:10890000444D5020454E41424C45442C20616E64FC
:1089100020696E697420636F6D706C6574650A0000
:10892000444D50206E6F7420656E61626C656420EA
:1089300070726F7065726C79200A00667265656688
:10894000616C6C207365742C20616E6420696E69A3
:108950007420636F6D706C6574650A00667265657E
:1089600066616C6C206E6F7420656E61626C65640C
:108970002070726F7065726C79200A0044524F50FB
:108980005F524541445F544852454144004143438E
:108990005F414E474C455F524541445F5448524504
:1089A0004144004272696768746E6573732069732D
:1089B00020257500427574746F6E206461746120A7
:1089C0006973203A20307825780A00627574746FD4
:1089D0006E5F646174615F6D616E616765720028CE
:1089E000666C61677320262028283155203C3C2086
:1089F000323129207C20283155203C3C203232293C
:108A0000207C20283155203C3C20323329207C20FA
:108A1000283155203C3C20323429207C20283155F7
:108A2000203C3C20323529207C20283155203C3CFC
:108A3000203236292929203D3D20300009496E7415
:108A400065727275707420666C61677320617265FF
:108A5000206E6F7420737570706F727465640A0095
:108A600028666C616773202620282831203C3C2032
:108A70003429207C202831203C3C203529292920FC
:108A8000213D20282831203C3C203429207C2028EE
:108A900031203C3C20352929000950756C6C20554B
:108AA0007020616E642050756C6C20446F776E206E
:108AB00073686F756C64206E6F7420626520656EDC
:108AC00061626C65642073696D756C74616E656F4D
:108AD00075736C790A0028666C61677320262028FC
:108AE0003155203C3C203137292920213D203020A0
:108AF0007C7C2028666C6167732026202831203C0E
:108B00003C20312929203D3D203000094F757470EB
:108B10007574206E6565647320746F2062652065CE
:108B20006E61626C656420666F7220274F70656E9F
:108B300020447261696E272C20274F70656E205388
:108B40006F7572636527206D6F646520746F206296
:108B50006520737570706F727465640A0028666CA6
:108B60006167732026202831203C3C2031292920B0
:108B7000213D2030207C7C2028666C616773202694
:108B8000202831203C3C20322929203D3D20300046
:108B900028666C61677320262028283155203C3CCC
:108BA00020313829207C20283155203C3C20313987
:108BB000292929203D3D2030207C7C2028666C61BD
:108BC0006773202620283155203C3C203137292945
:108BD00020213D203000094F7574707574206E653A
:108BE00065647320746F20626520656E61626C65D8
:108BF0006420746F20626520696E697469616C69B4
:108C00007A6564206C6F77206F7220686967680AE4
:108C10000028666C61677320262028283155203C87
:108C20003C20313829207C20283155203C3C203103
:108C30003929292920213D2028283155203C3C2054
:108C4000313829207C20283155203C3C20313929DD
:108C50002900094F75747075742063616E6E6F74AE
:108C600020626520696E697469616C697A65642047
:108C70006C6F7720616E6420686967680A00414400
:108C8000432072656164696E67206661696C656422
:108C90002077697468206572726F722025642E0ACD
:108CA0000020506C756D62322063757272656E744F
:108CB000206F766572206C696D6974200A002050FF
:108CC0006C756D6232202B20506C756D62312063A3
:108CD000757272656E74206F766572206C696D694D
:108CE00074200A00204C6576656C2063757272658D
:108CF0006E74206F766572206C696D6974200A004D
:108D0000204C6576656C202B20706C756D6231206F
:108D100063757272656E74206F766572206C696D12
:108D20006974200A00204C6576656C202B20706CDD
:108D3000756D62322063757272656E74206F766530
:108D400072206C696D6974200A0020416C6C206C83
:108D5000617365722063757272656E74206F7665DB
:108D600072206C696D6974200A0041444320646577
:108D700076696365206E6F7420666F756E640A0095
:108D80005041434B5F4144435F524541445F544827
:108D900052454144004C415345525F435552524560
:108DA0004E545F524541445F54485245414400454A
:108DB00072726F723A20627574746F6E2064657699
:108DC000696365202573206973206E6F7420726556
:108DD0006164790A004572726F722025643A2066D8
:108DE00061696C656420746F20636F6E6669677576
:108DF00072652025732070696E2025640A00457213
:108E0000726F722025643A206661696C6564207413
:108E10006F20636F6E66696775726520696E746531
:108E20007272757074206F6E2025732070696E20C9
:108E300025640A004275666665722073656E74204B
:108E400074687265616420656E7465722E2E2E2EB4
:108E50000A00535049206661696C65640A004B45FD
:108E6000595041445F415454494E595F544852450A
:108E7000414400444C204E564D207365747570205B
:108E80006661696C65640A00444C20436F6D6D73C4
:108E9000207365747570206661696C65640A007082
:108EA000656E64756C756D20696E7465727275702F
:108EB00074207265616479200A0061636366616988
:108EC0006C65642025640A00696E2070656E6475A7
:108ED0006C756D206C6F636B65640A00696E207041
:108EE000656E64756C756D20756E6C6F636B656413
:108EF0000A004552524F520A00444154414C4F47D8
:108F00005F57524954455F544852454144005761A8
:108F1000746368646F6720696E7374616C6C20653C
:108F200072726F720A005761746368646F672073AE
:108F300065747570206572726F720A004750494FF0
:108F40005F3000436F756C64206E6F7420676574CA
:108F5000206770696F206465766963650A00535005
:108F6000495F3100436F756C64206E6F74206765D4
:108F700074202573206465766963650A0045727202
:108F80006F7220726563656976696E6720627574B9
:108F9000746F6E206461746120627974652053502F
:108FA00049206572726F723A2025640A0045727218
:108FB0006F722073656E64696E672053424420416E
:108FC0007574686F72697A6174696F6E2E20535080
:108FD00049206572726F723A2025640A00426F6EF2
:108FE0006420466F756E640A006461746120697361
:108FF0002025782000202575200A005265636569C8
:10900000766564204D6F746F722053746F702063A7
:109010006F6D6D616E64200A00556E61626C652033
:10902000746F20616C6C6F6361746520636F6D6D2C
:10903000616E64206275666665720A00536574200D
:10904000547820706F776572206572723A202564BB
:1090500020726561736F6E203078253032780A0097
:1090600041637475616C20547820506F7765723A53
:109070002025640A005363616E6E696E672066691D
:109080006C74657273204D414E5546204461746185
:109090002063616E6E6F7420626520736574202892
:1090A000657272202564290A0046696C74657273C2
:1090B000204D414E554620446174612063616E6EBF
:1090C0006F74206265207475726E6564206F6E2007
:1090D00028657272202564290A004D616E756661EB
:1090E00063747572657220446174612046696C74A2
:1090F000657220456E61626C65640A005363616E3F
:109100006E696E67207375636365737366756C6CE7
:109110007920737461727465640A007075626C6999
:10912000630072616E646F6D007075626C69632DAF
:1091300069640072616E646F6D2D6964003078251A
:1091400030327800253032583A253032583A2530BE
:1091500032583A253032583A253032583A25303292
:109160005820282573290053656375726974792026
:109170006368616E6765642E0A005363616E2073D5
:109180007461727465642066726F6D2073656375B7
:1091900072697479204661696C6564200A005363C2
:1091A000616E20737461727465642066726F6D20E5
:1091B0007365637572697479204661696C656420B2
:1091C000320A004661696C656420746F20636F6EBB
:1091D0006E65637420746F2E0A007363616E205392
:1091E0007461727465642066726F6D20436F6E6E79
:1091F00065637465640A004E6F20636F6E6E65630D
:1092000074696F6E2068616E646C65202865727287
:10921000202564290A005048592044657669636511
:1092200020666F756E640A0046696C7465722073FF
:10923000746174757320676574206661696C656418
:109240000A00506169722052657175657374200A55
:10925000090043726561746520636F6E6E206661FC
:10926000696C65642028657272202564290A0020D3
:10927000556E697420626F6E646564206E65772038
:10928000706169722072657175657374200A00419E
:1092900075746F2D636F6E6E6563740A00556E6929
:1092A0007420626F6E646564206F6E206175746FE8
:1092B000706169720A00646973636F6E6E656374CE
:1092C00065642E0A005363616E2073746172746565
:1092D000642066726F6D20646973636F6E6E656380
:1092E0007465640A00536572766963652064697306
:1092F000636F7665727920636F6D706C65746564F9
:109300002E0A00426C7565746F6F746820696E690F
:109310007469616C697A65643A0A004D6F746F72A2
:109320002053746F707065640A004572726F72200A
:109330006F63637572656400756172743020696E65
:109340006974206572726F72210A006D6F64756CAA
:109350006520696420696E6974206572726F72217C
:109360000A0070617274206E756D62657220696E9C
:109370006974206572726F72210A00706572736F72
:109380006C697A6174696F6E20696E6974206572A8
:10939000726F72210A00636F64652076657261697D
:1093A0006F6E20696E6974206572726F72210A0097
:1093B000436F6D706C6574656420616363656C6593
:1093C000726F6D657465722063616C69627261743D
:1093D000696F6E200A007265636569766564206254
:1093E000797465206973202563200A0072656365BE
:1093F0006976656420627974652069732025782018
:109400000A0076322E30004D534C32203034415019
:109410005220484F4E43484F5F4C61736572204D58
:109420003120323056484520555320004E413236C7
:1094300035323830004E32363532383000466C61C5
:1094400073682064657669636520257320697320DD
:109450006E6F742072656164790A00556E61626C8A
:109460006520746F20676574207061676520696E80
:10947000666F0A005F5F5F5F5F5F5F5F5F5F5F5F99
:109480005F5F5F5F5F5F5F5F5F5F5F5F5F5F5F5FEC
:109490005F5F5F5F5F5F5F5F5F5F5F5F5F5F5F5FDC
:1094A0005F5F5F5F5F5F5F5F5F5F5F5F5F0A006976
:1094B00064783D256420737A3D2564206F733D25D3
:1094C000640A00466C61736820496E6974206661A5
:1094D000696C65642025640A0072656164696E6761
:1094E0002062797465733D25642072633D25640AAA
:1094F000006E7673206D65746120646174613A203A
:109500007374617274204964783A2025642C63680E
:1095100065636B20776F72643A2025780A0061706A
:10952000702074696D6520303A2025640A004E6F02
:10953000206C6F6720656E74727920666F756E643B
:109540002C20616464696E6720656D707479206C8D
:109550006F672061742069642025642C20256420B5
:1095600062797465730A00446174616C6F6720618D
:1095700072656120696E697420636F6D706C6574CB
:10958000650A006572726F722077726974696E671E
:1095900020746F20666C617368202564200A007750
:1095A00072697465207375636365737366756C0A9D
:1095B00000466C61736820496E6974206661696C4D
:1095C00065640A006E7673206D6574612064617451
:1095D000613A207374617274204964783A2025647A
:1095E0000A004C61736572207265676973746572F5
:1095F000206973203D2025642C2044726F70206404
:10960000657465637420726567206973203D202549
:10961000640A004E6F206C6F6720656E747279204B
:10962000666F756E642C20616464696E6720656D79
:1096300070747920466C617368207661726961622A
:109640006C652061742069642025642C20256420C9
:1096500062797465730A00466C6173682076617282
:109660006962616C65206172656120696E69742050
:10967000636F6D706C6574650A004D41435F4144D2
:1096800044522049532025643A25643A25643A25FA
:10969000643A25643A25640A00726F6C6C5F786FD7
:1096A0006666736574203A2025662C2070697463A1
:1096B000685F6F66667365742025662C0043616C75
:1096C0006962726174696F6E206172656120696E92
:1096D000697420636F6D706C6574650A00777269D8
:1096E0007465207375636365737366756C20666F4C
:1096F00072206C617365722072656769737465723C
:109700000A0000070E091C1B1215383F36312423AE
:109710002A2D574553545F544F504449522F7A6570
:10972000706879722F6C69622F6F732F6E6F746916
:1097300066792E6300574553545F544F5044495245
:109740002F7A65706879722F6C69622F6F732F6F33
:109750006E6F66662E63007374617465203D3D20F4
:10976000305500217379735F736C6973745F69732B
:109770005F656D70747928266D67722D3E636C6924
:10978000656E747329007472616E73697420213D73
:10979000202828766F6964202A2930290073746193
:1097A0007465203D3D202831554C203C3C2028311B
:1097B0002929006D67722D3E72656673203D3D203C
:1097C00030007374617465203D3D202831554C2074
:1097D0003C3C202830292900574553545F544F50B2
:1097E0004449522F7A65706879722F696E636C757F
:1097F00064652F7A65706879722F7370696E6C6F0B
:10980000636B2E68007A5F7370696E5F756E6C6F44
:10981000636B5F76616C6964286C2900094E6F7414
:10982000206D79207370696E6C6F636B2025700AF0
:10983000007A5F7370696E5F6C6F636B5F76616CEB
:109840006964286C290009526563757273697665CD
:10985000207370696E6C6F636B2025700A0057452A
:1098600053545F544F504449522F7A65706879724F
:109870002F6C69622F6F732F686561702E630063B0
:1098800068756E6B5F7573656428682C20632900AA
:1098900009756E65787065637465642068656170CC
:1098A0002073746174652028646F75626C652D6621
:1098B0007265653F2920666F72206D656D6F7279E4
:1098C0002061742025700A006C6566745F6368759A
:1098D0006E6B28682C2072696768745F6368756EA8
:1098E0006B28682C20632929203D3D2063000963F3
:1098F0006F72727570746564206865617020626F44
:10990000756E64732028627566666572206F766571
:1099100072666C6F773F2920666F72206D656D6F80
:1099200072792061742025700A0028616C69676E65
:1099300020262028616C69676E202D20312929207E
:109940003D3D20300009616C69676E206D75737450
:10995000206265206120706F776572206F6620320B
:109960000A006279746573202F203855203C3D2011
:1099700030783766666655000968656170207369DE
:109980007A6520697320746F6F206269670A0062CC
:1099900079746573203E20686561705F666F6F74CF
:1099A00065725F62797465732862797465732900E2
:1099B00009686561702073697A6520697320746F26
:1099C0006F20736D616C6C0A00686561705F737AFB
:1099D000203E206368756E6B737A2873697A656FB1
:1099E0006628737472756374207A5F686561702984
:1099F00029006368756E6B305F73697A65202B2070
:109A00006D696E5F6368756E6B5F73697A652868F0
:109A100029203C3D20686561705F737A00286E697B
:109A20006C29004661696C656420746F2072656200
:109A30006F6F743A207370696E6E696E6720656E21
:109A4000646C6573736C792E2E2E0A004E52465F3D
:109A5000464C4153485F4452565F4E414D45005776
:109A60004553545F544F504449522F7A657068797A
:109A7000722F7375627379732F73657474696E676F
:109A8000732F7372632F73657474696E67732E63BB
:109A9000006368203C3D205F73657474696E677372
:109AA0005F68616E646C65725F7374617469635F33
:109AB0006C6973745F656E640009756E65787065B6
:109AC00063746564206C69737420656E64206C6FC8
:109AD000636174696F6E0A00574553545F544F5069
:109AE0004449522F6E72662F7375627379732F62B9
:109AF0006C7565746F6F74682F676174745F646DE3
:109B00002E63006C656E203C3D2028313238202DBC
:109B10002073697A656F6628737472756374206B3D
:109B20005F6D656D5F626C6F636B5F696429202D8B
:109B30002073697A656F6628737472756374206424
:109B40006174615F6368756E6B5F6974656D202A0F
:109B500029290062745F757569645F636D7028619F
:109B60007474722D3E757569642C20282873747284
:109B70007563742062745F75756964202A292028D2
:109B8000287374727563742062745F757569645F9D
:109B900031365B5D29207B7B202E75756964203D05
:109BA000207B2042545F555549445F545950455FCE
:109BB0003136207D2C202E76616C203D2028307897
:109BC00032383030292C207D7D292929203D3D2027
:109BD00030207C7C2062745F757569645F636D7092
:109BE00028617474722D3E757569642C2028287361
:109BF00074727563742062745F75756964202A29B4
:109C00002028287374727563742062745F75756997
:109C1000645F31365B5D29207B7B202E757569641E
:109C2000203D207B2042545F555549445F54595094
:109C3000455F3136207D2C202E76616C203D20281A
:109C4000307832383031292C207D7D292929203D5A
:109C50003D2030006375725F736572766963655F7E
:109C600076616C20213D202828766F6964202A299E
:109C700030290062745F757569645F636D70286177
:109C80007474722D3E757569642C20282873747263
:109C90007563742062745F75756964202A292028B1
:109CA000287374727563742062745F757569645F7C
:109CB00031365B5D29207B7B202E75756964203DE4
:109CC000207B2042545F555549445F545950455FAD
:109CD0003136207D2C202E76616C203D2028307876
:109CE00032383033292C207D7D292929203D3D2003
:109CF00030006375725F676174745F6368726320BC
:109D0000213D202828766F6964202A2930290009FE
:109D1000556E6B6E6F776E20706172616D20747915
:109D200070652E0A00040811020410637C777BF230
:109D30006B6FC53001672BFED7AB76CA82C97DFA3F
:109D40005947F0ADD4A2AF9CA472C0B7FD9326369C
:109D50003FF7CC34A5E5F171D8311504C723C318FA
:109D600096059A071280E2EB27B27509832C1A1B1D
:109D70006E5AA0523BD6B329E32F8453D100ED2075
:109D8000FCB15B6ACBBE394A4C58CFD0EFAAFB433B
:109D90004D338545F9027F503C9FA851A3408F92D7
:109DA0009D38F5BCB6DA2110FFF3D2CD0C13EC5F71
:109DB000974417C4A77E3D645D197360814FDC2210
:109DC0002A908846EEB814DE5E0BDBE0323A0A4990
:109DD00006245CC2D3AC629195E479E7C8376D8DF7
:109DE000D54EA96C56F4EA657AAE08BA78252E1CD1
:109DF000A6B4C6E8DD741F4BBD8B8A703EB56648BD
:109E000003F60E613557B986C11D9EE1F8981169B8
:109E1000D98E949B1E87E9CE5528DF8CA1890DBF72
:109E2000E6426841992D0FB054BB166D7574657884
:109E30005F696E69742063616C6C65642077697416
:109E400068204E554C4C20706172616D657465726E
:109E500000436F756C64206E6F7420616C6C6F636F
:109E6000617465206D75746578206265666F7265D2
:109E700020696E697469616C697A696E670057451B
:109E800053545F544F504449522F7A657068797229
:109E90002F617263682F61726D2F636F72652F611E
:109EA0006172636833322F6972715F6D616E6167D1
:109EB000652E63007072696F203C3D202828315563
:109EC0004C203C3C2028332929202D203129000911
:109ED000696E76616C6964207072696F72697479F9
:109EE00020256420666F722025642069727121200C
:109EF00076616C756573206D757374206265206C76
:109F0000657373207468616E20256C750A0A0057AA
:109F10004553545F544F504449522F7A65706879C5
:109F2000722F617263682F61726D2F636F72652F7C
:109F3000616172636833322F636F727465785F6D2D
:109F40002F6661756C742E630021282828534342C4
:109F50005F54797065202A292028283078453030D0
:109F60003045303030554C29202B2030783044306B
:109F700030554C2920292D3E434653522026202877
:109F800031554C203C3C20283055202B203455297D
:109F900029290009537461636B696E6720657272C9
:109FA0006F72206E6F74206120737461636B206622
:109FB00061696C0A0A0065736620213D20282876B5
:109FC0006F6964202A293029000945534620636FB0
:109FD000756C64206E6F742062652072657472699E
:109FE00065766564207375636365737366756C6C01
:109FF000792E205368616C6C206E65766572206FD7
:10A00000636375722E0A00094661756C742065736E
:10A0100063616C6174696F6E20776974686F7574C1
:10A020002046535220696E666F0A000948617264C7
:10A030004661756C7420776974686F757420484642
:10A04000535220696E666F205368616C6C206E6598
:10A05000766572206F636375720A00574553545FCB
:10A06000544F504449522F7A65706879722F61724B
:10A0700063682F61726D2F636F72652F6161726308
:10A080006833322F6D70752F61726D5F6D70752E34
:10A09000630009436F6E6669677572696E67202594
:10A0A0007520737461746963204D50552072656723
:10A0B000696F6E73206661696C65640A0A00094302
:10A0C0006F6E6669677572696E67202575206479A1
:10A0D0006E616D6963204D505520726567696F6EC2
:10A0E00073206661696C65640A0A000952657175BE
:10A0F00065737420746F20636F6E6669677572652F
:10A100003A20257520726567696F6E732028737514
:10A1100070706F727465643A202575290A0A0028E8
:10A1200028284D50555F54797065202A2920282809
:10A1300030784530303045303030554C29202B2098
:10A14000307830443930554C2920292D3E5459500F
:10A15000452026202830784646554C203C3C203867
:10A16000552929203E3E203855203D3D2038000904
:10A17000496E76616C6964206E756D626572206FE0
:10A1800066204D505520726567696F6E730A0A002C
:10A19000574553545F544F504449522F7A65706865
:10A1A00079722F6C69622F6C6962632F6E65776CB0
:10A1B00069622F6C6962632D686F6F6B732E630029
:10A1C0002828282873697A655F7429323536292052
:10A1D0003C3C20313029202D2028282875696E74B8
:10A1E0007074725F74292028265F656E64292920A7
:10A1F0002D20307832303030303030302929203E38
:10A200003D203230343800096D656D6F72792073EE
:10A210007061636520617661696C61626C6520665E
:10A220006F72206E65776C69622068656170206965
:10A2300073206C657373207468616E207468652088
:10A240006D696E696D756D20726571756972656491
:10A250002073697A65207370656369666965642037
:10A26000627920434F4E4649475F4E45574C49421D
:10A270005F4C4942435F4D494E5F524551554952EB
:10A2800045445F484541505F53495A450A00657847
:10A2900069740A002A6C6F636B20213D20282876A0
:10A2A0006F6964202A29302900096E6F6E2D72654E
:10A2B00063757273697665206C6F636B20616C6C7B
:10A2C0006F636174696F6E206661696C65640A0012
:10A2D00009726563757273697665206C6F636B20B4
:10A2E000616C6C6F636174696F6E206661696C6527
:10A2F000640A002A20627566666572206F76657250
:10A30000666C6F77206465746563746564202A0ADF
:10A3100000464C4153485F30005352414D5F30007E
:10A3200062742F69640062742F25732F2530327890
:10A330002530327825303278253032782530327821
:10A340002530327825752F25730062742F25732FE1
:10A350002530327825303278253032782530327801
:10A36000253032782530327825750062740002FB82
:10A37000349B5F8000008000100000000000005748
:10A380004553545F544F504449522F7A6570687951
:10A39000722F7375627379732F626C7565746F6F4A
:10A3A00074682F686F73742F6275662E63007479FA
:10A3B0007065203D3D2042545F4255465F455654EE
:10A3C000207C7C2074797065203D3D2042545F42A2
:10A3D00055465F41434C5F494E207C7C2074797028
:10A3E00065203D3D2042545F4255465F49534F5FD3
:10A3F000494E0009496E76616C6964206275666633
:10A400006572207479706520726571756573746505
:10A41000640A00574553545F544F504449522F7AB1
:10A4200065706879722F7375627379732F626C75BA
:10A4300065746F6F74682F686F73742F6863695FDA
:10A44000636F72652E63006275662D3E6C656E20CB
:10A450003E3D2073697A656F66282A686472290018
:10A4600062745F6863695F6576745F6765745F6671
:10A470006C616773286864722D3E657674292026A6
:10A48000202831554C203C3C202831292900627578
:10A490006600657272203D3D203000096B5F736578
:10A4A0006D5F74616B65206661696C6564207769B6
:10A4B0007468206572722025640A006576745F6690
:10A4C0006C6167732026202831554C203C3C2028A5
:10A4D0003029290042542054580042542052580038
:10A4E0005A657068797200010204000909090901BE
:10A4F00002090909090909090909090907090909D5
:10A5000009090609090909090909090909090909BE
:10A5100009090905574553545F544F504449522F78
:10A520007A65706879722F7375627379732F626CB4
:10A530007565746F6F74682F686F73742F736361C0
:10A540006E2E63007265617373656D626C696E6710
:10A550005F616476657274697365722E7374617479
:10A5600065203D3D20465241475F4144565F494E7C
:10A570004143544956450069735F7265706F727448
:10A580005F636F6D706C65746500030502000A03FC
:10A590000502000501050505050404E69D350E4884
:10A5A0000103CCDBFDF4AC1191F4EFB9A5F9E9A7F7
:10A5B000832C5E2CBE97F2D203B0208BD28915D0AB
:10A5C0008E1C742430ED8FC24563765C15525ABFE1
:10A5D0009A32636DEB2A65499C80DC574553545F82
:10A5E000544F504449522F7A65706879722F7375B1
:10A5F000627379732F626C7565746F6F74682F68FE
:10A600006F73742F636F6E6E2E63006362203C3D28
:10A61000205F62745F636F6E6E5F63625F6C69730D
:10A62000745F656E64002A70656E64696E675F6E44
:10A630006F5F6362203E2030007379735F736C69D3
:10A6400073745F69735F656D7074792826636F6ECC
:10A650006E2D3E74785F70656E64696E67290009BF
:10A6600050656E64696E67205458207061636B6535
:10A6700074730A00636F6E6E2D3E70656E64696E52
:10A68000675F6E6F5F6362203D3D2030006F6C64DA
:10A69000203E20300009436F6E6E20726566657241
:10A6A000656E636520636F756E74657220697320D3
:10A6B000300A00696E646578203E3D2030202626F1
:10A6C00020696E646578203C20282873697A655F6C
:10A6D000742920282828696E74292073697A656F87
:10A6E0006628636861725B31202D2032202A202188
:10A6F00028215F5F6275696C74696E5F747970653B
:10A70000735F636F6D70617469626C655F70285F01
:10A710005F747970656F665F5F2861636C5F636FFC
:10A720006E6E73292C205F5F747970656F665F5F52
:10A7300028262861636C5F636F6E6E73295B305DE2
:10A740002929295D29202D203129202B20287369D2
:10A750007A656F662861636C5F636F6E6E73292024
:10A760002F2073697A656F66282861636C5F636F59
:10A770006E6E73295B305D292929290009496E769F
:10A78000616C69642062745F636F6E6E20706F69C4
:10A790006E7465720A00216B5F69735F696E5F6931
:10A7A0007372282900574553545F544F50444952FF
:10A7B0002F7A65706879722F7375627379732F625F
:10A7C0006C7565746F6F74682F686F73742F6C325B
:10A7D0006361702E6300666368616E203C3D205F9C
:10A7E00062745F6C326361705F66697865645F6331
:10A7F00068616E5F6C6973745F656E640057455382
:10A80000545F544F504449522F7A65706879722FC3
:10A810007375627379732F626C7565746F6F74688A
:10A820002F686F73742F6174742E630061746F6D81
:10A8300069635F746573745F626974286174745FBF
:10A840006368616E2D3E666C6167732C20415454C1
:10A850005F434F4E4E4543544544290009415454EB
:10A86000206368616E6E656C206E6F7420636F6E1E
:10A870006E65637465640A006368616E0072657179
:10A880002D3E66756E6300216368616E2D3E7265B4
:10A890007100636F6E6E00574553545F544F5044C0
:10A8A00049522F7A65706879722F73756273797364
:10A8B0002F626C7565746F6F74682F686F73742F77
:10A8C000676174742E6300676174745F7375625F8F
:10A8D00069735F656D70747928737562290073748C
:10A8E000617469635F737663203C3D205F62745FCF
:10A8F000676174745F736572766963655F737461B1
:10A900007469635F6C6973745F656E640062742F51
:10A91000686173680062742F6363630070617261C1
:10A920006D730009696E76616C6964207061726193
:10A930006D65746572730A0A00706172616D732DC2
:10A940003E61747472207C7C20706172616D732D25
:10A950003E75756964002161746F6D69635F74652C
:10A9600073745F6269742873632D3E666C616773EC
:10A970002C2053435F494E4449434154455F504561
:10A980004E44494E47290009496E64696361746504
:10A9900020616C72656164792070656E64696E67B0
:10A9A0000A0009696E76616C696420706172616D7C
:10A9B000657465720A0A0061747472007061726174
:10A9C0006D7320262620706172616D732D3E667551
:10A9D0006E630028706172616D732D3E73746172D5
:10A9E000745F68616E646C652026262070617261F8
:10A9F0006D732D3E656E645F68616E646C652900E1
:10AA000028706172616D732D3E73746172745F683A
:10AA1000616E646C65203C3D20706172616D732DC8
:10AA20003E656E645F68616E646C6529007061727A
:10AA3000616D7320262620706172616D732D3E6EEC
:10AA40006F7469667900706172616D732D3E766115
:10AA50006C756500706172616D732D3E6363635F39
:10AA600068616E646C650062742F63660062742FA7
:10AA7000736300574553545F544F504449522F7AE3
:10AA800065706879722F696E636C7564652F7A657D
:10AA9000706879722F7379732F627974656F72643D
:10AAA00065722E6800282870737263203C207064E1
:10AAB0007374202626202870737263202B206C6507
:10AAC0006E67746829203C3D207064737429207C73
:10AAD0007C202870737263203E207064737420267B
:10AAE00026202870647374202B206C656E67746850
:10AAF00029203C3D207073726329290009536F752A
:10AB000072636520616E642064657374696E61743C
:10AB1000696F6E2062756666657273206D757374F9
:10AB2000206E6F74206F7665726C61700A005745F5
:10AB300053545F544F504449522F7A65706879726C
:10AB40002F7375627379732F626C7565746F6F7490
:10AB5000682F686F73742F736D702E6300094E6FCA
:10AB600020534D50206368616E6E656C20666F7572
:10AB70006E640A00010304010504050906070101CA
:10AB80000606080308020305080A00080005061F58
:10AB90001F2918120000010001000001000102023B
:10ABA0000100020000000000020201000400000198
:10ABB0000001000301000302020100020000000086
:10ABC0000002030100036C888391AAF5A538603761
:10ABD0000BDB5A6083BE62742F6B65797300574537
:10ABE00053545F544F504449522F7A6570687972BC
:10ABF0002F7375627379732F6E65742F6275662E6D
:10AC000063006275662D3E666C616773203D3D2072
:10AC10003055006275662D3E6672616773203D3D5A
:10AC2000202828766F6964202A29302900706F6FE8
:10AC30006C007265715F73697A65203C3D207369B1
:10AC40007A6500090A00667261672D3E6672616767
:10AC500073006275662D3E6C656E203D3D2030555B
:10AC6000006C697374006669666F00706172656E6E
:10AC7000740066726167006275662D3E6C656E20B9
:10AC80003E3D206C656E006E65745F6275665F7335
:10AC9000696D706C655F68656164726F6F6D286265
:10ACA000756629203E3D206C656E006E65745F629E
:10ACB00075665F73696D706C655F7461696C726FE6
:10ACC0006F6D2862756629203E3D206C656E0041DF
:10ACD00044435F3000574553545F544F50444952EA
:10ACE0002F7A65706879722F647269766572732F36
:10ACF000636C6F636B5F636F6E74726F6C2F636CEA
:10AD00006F636B5F636F6E74726F6C5F6E72662ED3
:10AD1000630074797065203C20434C4F434B5F4384
:10AD20004F4E54524F4C5F4E52465F545950455F00
:10AD3000434F554E5400657272203E3D2030004313
:10AD40004C4F434B00574553545F544F5044495266
:10AD50002F7A65706879722F647269766572732FC5
:10AD60006770696F2F6770696F5F7574696C732E98
:10AD7000680063616C6C6261636B00094E6F2063F5
:10AD8000616C6C6261636B210A0063616C6C62616F
:10AD9000636B2D3E68616E646C657200094E6F20B6
:10ADA00063616C6C6261636B2068616E646C657278
:10ADB000210A004750494F5F31004932435F30005C
:10ADC000574553545F544F504449522F6D6F64752B
:10ADD0006C65732F68616C2F6E6F726469632F6E80
:10ADE0007266782F68616C2F6E72665F70776D2E59
:10ADF00068006368616E6E656C203C2034005057BB
:10AE00004D5F330050574D5F320050574D5F31005A
:10AE100050574D5F300057445400554152545F31F4
:10AE200000574553545F544F504449522F7A657030
:10AE30006879722F647269766572732F656E7472A9
:10AE40006F70792F656E74726F70795F6E72663590
:10AE50002E630026656E74726F70795F6E72663550
:10AE60005F64617461203D3D206465762D3E6461C0
:10AE7000746100524E4700574553545F544F50443D
:10AE800049522F6E72662F647269766572732F65F0
:10AE90006E74726F70792F656E74726F70795F6304
:10AEA000633378782E630064657620213D2028285E
:10AEB000766F6964202A293029006275666665729A
:10AEC00020213D202828766F6964202A2930290016
:10AED00043525950544F43454C4C00574553545FCF
:10AEE000544F504449522F7A65706879722F696EB9
:10AEF000636C7564652F7A65706879722F64726906
:10AF0000766572732F656E74726F70792E6800614A
:10AF100070692D3E6765745F656E74726F7079201D
:10AF2000213D202828766F6964202A2930290009CC
:10AF300043616C6C6261636B20706F696E746572E3
:10AF40002073686F756C64206E6F74206265204E8C
:10AF5000554C4C0A00574553545F544F5044495286
:10AF60002F6E72662F7375627379732F626C7565BD
:10AF7000746F6F74682F636F6E74726F6C6C657230
:10AF80002F6863695F6472697665722E6300095485
:10AF9000686520656E74726F707920736F75726367
:10AFA000652072657475726E656420616E206572CD
:10AFB000726F7220696E206120626C6F636B696EC4
:10AFC000672063616C6C0A00726574203E3D20301E
:10AFD000000954686520656E74726F707920736F14
:10AFE000757263652072657475726E656420616E3A
:10AFF000206572726F7220696E20746865206C6FB4
:10B0000077207072696F7269747920636F6E7465EE
:10B0100078740A000954686520656E74726F7079DF
:10B0200020736F757263652072657475726E6564E6
:10B0300020616E206572726F7220696E207468657F
:10B040002068696768207072696F7269747920631B
:10B050006F6E746578740A00536F66744465766920
:10B06000636520436F6E74726F6C6C65720042543E
:10B070002043544C522045434448003F49F6D4A352
:10B08000C55F3874C9B3E3D2103F504AFF607BEB11
:10B0900040B7995899B8A6CD3C1ABD574553545F4F
:10B0A000544F504449522F6E72662F7375627379F4
:10B0B000732F6D70736C2F696E69742F6D70736C64
:10B0C0005F696E69742E6300657272636F646520D8
:10B0D0003D3D2030004D50534C20576F726B005750
:10B0E0004553545F544F504449522F6E72662F643B
:10B0F0007269766572732F6D70736C2F636C6F63FA
:10B100006B5F636F6E74726F6C2F6E7266785F63C5
:10B110006C6F636B5F6D70736C2E6300094E6F74A0
:10B1200020737570706F727465640A0057455354CC
:10B130005F544F504449522F6E72662F6472697685
:10B140006572732F6D70736C2F666C6173685F73BB
:10B15000796E632F666C6173685F73796E635F6D80
:10B1600070736C2E630073657373696F6E5F6964CF
:10B17000203D3D205F636F6E746578742E73657338
:10B1800073696F6E5F696400726574203D3D2030A5
:10B1900000096D70736C5F74696D65736C6F745FBB
:10B1A00072657175657374206661696C65643A20B7
:10B1B00025640A0009756E6578706563746564209E
:10B1C0007369676E616C3A2025750A006B5F736561
:10B1D0006D5F636F756E745F67657428265F636F5C
:10B1E0006E746578742E74696D656F75745F7365C0
:10B1F0006D29203D3D2030000000000000010100CD
:10B2000000000000574553545F544F504449522F9B
:10B210006D6F64756C65732F68616C2F6E6F7264EF
:10B2200069632F6E7266782F647269766572732F08
:10B230007372632F6E7266785F6770696F74652EC4
:10B24000630074726967676572203C3D204E524608
:10B25000585F4750494F54455F54524947474552FC
:10B260005F544F47474C4500657272203D3D204E6C
:10B270005246585F5355434345535300705F6368CC
:10B28000616E6E656C0070696E5F6861735F747289
:10B2900069676765722870696E2900696E745F65F9
:10B2A0006E61626C6500574553545F544F5044497A
:10B2B000522F6D6F64756C65732F68616C2F6E6FA4
:10B2C000726469632F6E7266782F64726976657234
:10B2D000732F7372632F6E7266785F6E766D632E56
:10B2E000630062797465735F636F756E74203C3DB3
:10B2F000202834202D20627974655F736869667434
:10B30000290069735F76616C69645F61646472656A
:10B31000737328616464722C2030290069735F762E
:10B32000616C69645F6164647265737328616464ED
:10B33000722C203129006E7266785F69735F776FB7
:10B3400072645F616C69676E65642828766F6964F2
:10B3500020636F6E7374202A296164647229005718
:10B360004553545F544F504449522F6D6F64756C70
:10B3700065732F68616C2F6E6F726469632F6E72D4
:10B3800066782F647269766572732F7372632F6E9D
:10B390007266785F706F7765722E6300705F636F9F
:10B3A0006E66696700705F636F6E66696720213D36
:10B3B000202828766F6964202A293029006D5F7063
:10B3C0006F667761726E5F68616E646C6572202172
:10B3D0003D202828766F6964202A293029006D5F76
:10B3E000736C6565706576745F68616E646C6572B8
:10B3F00020213D202828766F6964202A29302900E1
:10B400006D5F7573626576745F68616E646C65729A
:10B4100020213D202828766F6964202A29302900C0
:10B42000705F73657120213D202828766F69642044
:10B430002A29302900705F76616C75657320213D83
:10B44000202828766F6964202A293029006C656ECF
:10B4500067746820213D2030006C656E6774682039
:10B460003C3D2028307837464646554C203C3C2011
:10B470002830554C29290072656672657368203C36
:10B480003D20283078464646464646554C203C3CB2
:10B49000202830554C292900656E645F64656C6115
:10B4A00079203C3D20283078464646464646554C55
:10B4B000203C3C202830554C292900574553545FE7
:10B4C000544F504449522F6D6F64756C65732F68EB
:10B4D000616C2F6E6F726469632F6E7266782F6471
:10B4E0007269766572732F7372632F6E7266785FFE
:10B4F00070776D2E6300746F705F76616C75652078
:10B500003C3D2028307837464646554C203C3C2070
:10B510002830554C292900705F63622D3E73746199
:10B52000746520213D204E5246585F4452565F5369
:10B53000544154455F554E494E495449414C495A2E
:10B54000454400706C61796261636B5F636F756E17
:10B5500074203E2030006E7266785F69735F696E9A
:10B560005F72616D28705F73657175656E63652DBF
:10B570003E76616C7565732E705F72617729006D20
:10B580005F63625B705F696E7374616E63652D3EAD
:10B590006472765F696E73745F6964785D2E73742C
:10B5A00061746520213D204E5246585F4452565FDB
:10B5B00053544154455F554E494E495449414C49B5
:10B5C0005A454400574553545F544F504449522FF5
:10B5D0006D6F64756C65732F68616C2F6E6F72642C
:10B5E00069632F6E7266782F647269766572732F45
:10B5F0007372632F6E7266785F7370696D2E63006D
:10B60000705F786665725F646573632D3E705F740A
:10B61000785F62756666657220213D202828766F06
:10B620006964202A293029207C7C20705F78666537
:10B63000725F646573632D3E74785F6C656E6774CA
:10B6400068203D3D203000705F786665725F6465FC
:10B6500073632D3E705F72785F62756666657220F7
:10B66000213D202828766F6964202A293029207CF2
:10B670007C20705F786665725F646573632D3E72CF
:10B68000785F6C656E677468203D3D20300028301F
:10B69000207C7C20282828705F696E7374616E633B
:10B6A000652D3E6472765F696E73745F6964782994
:10B6B000203D3D204E5246585F5350494D315F4921
:10B6C0004E53545F494458292026262028282870A4
:10B6D0005F786665725F646573632D3E72785F6C38
:10B6E000656E67746829203C20283155203C3C2039
:10B6F00031362929202626202828705F7866657231
:10B700005F646573632D3E74785F6C656E67746803
:10B7100029203C20283155203C3C2031362929293C
:10B7200029207C7C2030207C7C2030207C7C2030B8
:10B7300029002128666C6167732026202831554C2A
:10B74000203C3C20332929207C7C2028705F6362C8
:10B750002D3E73735F70696E203D3D203078464604
:10B760002900705F63622D3E68616E646C657200D3
:10B77000574553545F544F504449522F6D6F647571
:10B780006C65732F68616C2F6E6F726469632F6EC6
:10B790007266782F647269766572732F7372632F85
:10B7A0006E7266785F7477696D2E6300705F636296
:10B7B0002D3E7374617465203D3D204E5246585FA6
:10B7C0004452565F53544154455F494E4954494190
:10B7D0004C495A45440028282828705F696E7374C4
:10B7E000616E63652D3E6472765F696E73745F6926
:10B7F000647829203D3D204E5246585F5457494DAC
:10B80000305F494E53545F4944582920262620284A
:10B810002828705F786665725F646573632D3E707B
:10B8200072696D6172795F6C656E67746829203C1E
:10B8300020283155203C3C2031362929202626203D
:10B840002828705F786665725F646573632D3E7348
:10B8500065636F6E646172795F6C656E6774682989
:10B86000203C20283155203C3C20313629292929EB
:10B87000207C7C2030207C7C2030207C7C20302967
:10B8800000212828705F63622D3E68616E646C65DC
:10B8900072203D3D202828766F6964202A293029AE
:10B8A000292026262028705F786665725F6465739C
:10B8B000632D3E74797065203D3D204E5246585FA1
:10B8C0005457494D5F584645525F5458525829299C
:10B8D00000212828705F63622D3E68616E646C658C
:10B8E00072203D3D202828766F6964202A2930295E
:10B8F000292026262028705F786665725F6465734C
:10B90000632D3E74797065203D3D204E5246585F50
:10B910005457494D5F584645525F54585458292949
:10B92000002128666C6167732026202831554C2041
:10B930003C3C20342929002128666C61677320264D
:10B94000202831554C203C3C2033292900212866F1
:10B950006C6167732026202831554C203C3C2032F6
:10B96000292900574553545F544F504449522F6D75
:10B970006F64756C65732F68616C2F6E6F7264698C
:10B98000632F6E7266782F647269766572732F7397
:10B9900072632F6E7266785F7764742E63007469C9
:10B9A000636B73203C3D203078666666666666662B
:10B9B00066554C00705F63622D3E616C6C6F635F17
:10B9C000696E64657820213D203000705F63686196
:10B9D0006E6E656C5F6964006D5F63625B705F696A
:10B9E0006E7374616E63652D3E6472765F696E730B
:10B9F000745F6964785D2E7374617465203D3D20C9
:10BA00004E5246585F4452565F53544154455F501E
:10BA10004F57455245445F4F4E005465726D696EF5
:10BA2000616C0052545400534547474552005745F6
:10BA300053545F544F504449522F7A65706879725D
:10BA40002F6B65726E656C2F666174616C2E63007E
:10BA5000726561736F6E20213D204B5F4552525FCE
:10BA60004B45524E454C5F50414E4943000941748D
:10BA700074656D7074656420746F207265636F7691
:10BA800065722066726F6D2061206B65726E656CE9
:10BA90002070616E696320636F6E646974696F6E94
:10BAA0000A006D61696E00574553545F544F50440E
:10BAB00049522F7A65706879722F6B65726E656C6A
:10BAC0002F6B686561702E630068203C3D205F6BC2
:10BAD0005F686561705F6C6973745F656E64002197
:10BAE000617263685F69735F696E5F697372282949
:10BAF000207C7C20282874696D656F7574292E74EC
:10BB000069636B73203D3D202828286B5F74696D45
:10BB1000656F75745F7429207B307D29292E7469C7
:10BB2000636B732900574553545F544F5044495237
:10BB30002F7A65706879722F6B65726E656C2F6DE8
:10BB4000656D5F736C61622E6300736C6162203C93
:10BB50003D205F6B5F6D656D5F736C61625F6C69EB
:10BB600073745F656E6400574553545F544F50447F
:10BB700049522F7A65706879722F6B65726E656CA9
:10BB80002F7468726561642E6300282828287072FB
:10BB9000696F2929203D3D203135202626207A5FF6
:10BBA00069735F69646C655F7468726561645F6521
:10BBB0006E7472792828656E747279292929207C1F
:10BBC0007C202828283135202D203129203E3D2079
:10BBD00028282D3136292929202626202828707248
:10BBE000696F2929203E3D2028282D31362929201A
:10BBF00026262028287072696F2929203C3D20289C
:10BC00003135202D20312929290009696E76616C92
:10BC10006964207072696F726974792028256429BB
:10BC20003B20616C6C6F7765642072616E67653A6A
:10BC300020256420746F2025640A002161726368E6
:10BC40005F69735F696E5F697372282900095468C0
:10BC50007265616473206D6179206E6F7420626516
:10BC6000206372656174656420696E204953527364
:10BC70000A007468726561645F64617461203C3DB0
:10BC8000205F5F7374617469635F74687265616477
:10BC90005F646174615F6C6973745F656E640057A3
:10BCA0004553545F544F504449522F7A6570687918
:10BCB000722F6B65726E656C2F69646C652E630004
:10BCC0005F6B65726E656C2E637075735B305D2E95
:10BCD00063757272656E742D3E626173652E70724B
:10BCE000696F203E3D203000574553545F544F50FC
:10BCF0004449522F7A65706879722F6B65726E6550
:10BD00006C2F6D757465782E6300096D7574657898
:10BD100065732063616E6E6F742062652075736554
:10BD20006420696E7369646520495352730A006D1B
:10BD3000757465782D3E6C6F636B5F636F756E74A1
:10BD4000203E20305500574553545F544F504449CE
:10BD5000522F7A65706879722F6B65726E656C2FE1
:10BD6000696E636C7564652F6B73636865642E68B8
:10BD7000005F6B65726E656C2E637075735B305D12
:10BD80002E63757272656E742D3E626173652E73DB
:10BD9000636865645F6C6F636B656420213D20316F
:10BDA0005500574553545F544F504449522F7A65BC
:10BDB000706879722F6B65726E656C2F73656D2E6E
:10BDC00063002828617263685F69735F696E5F69E9
:10BDD00073722829203D3D203029207C7C20282892
:10BDE00074696D656F7574292E7469636B73203D7A
:10BDF0003D202828286B5F74696D656F75745F74CA
:10BE000029207B307D29292E7469636B73292900D1
:10BE1000737973776F726B7100574553545F544F4A
:10BE2000504449522F7A65706879722F6B65726E33
:10BE3000656C2F776F726B2E6300776F726B2D3E80
:10BE4000717565756520213D202828766F6964200D
:10BE50002A2930290021666C61675F746573742834
:10BE600026776F726B2D3E666C6167732C204B5F7B
:10BE7000574F524B5F44454C415941424C455F42FC
:10BE80004954290073796E6320213D202828766F5C
:10BE90006964202A293029007175657565007374FD
:10BEA00061636B0021666C61675F7465737428263B
:10BEB00071756575652D3E666C6167732C204B5FEF
:10BEC000574F524B5F51554555455F53544152545E
:10BED00045445F424954290064776F726B20213DCD
:10BEE000202828766F6964202A2930290057455375
:10BEF000545F544F504449522F7A65706879722FBD
:10BF00006B65726E656C2F73636865642E630021C8
:10BF10007A5F69735F69646C655F74687265616498
:10BF20005F6F626A65637428746872656164290072
:10BF30007468726561642D3E626173652E70656E12
:10BF40006465645F6F6E005F6B65726E656C2E6317
:10BF50007075735B305D2E63757272656E7420212F
:10BF60003D202828766F6964202A293029005F6BDC
:10BF700065726E656C2E637075735B305D2E6375D4
:10BF80007272656E742D3E626173652E73636865AF
:10BF9000645F6C6F636B656420213D203055002128
:10BFA0007A5F69735F7468726561645F73746174EA
:10BFB000655F736574285F6B65726E656C2E637068
:10BFC00075735B305D2E63757272656E742C2028FC
:10BFD0002831554C203C3C202834292929290009A6
:10BFE00061626F72746564205F63757272656E74EE
:10BFF000206261636B2066726F6D20646561640A04
:10C0000000574553545F544F504449522F7A65703E
:10C010006879722F6B65726E656C2F74696D656FD0
:10C0200075742E6300217379735F646E6F64655F4E
:10C0300069735F6C696E6B65642826746F2D3E6E44
:10C040006F64652900574553545F544F504449521B
:10C050002F7A65706879722F6B65726E656C2F70C0
:10C060006F6C6C2E630009696E76616C6964206583
:10C0700076656E742074797065202830782578296B
:10C080000A0A006576656E742D3E73656D20213D4C
:10C09000202828766F6964202A2930290009696ED2
:10C0A00076616C69642073656D6170686F72650A92
:10C0B0000A006576656E742D3E7175657565202183
:10C0C0003D202828766F6964202A293029000969D3
:10C0D0006E76616C69642071756575650A0A006524
:10C0E00076656E742D3E7369676E616C20213D200C
:10C0F0002828766F6964202A2930290009696E761C
:10C10000616C696420706F6C6C207369676E616C20
:10C110000A0A006576656E742D3E6D736771202185
:10C120003D202828766F6964202A29302900096972
:10C130006E76616C6964206D6573736167652071EB
:10C14000756575650A0A0009696E76616C69642017
:10C150006576656E7420747970650A0A006D6F6487
:10C1600065203D3D204B5F504F4C4C5F4D4F44454B
:10C170005F4E4F544946595F4F4E4C5900096F6E00
:10C180006C79204E4F544946595F4F4E4C59206DA3
:10C190006F646520697320737570706F7274656465
:10C1A0000A0A0074797065203C20282831554C20FB
:10C1B0003C3C20285F504F4C4C5F4E554D5F5459CE
:10C1C0005045532929290009696E76616C696420FC
:10C1D000747970650A0A006F626A20213D20282860
:10C1E000766F6964202A29302900096D75737420DF
:10C1F00070726F7669646520616E206F626A656334
:10C20000740A0A006576656E747320213D20282823
:10C21000766F6964202A29302900094E554C4C203C
:10C220006576656E74730A0A006E756D5F65766576
:10C230006E7473203E3D203000093C3020657665E9
:10C240006E74730A0A00574553545F544F50444963
:10C25000522F7A65706879722F6B65726E656C2FDC
:10C260006D656D706F6F6C2E6300616C69676E2019
:10C270003D3D2030207C7C20282875696E747074C8
:10C28000725F74296D656D20262028616C69676E68
:10C29000202D20312929203D3D203000096D697372
:10C2A000616C69676E6564206D656D6F7279206180
:10C2B000742025702028616C69676E203D20257AE6
:10C2C00075290A00616C69676E202F2073697A6591
:10C2D0006F6628766F6964202A29203E3D20312030
:10C2E00026262028616C69676E20252073697A658F
:10C2F0006F6628766F6964202A2929203D3D203009
:10C300000009616C69676E206D7573742062652029
:10C3100061206D756C7469706C65206F662073693F
:10C320007A656F6628766F6964202A290A000020E2
:10C3300020202020202020202828282828202020D5
:10C340002020202020202020202020202020208885
:10C3500010101010101010101010101010101004E9
:10C360000404040404040404041010101010101039
:10C37000414141414141010101010101010101012D
:10C380000101010101010101010110101010101043
:10C3900042424242424202020202020202020202FD
:10C3A0000202020202020202020210101010200019
:10C3B000000000000000000000000000000000007D
:10C3C000000000000000000000000000000000006D
:10C3D000000000000000000000000000000000005D
:10C3E000000000000000000000000000000000004D
:10C3F000000000000000000000000000000000003D
:10C40000000000000000000000000000000000002C
:10C41000000000000000000000000000000000001C
:10C4200000000000000000000000000000000049C3
:10C430004E4600696E66004E414E006E616E0030E1
:10C44000313233343536373839414243444546007A
:10C45000303132333435363738396162636465667A
:10C4600000496E66696E697479004E614E005245EE
:10C47000454E54206D616C6C6F632073756363650A
:10C4800065646564002F5F5F772F5F74656D702F43
:10C49000776F726B73706163652F6275696C642F5F
:10C4A0002E6275696C642F484F53542D7838365F6F
:10C4B00036342D7736342D6D696E677733322F61C0
:10C4C000726D2D7A65706879722D656162692F735E
:10C4D00072632F6E65776C69622D6E616E6F2F6E61
:10C4E00065776C69622F6C6962632F7374646C6921
:10C4F000622F64746F612E630042616C6C6F632005
:10C50000737563636565646564002F5F5F772F5F94
:10C5100074656D702F776F726B73706163652F62D6
:10C5200075696C642F2E6275696C642F484F535483
:10C530002D7838365F36342D7736342D6D696E6739
:10C540007733322F61726D2D7A65706879722D653F
:10C550006162692F7372632F6E65776C69622D6EED
:10C56000616E6F2F6E65776C69622F6C6962632FE5
:10C570007374646C69622F6D707265632E63002C36
:10C580002066756E6374696F6E3A2000617373651F
:10C590007274696F6E2022257322206661696C6552
:10C5A000643A2066696C6520222573222C206C6910
:10C5B0006E65202564257325730A00504F53495832
:10C5C000002E00232D302B2000686C4C0065666720
:04C5D0004546470095
:10C5D400DD5000000000000000000000000000002A
:10C5E4000000000000000000000000000000000047
:10C5F4000000000000000000000000000000000037
:10C604000000000000000000000000000000000026
:10C614000000000000000000000000000000000016
:10C624000000000000000000000000000000000006
:10C6340000000000000000000000000000000000F6
:10C644000000000000000000184C00000000000082
:10C65400000000000000000000000000FFFFFFFFDA
:10C66400FF1F0000000000001F0000000000000089
:10C6740000000000000000000000000000000000B6
:10C6840000000000000000000000000000000000A6
:10C6940000000000FF000000000000000000000097
:10C6A4000000000000000000000000000000000086
:10C6B4000000000000000000000000000000000076
:10C6C4000000000000000000000000000000000066
:10C6D4000000000000000000000000000000000056
:10C6E4000000000000000000000000000000000046
:10C6F4000000000000000000000000000000000036
:10C704000000000000000000000000000000000025
:10C714000000000001000000000000000000000014
:10C724000000000000000000000000000000000005
:10C7340000000000000000000000000000000000F5
:10C7440000000000000000000000000000000000E5
:10C7540000000000000000000000000000000000D5
:10C7640000000000000000000000000000000000C5
:10C7740000000000000000000000000000000000B5
:10C7840000000000000000000000000000000000A5
:10C794000000000000000000000000000000000095
:10C7A4000000000000000000000000000000000085
:10C7B4000000000000000000000000000000000075
:10C7C4000000000000000000000000000000000065
:10C7D4000000000000000000000000000000000055
:10C7E4000000000000000000000000000000000045
:10C7F4000000000000000000000000000000000035
:10C804000000000000000000000000000000000024
:10C814000000000000000000000000000000000014
:10C824000000000000000000000000000000000004
:10C8340000000000000000000000000000000000F4
:10C844007F000000E01D0020000000000000000048
:10C8540000000000000000000000000000000000D4
:10C8640000000000000000000000000000000000C4
:10C8740000000000000000000000000000000000B4
:10C8840000000000000000000000000000000000A4
:10C894000000000000000000000000000000000094
:10C8A4000000000000000000000000000000000084
:10C8B4000000000000000000000000000000000074
:10C8C4000000000000000000000000000000000064
:10C8D4000000000000000000000000000000000054
:10C8E4000000000000000000000000000000000044
:10C8F4000000000000000000000000000000000034
:10C904000000000000000000000000000000000023
:10C914000000000000000000000000000000000013
:10C924000000000000000000000000000000000003
:10C9340000000000000000000000000000000000F3
:10C9440000000000000000000000000000000000E3
:10C9540000000000000000000000000000000000D3
:10C9640000000000000000000000000000000000C3
:10C9740000000000A7EE010000000000B5EE010079
:10C9840000000000EBEE01000000000051EF010088
:10C994000000000055EF0100000000008DEF0100D1
:10C9A40000000000717101000000000091EF01001F
:10C9B4000000000000000000000000000000000073
:10C9C40000000000000000000000000000800040A3
:10C9D40000000000000000000C0000000000000047
:10C9E4000000000000000000000000000000000043
:10C9F4000000000000000000000000000000000033
:10CA04000000000000000000000000000000FFFF24
:10CA1400FFFF1F00000000000000000000000000F5
:10CA24000000000000000000000000000000000002
:10CA340000000000000000000000000000000000F2
:10CA440000000000000000000000000000000000E2
:10CA540000000000000000000000000000000000D2
:10CA640000000000000000000000000000000000C2
:10CA740000000000000000000000000000000000B2
:10CA840000000000000000000000000000000000A2
:10CA9400000000000000000000000000E1A9020006
:10CAA4000000000000000000000000000000000082
:10CAB4000000000000000000000000000000000072
:10CAC4000000000000000000000000000000000062
:10CAD4000000000000000000000000000000000052
:10CAE4000000000000000000000000000000000042
:10CAF4000000000000000000000000000000000032
:10CB04003005002030050020010000000100000075
:10CB14004005002040050020000000000000000047
:10CB24000000000000000000000000000000000001
:10CB340060050020600500206805002068050020CD
:10CB440000000000000000000000000000000000E1
:10CB5400000000000000000031AA030000000000F3
:10CB64000000000000000000980500209805002047
:10CB74001F5304000000000000000000000000003B
:10CB84000000000000000000B8050020B8050020E7
:10CB94000000000001000000C8050020C8050020B6
:10CBA400D0050020D0050020000000000100000096
:10CBB400E0050020E0050020000000000000000067
:10CBC4000000000000000000000000000000000061
:10CBD4000000000000000000000000000000000051
:10CBE4000000000000000000000000000000000041
:10CBF400000000000000000090500020020000002F
:10CC04000C00000000000000000000009250002012
:10CC1400040000000C000000B93E020032000000D5
:10CC240000000000102700000000000002000000C7
:10CC340048E80100100100006C060020000000001C
:10CC44000700010000000000FFFFFFFF03000000D9
:10CC54006000600000000000000000000000000010
:10CC64000000000000000000000000007B00040041
:10CC740000000000670004005300040000000000EE
:10CC840000000000955102009954020000000000C9
:10CC94000000000000000000055102000000000038
:10CCA40000000000055502004D0004004F00040080
:10CCB400AC79040000000000010000000C0000003A
:10CCC4006000300000000000000000000294040036
:10CCD40035940400079404002C940400507204005A
:10CCE400D50104000C7A0400E97A02000000000077
:10CCF400530C04000000000001000000FFFFFFFFD0
:10CD0400F988020000000000000000006C130020FD
:10CD1400010000009413002001000000A81300206B
:10CD240001000000E413002001000000C915040004
:10CD3400C3150400000000000D9B02000000000069
:10CD440000000000000000000000000000000000DF
:10CD54000004000054050020000000000000000052
:10CD640000000000000000000000000000000000BF
:10CD740000000000000000000000000000000000AF
:10CD8400000000000000000000000000000000009F
:10CD94000000000000000000D19E0200000000001E
:10CDA400000000002E5200200000E5002E5200205A
:10CDB400E0070020E0070020000000000000000061
:10CDC400C9D10200B5DB0200CD3004000000000030
:10CDD40001D40200C32E0400FD2D040045CF02003F
:10CDE40000000000EE0C002000000200020D0020F4
:10CDF40000002000160D002000000A00220D002073
:10CE0400000002002A0D002000000200360D002060
:10CE1400000002000000000000000000000000000C
:10CE24000000000015F602000000000000000000F1
:10CE340000000000000000000000000000000000EE
:10CE440000000000000000000000000000000000DE
:10CE54006F37040000000000110B03000000000005
:10CE6400000000000000000000000000E75404007F
:10CE7400A0080020A008002001000000010000001C
:10CE8400B0080020B0080020B8080020B80800202E
:10CE94000000000001000000C8080020C8080020AD
:10CEA40000000000000000000000980100000101E3
:10CEB400000000000000000060530020000000009B
:10CEC40000000000000000006555040000000000A0
:10CED4000000000000000000655504000000000090
:10CEE4000000000000000000655504000000000080
:10CEF4000000000000000000655504000000000070
:10CF040000000000000000004B5704000000000077
:10CF1400000000001C810400010000004C090020F6
:10CF24004C09002000000000010000005C09002002
:10CF34005C0900206409002064090020000000004E
:10CF440001000000740900207409002000000000A2
:10CF540000000000000000000000000000000000CD
:10CF640000000000000000000000000000000000BD
:10CF74003073040000000000000000000000000006
:10CF8400000000000000000000000000000000009D
:10CF9400575D0400000000000000000071530020F1
:10CFA40020000000000000000000000000960000C7
:10CFB40000010300C409002000000000000000007C
:10CFC4000090D003000000000000000000000000FA
:10CFD400000000000000000000000000000000004D
:10CFE400000000000000000000000000000000003D
:10CFF400000000000000000000000000000000002D
:10D00400000000000000000000000000000000001C
:10D01400000000000000000000000000000000000C
:10D0240000000000000000000000000000000000FC
:10D0340000000000FF0000000000000000000000ED
:10D04400FFFF0100740A0020740A00207C0A0020FB
:10D054007C0A0020880A002000000000708504007B
:10D0640090850400508504000000000000000000CA
:10D0740000000000000000000000000000000000AC
:10D08400000000000000000000000000000000009C
:10D09400000000000000000000000000000000008C
:10D0A400000000000000000000000000000000007C
:10D0B4000000000000000000430000000000000029
:10D0C400000000000000000000000000000000005C
:10D0D4000000000000000000430000000000000009
:10D0E400000000000000000000000000000000003C
:10D0F40000000000000000004300000000000000E9
:10D10400000000000000000000000000000000001B
:10D1140000000000000000004300000000000000C8
:10D1240000000000000000000000000000000000FB
:10D1340000000000000000004300000000000000A8
:10D1440000000000000000000000000000000000DB
:10D154000000000000000000430000000000000088
:10D1640000000000000000000000000000000000BB
:10D174000000000000000000430000000000000068
:10D18400000000000000000000000000000000009B
:10D194000000000000000000C96E0400536E04008B
:10D1A400000000002EC30400C1C504005192040015
:10D1B40051920400519204005192040051920400CF
:10D1C40051920400519204005192040051920400BF
:10D1D400FFFFFFFFFFFFFFFFFFFFFFFFFFFF000059
:10D1E40001004153434949000000000000000000D1
:10D1F400000000000000000000000000000000002B
:10D2040000004153434949000000000000000000B1
:10D21400000000000000000000000000000000000A
:10D22400000000000000000059D6030094470020CD
:10D234001100000005D8030071D7030099D703003B
:10D24400D9D70300980C00205C0C0020900C00201F
:10D2540000000000880C0020984700201100000006
:10D264009C47002011000000A0470020110000008E
:10D27400C44A0020780C0020840C00207C0C002080
:10D28400740C0020AC0C002025E6030031E60300FA
:10D294003DE603009600F40102200110080804088A
:10D2A400040200040000000000000004000000006C
:10D2B40000000000002800000018000003280000FF
:10D2C400042A0000042A00000028000001180000BD
:10D2D40003280000052A0000052A00000328000096
:10D2E4000229000003280000292B0000292B00003C
:10D2F400032800002A2B00002A2B0000002A00002B
:10D30400002A000003280000012A0000012AFE0070
:10D31400FE000102030405090900000000000000EA
:06D324000000000001FF03
:02D32A00FFFF03
:10D32C0000000000000000000000000000000000F1
:10D33C0000000000000000000000000000000000E1
:10D34C0000000000000000000000000000000000D1
:0CD35C00000000000000000000000000C5
:10D36800FFFFFFFFFFFFFFFFFFFFFFFFFFFFFFFFC5
:0CD37800FFFFFFFFFFFFFFFFFFFFFFFFB5
:10D3840080230020806800200004000069F7010069
:10D394000000000000000000000000000600000083
:10D3A40000000000FFFFFFFF000000008D89040063
:10D3B4007028002080850020000400004D490200F0
:10D3C4000000000000000000000000000200000057
:10D3D40000000000FFFFFFFF00000000F98E0400C2
:10D3E40048240020006D00200004000031F40100F6
:10D3F4000000000000000000000000000700000022
:10D4040000000000FFFFFFFF000000007C89040013
:10D41400A827002000830020F401000095400200AA
:10D4240000000000000000000000000004000000F4
:10D4340000000000FFFFFFFF000000005E8E0400FC
:10D4440018260020007A0020000400009D39020004
:10D4540000000000000000000000000005000000C3
:10D4640000000000FFFFFFFF00000000958D040096
:10D47400E0260020807E002000040000C1F90100A5
:10D484000000000000000000000000000500000093
:10D4940000000000FFFFFFFF00000000808D04007B
:10D4A4005025002080710020000800002137020070
:10D4B4000000000000000000000000000200000066
:10D4C400000000000000000000000000CB89040000
:10D4D400000000000000000031AA0300000000006A
:10D4E4000000000000000000180F0020180F0020AA
:10D4F400715B02000000000000000000000000005A
:10D504000000000000000000000000000000000017
:10D5140031AA030000000000000000000000000029
:10D52400500F0020500F002005460200A9460200BB
:10D5340000000000000000000000000000000000E7
:10D54400000000000000000031AA030000000000F9
:10D554000000000000000000880F0020880F002059
:10D56400E94E0200E94E0200000000000000000045
:10D5740000000000000000000000000000000000A7
:10D5840031AA0300000000000000000000000000B9
:10D59400C00F0020C00F0020BD5302008F00040004
:10D5A4000000000000000000000000000000000077
:10D5B400000000000000000031AA03000000000089
:10D5C4000000000000000000F80F0020F80F002009
:10D5D400914702000000000000000000000000006D
:10D5E4000000000000000000000000000000000037
:10D5F40031AA030000000000000000000000000049
:10D6040030100020301000207D490200000000008E
:10D614000000000000000000000000000000000006
:10D62400000000000000000031AA03000000000018
:10D6340000000000000000006810002068100020B6
:10D64400154C020000000000000000000000000073
:10D6540000000000000000000000000000000000C6
:10D6640031AA0300000000000000000000000000D8
:10D67400A0100020A0100020DD40020000000000E7
:10D684000000000000000000000000000000000096
:10D69400000000000000000031AA030000000000A8
:10D6A4000000000000000000D8100020D810002066
:10D6B40095000400000000000000000000000000CD
:10D6C4000000000000000000000000000000000056
:10D6D40031AA030000000000000000000000000068
:10D6E4001011002010110020D1450200000000009C
:10D6F4000000000000000000000000000000000026
:10D70400000000000000000031AA03000000000037
:10D714000000000000000000481100204811002013
:10D724009545020000000000000000000000000019
:10D7340000000000000000000000000000000000E5
:10D7440031AA0300000000000000000000000000F7
:10D75400801100208011002045410200394102005F
:10D7640000000000000000000000000000000000B5
:10D77400000000000000000031AA030000000000C7
:10D784000000000000000000B8110020B8110020C3
:10D79400114602000000000000000000000000002C
:10D7A4000000000000000000000000000000000075
:10D7B40031AA030000000000000000000000000087
:10D7C400F0110020F0110020455702000000000075
:10D7D4000000000000000000000000000000000045
:10D7E400000000000000000031AA03000000000057
:10D7F4000000000000000000281200202812002071
:10D804007958020000000000000000000000000041
:10D814000000000000000000000000000000000004
:10D8240031AA030000000000000000000000000016
:10D834006012002060120020655702000000000002
:10D8440000000000000000000000000000000000D4
:10D85400000000000000000031AA030000000000E6
:10D864000000000000000000981200209812002020
:10D87400C158020000000000000000000000000089
:08D8840000000000000000009C
:10D88C00B8120020B81200200000000002000000B6
:10D89C0030000000D0DF002000000000000000007D
:10D8AC00D8120020D8120020000000000200000056
:10D8BC00F8000000A0CB00200000000000000000D9
:10D8CC00F8120020F81200200000000003000000F5
:10D8DC001C00000030E000200000000000000000F0
:10D8EC000000000090CD002000100000000000009F
:08D8FC00000000000000000024
:10D90400301300203013002000000000000000004D
:10D914000E00000044130020441300200000000007
:10D92400000000000E0000005813002058130020CF
:10D9340000000000000000000E0000006C13002036
:10D944006C13002000000000000000000E00000026
:10D95400801300208013002000000000000000005D
:10D964000E00000094130020941300200000000017
:10D97400000000000E000000A8130020A8130020DF
:10D9840000000000000000000E000000BC13002096
:10D99400BC13002000000000000000000E00000086
:10D9A400D0130020D013002000000000000000006D
:10D9B4000E000000E4130020E41300200000000027
:08D9C400000000000E0000004D
:10D9CC00F8130020F81300200000000001000000F4
:10D9DC00081400200814002010140020101400203B
:10D9EC000000000001000000201400202014002082
:10D9FC002814002028140020000000000100000062
:08DA0C0038140020381400203A
:10DA14000000000000000000000000004C14002082
:10DA24004C14002054140020541400200000000062
:10DA340000000000000000006814002068140020AA
:08DA4400701400207014002092
:10DA4C000000000000000000000000008414002012
:10DA5C00841400208C1400208C1400200000000082
:10DA6C00030003000400000000000000F07B040031
:10DA7C0050DF00200000000000000000000000004B
:10DA8C00B8140020B8140020C0140020C0140020CA
:10DA9C00000000000300030008000000000000006C
:10DAAC00D87A0400ACDD002000000000000000006B
:10DABC0000000000EC140020EC140020F4140020F2
:10DACC00F414002000000000020002000800000016
:10DADC0000000000F87B040098DF0020000000002C
:10DAEC000000000000000000201500202015002080
:10DAFC00281500202815002000000000020002005C
:10DB0C000800000000000000807B040018DF0020EB
:10DB1C000000000000000000000000005415002070
:10DB2C00541500205C1500205C150020000000003E
:10DB3C000A000A000800000000000000E07A04005F
:10DB4C0000DE0020000000000000000000000000CB
:10DB5C0088150020881500209015002090150020B5
:10DB6C00000000000100010008000000000000009F
:08DB7C00E87A040090DD0020AE
:0400000320009561E3
:00000001FF
